$date
	Wed May 13 18:10:20 2026
$end
$version
	QuestaSim Version 2023.4
$end
$timescale
	1ns
$end

$scope module ram_tb_top $end
$var reg 1 ! clk $end

$scope task apply_reset $end
$upscope $end

$scope task run_test $end
$upscope $end

$scope module DUT $end
$var wire 1 " clk $end
$var wire 1 # rst $end
$var wire 1 $ we $end
$var wire 1 % waddr [3] $end
$var wire 1 & waddr [2] $end
$var wire 1 ' waddr [1] $end
$var wire 1 ( waddr [0] $end
$var wire 1 ) wdata [7] $end
$var wire 1 * wdata [6] $end
$var wire 1 + wdata [5] $end
$var wire 1 , wdata [4] $end
$var wire 1 - wdata [3] $end
$var wire 1 . wdata [2] $end
$var wire 1 / wdata [1] $end
$var wire 1 0 wdata [0] $end
$var wire 1 1 re $end
$var wire 1 2 raddr [3] $end
$var wire 1 3 raddr [2] $end
$var wire 1 4 raddr [1] $end
$var wire 1 5 raddr [0] $end
$var reg 8 6 rdata [7:0] $end
$var reg 5 7 i [4:0] $end
$upscope $end
$upscope $end

$scope begin ram_pkg $end
$var event 1 8 reset_start_ev $end
$var event 1 9 reset_done_ev $end
$var event 1 : drv_done $end
$var integer 32 ; raise_ctr $end

$scope function raise_objection $end
$upscope $end

$scope function drop_objection $end
$upscope $end
$upscope $end

$scope begin std $end
$upscope $end
$enddefinitions $end
#0
$dumpvars
0!
bx 6
bx 7
18
19
1:
b0 ;
05
04
03
02
01
00
0/
0.
0-
0,
0+
0*
0)
0(
0'
0&
0%
0$
1#
0"
$end
#5
1!
1"
b0 7
b1 7
b10 7
b11 7
b100 7
b101 7
b110 7
b111 7
b1000 7
b1001 7
b1010 7
b1011 7
b1100 7
b1101 7
b1110 7
b1111 7
b10000 7
b0 6
#10
0!
0"
#15
1!
1"
b0 7
b1 7
b10 7
b11 7
b100 7
b101 7
b110 7
b111 7
b1000 7
b1001 7
b1010 7
b1011 7
b1100 7
b1101 7
b1110 7
b1111 7
b10000 7
#20
0!
0"
#25
1!
1"
#30
0!
0"
#35
1!
1"
#40
0!
0"
#45
1!
1"
0#
#50
0!
0"
#55
1!
1"
19
b1 ;
#60
0!
0"
1:
1$
13
10
1/
1.
1-
1+
1(
#65
1!
1"
#70
0!
0"
1:
0$
11
15
14
00
0/
0.
0-
1,
0+
1&
#75
1!
1"
#80
0!
0"
1:
10
1/
1+
1*
1)
#85
1!
1"
#90
0!
0"
1:
1$
01
05
04
03
12
00
1.
0,
0*
1'
#95
1!
1"
#100
0!
0"
1:
11
15
13
0.
1-
1,
0'
0&
#105
1!
1"
#110
0!
0"
1:
01
05
02
0-
1&
1%
#115
1!
1"
#120
0!
0"
1:
0$
15
14
12
0,
0+
1*
0)
1'
0&
#125
1!
1"
#130
0!
0"
1:
1$
05
04
03
1-
1)
1&
0%
#135
1!
1"
#140
0!
0"
1:
14
13
10
0/
1.
0-
1+
0)
0&
#145
1!
1"
#150
0!
0"
1:
0$
11
15
04
03
02
1,
0+
0*
1)
0(
0'
1&
#155
1!
1"
b10111010 6
#160
0!
0"
1:
01
05
13
00
1/
0.
1-
#165
1!
1"
#170
0!
0"
1:
1$
10
0-
1%
11
#175
1!
1"
b0 6
#180
0!
0"
1:
0$
15
12
00
1.
1-
1+
1*
0)
1(
0%
#185
1!
1"
b10110010 6
#190
0!
0"
1:
01
14
03
02
10
0,
0+
0*
1)
0(
1'
#195
1!
1"
#200
0!
0"
1:
1$
05
00
0/
0.
0-
1,
0)
0'
#205
1!
1"
#210
0!
0"
1:
0$
13
12
10
1/
1-
0,
1)
1%
#215
1!
1"
#220
0!
0"
1:
1$
11
03
02
1.
0-
1+
1*
0%
#225
1!
1"
b0 6
#230
0!
0"
1:
0$
04
13
12
00
0/
0.
1-
0+
1(
1'
#235
1!
1"
b10010011 6
#240
0!
0"
1:
1$
01
03
1.
0-
0*
0)
1%
#245
1!
1"
#250
0!
0"
1:
14
13
02
10
1,
1+
1*
0(
0'
0&
#255
1!
1"
#260
0!
0"
1:
03
12
00
0,
1&
0%
#265
1!
1"
#270
0!
0"
1:
15
04
1/
0+
1(
0&
1%
#275
1!
1"
#280
0!
0"
1:
0$
11
05
13
02
0/
0.
1-
1,
1+
0%
#285
1!
1"
b1100100 6
#290
0!
0"
1:
01
14
0*
1)
1'
#295
1!
1"
#300
0!
0"
1:
1$
12
10
1.
0-
0)
0(
0'
1%
#305
1!
1"
#310
0!
0"
1:
11
03
02
1/
1-
1(
1'
1&
0%
#315
1!
1"
b0 6
#320
0!
0"
1:
01
15
0/
0-
0,
1*
0(
0'
0&
1%
#325
1!
1"
#330
0!
0"
1:
0$
11
04
13
12
0.
1-
0*
1)
1'
1&
0%
#335
1!
1"
b10110010 6
#340
0!
0"
1:
01
03
00
1.
1,
0+
1(
0'
0&
#345
1!
1"
#350
0!
0"
1:
05
14
02
0.
0-
1+
1*
0)
1&
1%
#355
1!
1"
#360
0!
0"
1:
1$
13
1/
1-
0,
0*
0(
1'
0&
0%
#365
1!
1"
#370
0!
0"
1:
12
0/
1.
0-
1,
1*
1)
1&
1%
#375
1!
1"
#380
0!
0"
1:
0$
04
02
1/
0,
0*
0)
1(
0&
#385
1!
1"
#390
0!
0"
1:
11
14
10
0/
0.
0+
0(
1&
0%
#395
1!
1"
b0 6
#400
0!
0"
1:
1$
01
04
12
00
1.
1,
1%
#405
1!
1"
#410
0!
0"
1:
0$
11
15
14
1/
0,
1+
1*
0'
#415
1!
1"
b100 6
#420
0!
0"
1:
03
02
0.
0*
1'
#425
1!
1"
b1100101 6
#430
0!
0"
1:
13
0/
1,
1*
1)
0%
#435
1!
1"
b111111 6
#440
0!
0"
1:
03
12
1/
0+
0*
0'
#445
1!
1"
b0 6
#450
0!
0"
1:
01
04
13
10
0,
1+
#455
1!
1"
#460
0!
0"
1:
14
02
1.
1-
0+
0)
1(
1'
#465
1!
1"
#470
0!
0"
1:
1$
11
04
12
0.
0-
1,
1+
1)
0(
#475
1!
1"
b10110010 6
#480
0!
0"
1:
05
02
1.
1*
0)
0&
1%
#485
1!
1"
b1100100 6
#490
0!
0"
1:
01
15
12
00
0,
1)
1(
0'
1&
0%
#495
1!
1"
#500
0!
0"
1:
11
05
14
0/
0.
1-
0*
0)
0(
1'
0&
#505
1!
1"
b10100 6
#510
0!
0"
1:
01
15
1/
0-
0+
0'
#515
1!
1"
#520
0!
0"
1:
0$
03
02
0/
1.
1-
1*
1(
1%
#525
1!
1"
#530
0!
0"
1:
05
13
1'
1&
0%
#535
1!
1"
#540
0!
0"
1:
1$
15
04
0.
1,
1)
0&
#545
1!
1"
#550
0!
0"
1:
0$
11
05
12
10
0-
0,
1&
1%
#555
1!
1"
b10010011 6
#560
0!
0"
1:
01
15
1-
1,
0*
0(
0'
0&
0%
#565
1!
1"
#570
0!
0"
1:
05
14
02
00
1.
0-
1+
1*
1&
#575
1!
1"
#580
0!
0"
1:
15
03
10
0,
0+
0)
1(
1'
0&
#585
1!
1"
#590
0!
0"
1:
1$
04
12
1/
0.
1+
0*
0(
#595
1!
1"
#600
0!
0"
1:
11
05
0/
1.
1*
1(
1&
#605
1!
1"
b1100101 6
#610
0!
0"
1:
0$
01
15
13
1/
1,
0*
1)
0(
0'
0&
1%
#615
1!
1"
#620
0!
0"
1:
1$
0/
0.
0,
1*
1&
0%
11
#625
1!
1"
b10110010 6
#630
0!
0"
1:
05
14
03
1-
1,
0+
0)
1(
#635
1!
1"
b1110111 6
#640
0!
0"
1:
01
13
02
00
1.
0-
0,
1'
0&
#645
1!
1"
#650
0!
0"
1:
15
03
12
1/
0.
1)
0(
0'
1&
1%
#655
1!
1"
#660
0!
0"
1:
0$
04
02
1,
0*
0)
1'
0&
0%
#665
1!
1"
#670
0!
0"
1:
1$
13
12
1.
0,
1*
1)
1(
0'
1&
#675
1!
1"
#680
0!
0"
1:
05
03
02
0/
0.
1+
0*
0(
1'
#685
1!
1"
#690
0!
0"
1:
14
13
12
10
1/
1*
0)
1(
0'
1%
#695
1!
1"
#700
0!
0"
1:
0$
11
15
03
02
0/
1.
1,
0&
#705
1!
1"
b1000100 6
#710
0!
0"
1:
1$
01
13
00
1/
0.
0,
0(
#715
1!
1"
#720
0!
0"
1:
0$
03
10
0/
1,
0+
0*
1)
#725
1!
1"
#730
0!
0"
1:
11
12
1/
1.
1-
1+
1(
1&
#735
1!
1"
b0 6
#740
0!
0"
1:
1$
00
0/
0-
0)
0(
0&
0%
01
#745
1!
1"
#750
0!
0"
1:
1-
0+
1)
1(
1'
11
#755
1!
1"
#760
0!
0"
1:
01
04
1/
0.
0-
0,
1*
0)
0'
1&
1%
#765
1!
1"
#770
0!
0"
1:
0$
05
02
1.
1-
1+
0*
1)
#775
1!
1"
#780
0!
0"
1:
1$
13
12
0/
0-
0+
1*
0(
1'
#785
1!
1"
#790
0!
0"
1:
0$
11
14
02
10
1/
1,
0*
1(
0'
0&
#795
1!
1"
b10100000 6
#800
0!
0"
1:
1$
01
15
1-
0,
0(
0%
#805
1!
1"
#810
0!
0"
1:
04
03
00
1,
1&
1%
#815
1!
1"
#820
0!
0"
1:
14
12
10
0-
0,
1+
0)
#825
1!
1"
#830
0!
0"
1:
05
0/
0.
1,
0+
1*
1)
1(
0&
#835
1!
1"
#840
0!
0"
1:
0$
11
15
13
02
1-
0,
0*
0)
1'
0%
#845
1!
1"
b1100101 6
#850
0!
0"
1:
1$
01
05
04
12
00
1/
1+
1)
0'
1&
1%
#855
1!
1"
#860
0!
0"
1:
0$
15
14
03
10
1.
0-
0+
0)
0(
0&
0%
#865
1!
1"
#870
0!
0"
1:
1$
11
05
04
13
1,
1+
1)
1(
1'
1&
1%
#875
1!
1"
b100111 6
#880
0!
0"
1:
0$
02
00
0/
0.
0,
0+
1*
0)
0&
#885
1!
1"
b11100001 6
#890
0!
0"
1:
1$
01
14
03
12
10
1,
0*
0(
0'
#895
1!
1"
#900
0!
0"
1:
0$
15
1.
1-
1'
0%
#905
1!
1"
#910
0!
0"
1:
11
13
00
1/
0-
0,
1+
1*
0'
1%
#915
1!
1"
b10110111 6
#920
0!
0"
1:
1$
01
05
03
02
0/
0.
1-
1,
0+
1&
#925
1!
1"
#930
0!
0"
1:
0$
04
13
10
1.
1(
#935
1!
1"
#940
0!
0"
1:
1$
15
14
03
12
1+
0*
1)
0(
0&
#945
1!
1"
#950
0!
0"
1:
0$
11
13
00
1/
0.
0,
0%
#955
1!
1"
#960
0!
0"
1:
1$
05
0/
0-
1,
1*
1(
1'
1%
#965
1!
1"
b11000100 6
#970
0!
0"
1:
10
1/
0+
0*
01
#975
1!
1"
#980
0!
0"
1:
11
15
03
02
00
0/
1.
0,
1+
1*
0)
0(
1&
#985
1!
1"
b10011100 6
#990
0!
0"
1:
0$
1,
1(
0%
#995
1!
1"
#1000
0!
0"
1:
01
05
04
10
0.
1-
0,
0+
1)
0(
0&
#1005
1!
1"
#1010
0!
0"
1:
1$
13
12
1/
1.
0-
0*
0)
1&
#1015
1!
1"
#1020
0!
0"
1:
0$
00
0&
#1025
1!
1"
#1030
0!
0"
1:
1$
15
14
03
02
10
0.
1-
1,
1)
0'
#1035
1!
1"
#1040
0!
0"
1:
0$
00
1+
1*
0)
1(
1%
11
#1045
1!
1"
#1050
0!
0"
1:
1$
05
04
0/
0,
0*
1)
1'
0%
#1055
1!
1"
b10011011 6
#1060
0!
0"
1:
01
15
14
13
12
10
1/
0+
0(
#1065
1!
1"
#1070
0!
0"
1:
11
05
00
0-
1,
1+
0)
1(
#1075
1!
1"
b1100100 6
#1080
0!
0"
1:
01
15
03
10
0/
0+
1*
1)
0(
0'
1%
#1085
1!
1"
#1090
0!
0"
1:
05
13
02
00
1/
1.
1(
0%
#1095
1!
1"
#1100
0!
0"
1:
0$
04
10
1-
0,
0*
0)
1'
1%
#1105
1!
1"
#1110
0!
0"
1:
11
14
12
00
0-
1,
1+
1*
1)
0(
#1115
1!
1"
#1120
0!
0"
1:
1$
01
04
03
02
0/
1-
0+
0*
0'
1&
0%
#1125
1!
1"
#1130
0!
0"
1:
11
13
12
10
0,
1*
0)
1(
0&
#1135
1!
1"
b1011000 6
#1140
0!
0"
1:
15
14
1/
0.
1+
0(
1&
1%
#1145
1!
1"
b10110111 6
#1150
0!
0"
1:
0$
04
02
0/
1,
0+
1)
0&
0%
#1155
1!
1"
b11000110 6
#1160
0!
0"
1:
1$
00
1/
1(
1'
1&
01
#1165
1!
1"
#1170
0!
0"
1:
0$
12
1.
0-
1+
0)
0'
0&
#1175
1!
1"
#1180
0!
0"
1:
03
0/
0+
0*
1)
1'
#1185
1!
1"
#1190
0!
0"
1:
1$
11
05
1/
1*
0(
0'
1%
#1195
1!
1"
b11010001 6
#1200
0!
0"
1:
01
14
10
0/
1-
1(
1'
1&
0%
#1205
1!
1"
#1210
0!
0"
1:
15
00
1/
0.
0-
1+
0)
0(
0&
1%
#1215
1!
1"
#1220
0!
0"
1:
05
04
13
02
10
1.
1-
0,
0+
0*
1)
#1225
1!
1"
#1230
0!
0"
1:
15
03
12
0/
0.
1+
1(
0%
#1235
1!
1"
#1240
0!
0"
1:
0$
11
05
14
13
1.
0-
1,
0+
0'
1&
1%
#1245
1!
1"
b1100100 6
#1250
0!
0"
1:
1$
01
03
1/
1-
1*
0(
0&
#1255
1!
1"
#1260
0!
0"
1:
11
13
0/
1+
0*
1(
1'
0%
#1265
1!
1"
#1270
0!
0"
1:
01
04
02
00
0-
0+
0)
0(
1%
#1275
1!
1"
#1280
0!
0"
1:
14
12
10
0.
0,
0%
#1285
1!
1"
#1290
0!
0"
1:
0$
11
15
04
00
1/
1+
1*
1(
1%
#1295
1!
1"
b10101010 6
#1300
0!
0"
1:
01
03
1-
0*
1)
0(
0'
1&
0%
#1305
1!
1"
#1310
0!
0"
1:
11
13
10
0/
1,
1*
0)
0&
1%
#1315
1!
1"
#1320
0!
0"
1:
1$
01
05
03
00
1/
0-
0*
1(
1&
#1325
1!
1"
#1330
0!
0"
1:
0$
11
14
13
02
0/
1-
0,
0+
1*
1)
0(
1'
#1335
1!
1"
b111 6
#1340
0!
0"
1:
1$
1/
1.
0-
1+
0*
0'
0%
01
#1345
1!
1"
#1350
0!
0"
1:
0$
11
04
03
12
10
0.
1,
1*
1'
#1355
1!
1"
b11011111 6
#1360
0!
0"
1:
1$
01
15
14
02
00
0/
1.
0+
0*
0)
0'
1%
#1365
1!
1"
#1370
0!
0"
1:
0$
05
13
10
1/
0.
1-
0,
1(
1'
#1375
1!
1"
#1380
0!
0"
1:
00
1)
0(
0'
0&
0%
11
#1385
1!
1"
b111 6
#1390
0!
0"
1:
1$
01
03
10
1.
0-
1(
1'
1&
#1395
1!
1"
#1400
0!
0"
1:
0$
13
1-
1,
0(
0&
#1405
1!
1"
#1410
0!
0"
1:
15
03
00
0/
0.
0-
0,
1*
0)
0'
1&
#1415
1!
1"
#1420
0!
0"
1:
11
05
13
10
1+
1)
0&
1%
#1425
1!
1"
#1430
0!
0"
1:
00
1.
1(
1'
#1435
1!
1"
#1440
0!
0"
1:
01
15
04
10
1-
0+
0)
0'
1&
#1445
1!
1"
#1450
0!
0"
1:
1$
11
05
14
00
0-
1+
0*
0(
1'
0&
#1455
1!
1"
#1460
0!
0"
1:
04
03
12
10
1-
0+
1)
0'
#1465
1!
1"
b11011111 6
#1470
0!
0"
1:
0$
14
02
0.
1,
0)
1'
0%
#1475
1!
1"
b1 6
#1480
0!
0"
1:
04
13
12
0,
1+
1*
1&
#1485
1!
1"
b10100 6
#1490
0!
0"
1:
15
14
00
1/
0*
1)
0&
1%
#1495
1!
1"
b10110111 6
#1500
0!
0"
1:
1$
01
04
03
02
1,
1*
0'
1&
#1505
1!
1"
#1510
0!
0"
1:
12
0/
0-
0,
0+
#1515
1!
1"
#1520
0!
0"
1:
11
05
14
02
10
1/
1.
1,
1+
0*
0)
0&
0%
#1525
1!
1"
b1 6
#1530
0!
0"
1:
0$
04
12
0/
1-
0,
0+
1)
1(
1&
1%
#1535
1!
1"
b10001101 6
#1540
0!
0"
1:
01
15
14
1/
0.
#1545
1!
1"
#1550
0!
0"
1:
00
1.
1*
0%
#1555
1!
1"
#1560
0!
0"
1:
04
13
02
10
0/
1+
0)
1'
#1565
1!
1"
#1570
0!
0"
1:
1$
03
12
0.
0-
1,
0+
1%
#1575
1!
1"
#1580
0!
0"
1:
02
1.
0,
0*
0'
#1585
1!
1"
#1590
0!
0"
1:
0$
11
14
13
12
1-
1)
0(
0%
#1595
1!
1"
b1010001 6
#1600
0!
0"
1:
01
05
04
02
00
0.
0-
1+
1*
1(
1%
#1605
1!
1"
#1610
0!
0"
1:
11
14
12
10
1/
1.
1-
1,
0+
0*
0(
0&
0%
#1615
1!
1"
b1100100 6
#1620
0!
0"
1:
01
15
0.
1+
1'
#1625
1!
1"
#1630
0!
0"
1:
1$
11
04
0/
1.
0-
0,
0+
1*
0)
0'
1&
1%
#1635
1!
1"
b101 6
#1640
0!
0"
1:
01
05
02
00
1/
0.
1-
1+
0*
1(
1'
0%
#1645
1!
1"
#1650
0!
0"
1:
11
15
14
12
10
0/
1.
0-
0+
1*
1%
#1655
1!
1"
b1010001 6
#1660
0!
0"
1:
0$
01
05
04
03
00
1/
1+
0&
0%
#1665
1!
1"
#1670
0!
0"
1:
11
15
10
0.
0(
#1675
1!
1"
b11010001 6
#1680
0!
0"
1:
0+
0*
1)
1(
1%
01
#1685
1!
1"
#1690
0!
0"
1:
1$
0/
1-
1,
1+
0'
1&
0%
#1695
1!
1"
#1700
0!
0"
1:
0$
11
05
14
1/
0,
0)
1%
#1705
1!
1"
b100100 6
#1710
0!
0"
1:
1$
01
15
13
00
0+
1*
1)
0(
0&
#1715
1!
1"
#1720
0!
0"
1:
03
02
0/
0-
1+
0*
0)
1&
#1725
1!
1"
#1730
0!
0"
1:
0$
05
10
1.
0+
1(
1'
0&
0%
#1735
1!
1"
#1740
0!
0"
1:
11
04
13
00
1-
1*
0'
1%
#1745
1!
1"
b10100110 6
#1750
0!
0"
1:
14
0.
0(
0%
#1755
1!
1"
b111 6
#1760
0!
0"
1:
15
04
03
1/
0-
1,
0*
1)
1(
#1765
1!
1"
b1001101 6
#1770
0!
0"
1:
05
14
10
1-
1*
0(
1'
1&
1%
#1775
1!
1"
b1 6
#1780
0!
0"
1:
1$
01
12
1.
0-
1+
0)
0'
0&
#1785
1!
1"
#1790
0!
0"
1:
0$
11
15
13
02
00
0/
1)
1&
#1795
1!
1"
b101010 6
#1800
0!
0"
1:
01
05
03
12
1/
0.
1-
0,
0+
0*
1'
0&
0%
#1805
1!
1"
#1810
0!
0"
1:
1$
11
13
02
10
0/
1*
0'
#1815
1!
1"
b111 6
#1820
0!
0"
1:
15
04
03
1.
1+
0*
1'
1&
#1825
1!
1"
b1001101 6
#1830
0!
0"
1:
0$
01
13
1/
0+
1*
0)
1(
0&
1%
#1835
1!
1"
#1840
0!
0"
1:
11
05
14
03
12
0-
1,
0*
0'
1&
0%
#1845
1!
1"
b100100 6
#1850
0!
0"
1:
01
15
04
13
02
1+
1)
0(
#1855
1!
1"
#1860
0!
0"
1:
14
0/
1-
0,
1*
1'
0&
#1865
1!
1"
#1870
0!
0"
1:
11
03
00
1/
1,
0+
1&
#1875
1!
1"
b10111101 6
#1880
0!
0"
1:
01
04
12
0/
0.
0-
0,
0)
1(
0'
0&
1%
#1885
1!
1"
#1890
0!
0"
1:
1$
11
05
10
1/
1.
1,
0*
1)
0(
#1895
1!
1"
b1110111 6
#1900
0!
0"
1:
15
00
0/
0.
0,
1*
1(
1&
0%
#1905
1!
1"
b11010001 6
#1910
0!
0"
1:
0$
01
14
0*
0)
0(
1'
#1915
1!
1"
#1920
0!
0"
1:
11
04
10
1/
1.
1,
1+
1%
#1925
1!
1"
#1930
0!
0"
1:
1$
05
14
13
00
1-
0+
1)
1(
0&
0%
#1935
1!
1"
b1100100 6
#1940
0!
0"
1:
0$
01
02
10
0/
0.
0)
0'
1%
#1945
1!
1"
#1950
0!
0"
1:
00
1/
1+
1)
1&
11
#1955
1!
1"
b10101101 6
#1960
0!
0"
1:
01
15
04
03
12
0/
0+
0)
#1965
1!
1"
#1970
0!
0"
1:
11
14
13
0-
0,
1+
1*
1)
0(
0%
#1975
1!
1"
b1000101 6
#1980
0!
0"
1:
05
1/
1.
0)
1(
#1985
1!
1"
b1100100 6
#1990
0!
0"
1:
03
02
10
0.
1-
1,
0+
0*
1%
#1995
1!
1"
b1 6
#2000
0!
0"
1:
1$
01
04
13
1.
0-
1+
1*
1)
#2005
1!
1"
#2010
0!
0"
1:
0$
11
15
14
12
0.
0*
0)
0(
1'
0%
#2015
1!
1"
b1000101 6
#2020
0!
0"
1:
02
00
0,
0+
1*
1)
1%
#2025
1!
1"
b101010 6
#2030
0!
0"
1:
1$
01
05
04
12
10
0/
0)
1(
#2035
1!
1"
#2040
0!
0"
1:
0$
11
14
03
00
1/
1,
0*
0(
0'
#2045
1!
1"
b100100 6
#2050
0!
0"
1:
04
13
1-
0,
1*
1)
0&
0%
#2055
1!
1"
b100000 6
#2060
0!
0"
1:
1$
01
14
03
02
10
1+
0)
1(
#2065
1!
1"
#2070
0!
0"
1:
0$
15
04
00
0/
1.
0-
1,
0+
#2075
1!
1"
#2080
0!
0"
1:
14
13
10
1+
0*
0(
1'
1%
#2085
1!
1"
#2090
0!
0"
1:
1$
05
04
00
1/
1-
0+
0%
#2095
1!
1"
#2100
0!
0"
1:
0$
14
0/
1+
1*
1)
1(
#2105
1!
1"
#2110
0!
0"
1:
1$
15
12
10
1/
0.
0-
0,
0+
0*
0'
1&
#2115
1!
1"
#2120
0!
0"
1:
0$
05
03
02
0/
1-
1,
0&
1%
#2125
1!
1"
#2130
0!
0"
1:
1$
15
04
13
12
00
1/
0,
#2135
1!
1"
#2140
0!
0"
1:
0$
11
03
02
1.
0-
1,
0)
0%
#2145
1!
1"
b1101011 6
#2150
0!
0"
1:
1$
01
14
13
12
10
0/
1-
1+
1)
0(
1'
1&
1%
#2155
1!
1"
#2160
0!
0"
1:
0$
11
04
03
02
0,
1*
1(
0'
0&
#2165
1!
1"
#2170
0!
0"
1:
14
1/
0.
1,
0*
0)
1&
#2175
1!
1"
b10011110 6
#2180
0!
0"
1:
01
12
0/
0-
1*
1)
0(
0&
0%
#2185
1!
1"
#2190
0!
0"
1:
05
04
13
1.
0)
1(
1&
#2195
1!
1"
#2200
0!
0"
1:
1$
11
03
02
1/
1-
0*
0(
0&
#2205
1!
1"
b11001001 6
#2210
0!
0"
1:
0$
01
14
12
0/
1)
#2215
1!
1"
#2220
0!
0"
1:
15
04
00
1/
0-
0,
1*
0)
1%
#2225
1!
1"
#2230
0!
0"
1:
1$
11
14
13
10
1,
0*
1)
1(
#2235
1!
1"
b1000001 6
#2240
0!
0"
1:
0$
05
02
0.
1*
0)
1'
0%
#2245
1!
1"
b10101101 6
#2250
0!
0"
1:
1$
15
04
00
0/
0*
1%
#2255
1!
1"
b10000011 6
#2260
0!
0"
1:
01
14
1.
1-
0+
1*
1)
0(
1&
0%
#2265
1!
1"
#2270
0!
0"
1:
11
05
03
0,
1+
0*
1(
1%
#2275
1!
1"
b11110 6
#2280
0!
0"
1:
01
04
13
12
1/
0-
1,
1*
0)
0'
0&
#2285
1!
1"
#2290
0!
0"
1:
0$
11
15
14
03
02
10
0(
1'
#2295
1!
1"
b10011110 6
#2300
0!
0"
1:
00
0.
0,
0*
01
#2305
1!
1"
#2310
0!
0"
1:
1$
04
12
0/
1-
1,
1(
0%
#2315
1!
1"
#2320
0!
0"
1:
0$
11
05
13
10
0-
0+
0'
#2325
1!
1"
b100000 6
#2330
0!
0"
1:
01
15
14
03
00
1/
1-
0,
1)
1'
1%
#2335
1!
1"
#2340
0!
0"
1:
11
04
13
02
10
0/
0-
1,
1*
1&
#2345
1!
1"
b10000011 6
#2350
0!
0"
1:
1$
03
12
1-
0,
1+
0&
0%
#2355
1!
1"
b1110110 6
#2360
0!
0"
1:
0$
05
02
1/
1.
0-
0*
0)
1%
#2365
1!
1"
b111111 6
#2370
0!
0"
1:
1$
15
12
00
1-
0(
0'
#2375
1!
1"
b1110110 6
#2380
0!
0"
1:
0$
0-
1)
1(
1&
#2385
1!
1"
#2390
0!
0"
1:
01
14
0/
0.
1*
1'
0&
#2395
1!
1"
#2400
0!
0"
1:
05
04
13
02
1-
1,
1&
#2405
1!
1"
#2410
0!
0"
1:
11
12
10
1.
0-
0*
0(
0&
0%
#2415
1!
1"
b100000 6
#2420
0!
0"
1:
01
15
14
00
0.
0,
0+
1*
0'
#2425
1!
1"
#2430
0!
0"
1:
11
05
03
02
10
0)
1(
1%
#2435
1!
1"
b11110 6
#2440
0!
0"
1:
04
13
12
1-
0*
#2445
1!
1"
b100000 6
#2450
0!
0"
1:
15
14
02
00
1.
1+
1*
1)
1'
#2455
1!
1"
b101010 6
#2460
0!
0"
1:
1$
01
05
1,
0*
0)
0'
1&
0%
#2465
1!
1"
#2470
0!
0"
1:
0$
11
15
04
03
0-
0,
0+
1)
1%
#2475
1!
1"
b1101011 6
#2480
0!
0"
1:
01
14
10
1-
1*
1'
0&
#2485
1!
1"
#2490
0!
0"
1:
1$
05
04
13
00
0.
1,
0)
0'
0%
#2495
1!
1"
#2500
0!
0"
1:
12
10
1/
1.
0-
1+
0*
#2505
1!
1"
#2510
0!
0"
1:
0$
03
0.
1)
1'
#2515
1!
1"
#2520
0!
0"
1:
1$
15
14
13
00
0,
1*
0)
0'
1&
#2525
1!
1"
#2530
0!
0"
1:
0$
11
04
02
0/
1-
1,
0*
1)
#2535
1!
1"
b1100010 6
#2540
0!
0"
1:
1/
0,
0+
1*
0)
0(
1'
0&
1%
#2545
1!
1"
#2550
0!
0"
1:
1$
01
14
12
1.
0-
1,
1+
1)
0'
0%
#2555
1!
1"
#2560
0!
0"
1:
0$
05
03
10
0/
1-
0,
1(
1'
1&
#2565
1!
1"
#2570
0!
0"
1:
11
02
0-
0*
0'
0&
1%
#2575
1!
1"
b11110 6
#2580
0!
0"
1:
1$
15
04
12
0+
1*
0)
1&
0%
#2585
1!
1"
b1110110 6
#2590
0!
0"
1:
01
05
1/
1-
1)
0(
1%
#2595
1!
1"
#2600
0!
0"
1:
0$
15
13
00
0/
0*
1(
#2605
1!
1"
#2610
0!
0"
1:
1$
11
05
14
02
10
0.
1,
1+
0)
0(
0&
#2615
1!
1"
b11011100 6
#2620
0!
0"
1:
15
0-
0,
0+
1*
#2625
1!
1"
b101010 6
#2630
0!
0"
1:
0$
01
03
12
1/
1.
1,
1+
0*
1'
1&
#2635
1!
1"
#2640
0!
0"
1:
05
13
0.
0,
0'
#2645
1!
1"
#2650
0!
0"
1:
1$
15
04
00
1-
1*
1)
1(
0&
#2655
1!
1"
#2660
0!
0"
1:
0$
11
05
14
03
10
0-
0+
0)
1&
#2665
1!
1"
b100100 6
#2670
0!
0"
1:
1$
13
02
00
0/
1,
1+
1)
0(
1'
#2675
1!
1"
b11011100 6
#2680
0!
0"
1:
0$
01
15
04
10
1/
0,
0+
0)
0'
0&
0%
#2685
1!
1"
#2690
0!
0"
1:
03
00
0/
1.
1+
0*
1(
1'
1&
1%
#2695
1!
1"
#2700
0!
0"
1:
1$
11
05
10
1/
0.
1-
0&
#2705
1!
1"
b11110110 6
#2710
0!
0"
1:
01
14
13
12
0+
0(
0'
0%
#2715
1!
1"
#2720
0!
0"
1:
15
03
02
00
0-
1,
1(
1'
1%
#2725
1!
1"
#2730
0!
0"
1:
11
05
04
13
12
10
0,
1+
1*
0(
0'
#2735
1!
1"
b11001111 6
#2740
0!
0"
1:
15
03
0/
1.
0+
1&
#2745
1!
1"
b11101010 6
#2750
0!
0"
1:
0$
1,
0&
0%
#2755
1!
1"
#2760
0!
0"
1:
14
00
0,
1+
1)
1(
1&
#2765
1!
1"
b10010 6
#2770
0!
0"
1:
1$
01
05
13
02
10
0.
1,
0+
0(
#2775
1!
1"
#2780
0!
0"
1:
0$
15
04
03
12
00
1-
0,
1+
0*
0)
1'
0&
1%
#2785
1!
1"
#2790
0!
0"
1:
1$
05
14
10
0-
1,
0+
1*
1&
0%
#2795
1!
1"
#2800
0!
0"
1:
11
15
13
00
1/
1.
0*
0&
1%
#2805
1!
1"
b10101100 6
#2810
0!
0"
1:
05
02
10
0.
1-
0,
1+
0'
1&
#2815
1!
1"
b1010001 6
#2820
0!
0"
1:
0$
15
04
0/
1.
0-
1,
0+
1*
1)
1(
0&
#2825
1!
1"
b1000101 6
#2830
0!
0"
1:
03
00
1/
1-
1+
0*
0(
1'
1&
0%
#2835
1!
1"
b110111 6
#2840
0!
0"
1:
1$
01
14
0/
0.
0+
0)
0'
1%
#2845
1!
1"
#2850
0!
0"
1:
0$
11
05
04
13
12
10
1*
1)
1(
#2855
1!
1"
b11000 6
#2860
0!
0"
1:
01
14
03
00
1/
1.
0-
0,
0)
0&
0%
#2865
1!
1"
#2870
0!
0"
1:
11
13
1,
1)
#2875
1!
1"
b11110000 6
#2880
0!
0"
1:
15
02
1-
0)
1'
#2885
1!
1"
b101010 6
#2890
0!
0"
1:
1$
01
12
0/
0-
1+
0'
1&
1%
#2895
1!
1"
#2900
0!
0"
1:
05
03
02
1/
1-
0,
0+
0*
1'
0&
#2905
1!
1"
#2910
0!
0"
1:
11
15
13
0/
0-
1*
1)
1&
#2915
1!
1"
#2920
0!
0"
1:
0$
01
05
04
03
10
1-
0*
0'
#2925
1!
1"
#2930
0!
0"
1:
11
14
1/
1,
0)
1'
0&
0%
#2935
1!
1"
b11110 6
#2940
0!
0"
1:
1$
01
15
0-
0,
1+
1*
0(
1&
1%
#2945
1!
1"
#2950
0!
0"
1:
04
13
00
0/
1,
0+
0'
0&
0%
#2955
1!
1"
#2960
0!
0"
1:
03
10
1/
0.
1+
0*
1)
1(
1'
#2965
1!
1"
#2970
0!
0"
1:
12
0/
0+
0)
0(
0'
1&
1%
#2975
1!
1"
#2980
0!
0"
1:
0$
05
14
02
00
1/
0,
1+
1*
1)
#2985
1!
1"
#2990
0!
0"
1:
11
04
12
10
0/
1,
0*
1'
0&
0%
#2995
1!
1"
b1100011 6
#3000
0!
0"
1:
01
15
02
00
1.
1*
0)
1(
0'
1&
1%
#3005
1!
1"
#3010
0!
0"
1:
11
13
0.
0,
0*
0(
0%
#3015
1!
1"
b1000101 6
#3020
0!
0"
1:
01
03
12
1.
1-
0+
1(
1'
0&
1%
#3025
1!
1"
#3030
0!
0"
1:
1$
11
02
10
1/
0.
1,
1+
0(
0'
#3035
1!
1"
b110111 6
#3040
0!
0"
1:
0$
05
14
13
12
0/
0-
0+
1*
1&
#3045
1!
1"
b1100111 6
#3050
0!
0"
1:
15
04
03
00
1-
0*
1)
1(
1'
#3055
1!
1"
b11101010 6
#3060
0!
0"
1:
13
02
10
1.
1*
0)
0'
0&
0%
#3065
1!
1"
b1000101 6
#3070
0!
0"
1:
1$
03
00
0-
0,
1+
0*
0(
1'
1&
#3075
1!
1"
b110111 6
#3080
0!
0"
1:
01
14
1/
0.
1,
0+
1(
0&
1%
#3085
1!
1"
#3090
0!
0"
1:
1-
1+
11
#3095
1!
1"
b10110011 6
#3100
0!
0"
1:
05
13
10
0-
0+
0(
0'
0%
#3105
1!
1"
b100100 6
#3110
0!
0"
1:
0$
01
04
03
12
0/
1.
1-
0,
1+
1*
1)
1(
1&
1%
#3115
1!
1"
#3120
0!
0"
1:
1$
0.
0-
0+
0*
0)
0(
#3125
1!
1"
#3130
0!
0"
1:
0$
11
14
13
00
1.
1-
1*
1(
1'
0&
0%
#3135
1!
1"
b1100111 6
#3140
0!
0"
1:
1$
15
03
02
10
0-
1)
0(
#3145
1!
1"
b10110011 6
#3150
0!
0"
1:
05
12
0.
1,
1+
1&
1%
#3155
1!
1"
b10110 6
#3160
0!
0"
1:
0$
15
00
0,
0)
1(
0'
0%
#3165
1!
1"
b111010 6
#3170
0!
0"
1:
01
05
04
02
10
0+
1)
0(
1'
1%
#3175
1!
1"
#3180
0!
0"
1:
1$
11
15
1/
1-
1+
0*
0'
0&
0%
#3185
1!
1"
b110111 6
#3190
0!
0"
1:
0$
13
12
0/
0-
1%
#3195
1!
1"
b1110100 6
#3200
0!
0"
1:
1$
01
14
03
02
00
1.
0)
1&
0%
#3205
1!
1"
#3210
0!
0"
1:
0$
11
05
13
0.
1-
1,
1'
1%
#3215
1!
1"
b100100 6
#3220
0!
0"
1:
1$
01
04
03
1.
0-
0,
1(
0'
#3225
1!
1"
#3230
0!
0"
1:
15
14
12
10
0.
1-
1,
0+
1*
1)
1'
0&
0%
#3235
1!
1"
#3240
0!
0"
1:
0$
11
13
00
1/
1.
0-
1+
0)
0'
1&
1%
#3245
1!
1"
b11000100 6
#3250
0!
0"
1:
1$
03
02
0.
1-
0,
0+
0*
1)
0(
0&
0%
#3255
1!
1"
b11011001 6
#3260
0!
0"
1:
0$
01
13
12
10
0/
0-
1,
1+
1*
0)
1'
1%
#3265
1!
1"
#3270
0!
0"
1:
11
03
0+
0*
1&
#3275
1!
1"
b111010 6
#3280
0!
0"
1:
1$
13
00
1/
1.
1-
1)
0'
0&
#3285
1!
1"
b11000100 6
#3290
0!
0"
1:
01
05
10
0/
0.
0,
1(
0%
#3295
1!
1"
#3300
0!
0"
1:
0$
11
15
03
1.
0-
1,
0(
1'
1&
#3305
1!
1"
b111010 6
#3310
0!
0"
1:
01
05
13
00
1*
1%
#3315
1!
1"
#3320
0!
0"
1:
03
10
0.
0,
0*
0)
0%
#3325
1!
1"
#3330
0!
0"
1:
1$
04
13
02
00
1.
1,
1*
1(
0&
1%
#3335
1!
1"
#3340
0!
0"
1:
15
0.
1+
0*
1)
0(
1&
#3345
1!
1"
#3350
0!
0"
1:
0$
11
05
14
12
1.
1-
0,
1*
1(
0&
0%
#3355
1!
1"
b10110000 6
#3360
0!
0"
1:
15
02
0.
0(
0'
1&
#3365
1!
1"
b101010 6
#3370
0!
0"
1:
05
03
1.
0-
1,
1'
0&
#3375
1!
1"
b11000101 6
#3380
0!
0"
1:
1$
01
13
0.
0,
0*
0)
1(
0'
1&
#3385
1!
1"
#3390
0!
0"
1:
0$
04
03
12
1/
1-
1,
0(
1'
1%
#3395
1!
1"
#3400
0!
0"
1:
14
13
02
10
1.
0,
0'
0&
0%
#3405
1!
1"
#3410
0!
0"
1:
1$
11
04
03
12
0/
1,
1'
1&
1%
#3415
1!
1"
b10011110 6
#3420
0!
0"
1:
0$
0-
0+
0'
0%
#3425
1!
1"
#3430
0!
0"
1:
1$
15
14
02
00
0.
1+
1*
1)
#3435
1!
1"
b11011001 6
#3440
0!
0"
1:
01
05
1.
0,
0+
0)
1'
1%
#3445
1!
1"
#3450
0!
0"
1:
0$
11
15
12
1)
0&
#3455
1!
1"
b1010100 6
#3460
0!
0"
1:
1$
05
13
1/
1-
1+
0*
0)
1(
#3465
1!
1"
b1000100 6
#3470
0!
0"
1:
01
03
02
0/
0.
0+
0'
0%
#3475
1!
1"
#3480
0!
0"
1:
04
13
10
1.
1,
0(
1'
1%
#3485
1!
1"
#3490
0!
0"
1:
11
15
14
03
12
00
1/
0.
0,
1*
1)
0%
#3495
1!
1"
b101110 6
#3500
0!
0"
1:
0$
01
05
04
02
0-
1,
0*
0)
1(
#3505
1!
1"
#3510
0!
0"
1:
11
15
13
10
1.
0,
1+
1&
1%
#3515
1!
1"
b100000 6
#3520
0!
0"
1:
01
05
0.
1-
1,
0+
1*
1)
0%
#3525
1!
1"
#3530
0!
0"
1:
1$
14
12
00
1.
0-
0*
0)
0&
1%
#3535
1!
1"
#3540
0!
0"
1:
0$
04
10
0/
1)
0(
0'
#3545
1!
1"
#3550
0!
0"
1:
11
15
03
02
00
1-
0,
1+
1*
1(
1'
1&
#3555
1!
1"
b1000 6
#3560
0!
0"
1:
1,
0+
0)
0&
0%
01
#3565
1!
1"
#3570
0!
0"
1:
1$
11
05
14
10
0-
0,
1+
0*
1)
#3575
1!
1"
b11001010 6
#3580
0!
0"
1:
0$
01
15
04
12
1/
0.
1-
1*
0)
0'
#3585
1!
1"
#3590
0!
0"
1:
14
13
00
0/
0*
0(
1'
1&
#3595
1!
1"
#3600
0!
0"
1:
03
10
1/
1.
0+
1)
1(
0'
0&
1%
#3605
1!
1"
#3610
0!
0"
1:
11
04
02
00
0/
0.
1,
1*
0)
1'
0%
#3615
1!
1"
b1000 6
#3620
0!
0"
1:
1$
05
14
12
10
1/
1+
0*
1)
0'
1&
1%
#3625
1!
1"
b11101 6
#3630
0!
0"
1:
0$
15
04
13
0,
0+
1*
1'
0%
#3635
1!
1"
b10111011 6
#3640
0!
0"
1:
0/
1.
0-
1+
0)
0'
1%
01
#3645
1!
1"
#3650
0!
0"
1:
14
03
0.
1,
0+
1)
0(
0%
#3655
1!
1"
#3660
0!
0"
1:
05
13
02
00
1/
1.
0*
1(
1%
#3665
1!
1"
#3670
0!
0"
1:
1$
04
12
0.
1-
0,
0(
0&
0%
#3675
1!
1"
#3680
0!
0"
1:
0$
11
15
0/
1.
1,
1*
0)
1&
#3685
1!
1"
#3690
0!
0"
1:
1$
02
10
1(
1'
#3695
1!
1"
b100000 6
#3700
0!
0"
1:
05
14
03
12
00
0*
0'
0&
1%
#3705
1!
1"
b11101 6
#3710
0!
0"
1:
0$
15
04
13
10
0.
0-
1+
1*
0(
1'
0%
#3715
1!
1"
b10111011 6
#3720
0!
0"
1:
1$
01
05
03
00
1.
1-
0,
0+
0*
1(
0'
#3725
1!
1"
#3730
0!
0"
1:
15
0.
1,
1+
1*
1%
#3735
1!
1"
#3740
0!
0"
1:
0$
11
02
10
0-
0*
1)
0(
1'
1&
0%
#3745
1!
1"
b1100 6
#3750
0!
0"
1:
00
1-
0,
0+
1(
0'
1%
01
#3755
1!
1"
#3760
0!
0"
1:
11
05
14
10
1/
0-
1,
0(
0&
0%
#3765
1!
1"
b11001010 6
#3770
0!
0"
1:
15
04
12
1.
1-
1*
1'
1&
#3775
1!
1"
b1111000 6
#3780
0!
0"
1:
1$
01
02
00
0.
0-
1+
1(
#3785
1!
1"
#3790
0!
0"
1:
0$
05
13
12
1.
0*
0'
0&
1%
#3795
1!
1"
#3800
0!
0"
1:
1$
11
15
14
02
0.
0+
0)
0(
0%
#3805
1!
1"
b11110010 6
#3810
0!
0"
1:
0$
05
04
12
0/
1-
0,
1*
1(
1'
1%
#3815
1!
1"
b1 6
#3820
0!
0"
1:
1$
01
15
03
02
10
1.
1,
1+
0*
1)
0%
#3825
1!
1"
#3830
0!
0"
1:
14
12
00
0.
0+
0'
#3835
1!
1"
#3840
0!
0"
1:
05
02
1/
0,
1+
1*
0(
1'
1&
1%
#3845
1!
1"
#3850
0!
0"
1:
04
0/
1,
0+
1(
0'
0&
#3855
1!
1"
#3860
0!
0"
1:
0$
11
15
12
1/
1.
0,
0*
0(
1&
0%
#3865
1!
1"
b11011000 6
#3870
0!
0"
1:
1$
01
13
02
10
0.
1,
0)
0&
1%
#3875
1!
1"
#3880
0!
0"
1:
0$
11
03
12
00
0/
1.
0-
0,
1&
#3885
1!
1"
#3890
0!
0"
1:
1$
01
05
14
13
10
1/
1+
1*
1'
0&
0%
#3895
1!
1"
#3900
0!
0"
1:
0$
03
00
1,
0*
1)
1(
0'
1%
#3905
1!
1"
#3910
0!
0"
1:
1$
11
04
02
0.
1-
0,
0+
0(
#3915
1!
1"
b10010 6
#3920
0!
0"
1:
0$
12
1+
1*
0)
1'
1&
0%
#3925
1!
1"
b10001010 6
#3930
0!
0"
1:
02
10
0/
0-
0+
0*
1(
0&
1%
#3935
1!
1"
b10010 6
#3940
0!
0"
1:
01
15
13
00
1/
1.
1*
1)
#3945
1!
1"
#3950
0!
0"
1:
11
03
12
10
0.
1-
1,
0(
0'
#3955
1!
1"
b11011000 6
#3960
0!
0"
1:
1$
01
05
14
02
00
0/
1.
0-
1+
1(
1&
0%
#3965
1!
1"
#3970
0!
0"
1:
0$
04
10
1/
1-
0,
0+
0)
0(
0&
1%
#3975
1!
1"
#3980
0!
0"
1:
15
13
0/
1+
1)
1(
1'
0%
#3985
1!
1"
#3990
0!
0"
1:
1$
11
05
14
12
1/
0.
0+
1%
#3995
1!
1"
b11101010 6
#4000
0!
0"
1:
0$
15
04
02
00
0/
1.
0-
1,
1+
0(
#4005
1!
1"
b11110100 6
#4010
0!
0"
1:
12
10
1/
0,
0+
0*
0)
1(
0'
1&
#4015
1!
1"
b10111011 6
#4020
0!
0"
1:
1$
05
03
00
1-
1,
1+
1)
0(
0&
0%
#4025
1!
1"
b10001010 6
#4030
0!
0"
1:
0$
02
10
1*
1(
1&
1%
#4035
1!
1"
b10111110 6
#4040
0!
0"
1:
1$
0.
0*
0)
0(
1'
0&
#4045
1!
1"
#4050
0!
0"
1:
01
15
14
13
00
0/
1.
0-
0,
0+
1)
0'
1&
#4055
1!
1"
#4060
0!
0"
1:
0$
11
03
1,
1+
1*
1(
#4065
1!
1"
b10111101 6
#4070
0!
0"
1:
1$
01
05
04
13
10
1/
0.
1-
0,
0+
0*
0)
1'
0%
#4075
1!
1"
#4080
0!
0"
1:
11
15
03
12
0/
1.
0-
1,
0(
0'
#4085
1!
1"
b11011000 6
#4090
0!
0"
1:
01
13
1/
0,
1+
1)
1(
0&
1%
#4095
1!
1"
#4100
0!
0"
1:
0$
11
05
03
02
1-
1*
0(
1&
#4105
1!
1"
b10111110 6
#4110
0!
0"
1:
1$
14
13
00
0+
0*
0&
0%
#4115
1!
1"
b100100 6
#4120
0!
0"
1:
0$
10
1+
1(
1%
01
#4125
1!
1"
#4130
0!
0"
1:
15
04
12
0.
1*
0)
0(
1&
#4135
1!
1"
#4140
0!
0"
1:
1$
11
05
14
1.
1,
0+
0*
1)
1(
#4145
1!
1"
b11101010 6
#4150
0!
0"
1:
0$
01
15
02
00
0.
0,
0)
1'
#4155
1!
1"
#4160
0!
0"
1:
1$
03
12
10
1.
0-
1,
1+
1*
1)
0'
#4165
1!
1"
#4170
0!
0"
1:
04
13
00
0/
0.
1-
0,
0+
0*
0)
#4175
1!
1"
#4180
0!
0"
1:
03
1.
0-
1,
1+
#4185
1!
1"
#4190
0!
0"
1:
0$
05
13
1/
1-
1*
1)
0%
#4195
1!
1"
#4200
0!
0"
1:
11
02
0/
0.
0-
0,
0(
1'
1%
#4205
1!
1"
b10101 6
#4210
0!
0"
1:
14
10
1/
1-
1,
0*
0'
0&
#4215
1!
1"
b100100 6
#4220
0!
0"
1:
0/
1.
0,
0)
1'
1&
01
#4225
1!
1"
#4230
0!
0"
1:
1$
15
03
12
1/
0.
0+
1)
1(
0%
#4235
1!
1"
#4240
0!
0"
1:
11
05
04
0-
1,
1+
0)
0(
1%
#4245
1!
1"
b10001010 6
#4250
0!
0"
1:
1-
0,
0+
1*
1)
#4255
1!
1"
#4260
0!
0"
1:
15
14
13
0/
1.
1,
#4265
1!
1"
b11000100 6
#4270
0!
0"
1:
05
04
03
0-
0,
1+
0*
0)
0'
0%
#4275
1!
1"
b10001010 6
#4280
0!
0"
1:
15
13
1/
0.
0+
1)
1'
#4285
1!
1"
b110100 6
#4290
0!
0"
1:
01
05
14
02
00
0/
1-
0)
0&
#4295
1!
1"
#4300
0!
0"
1:
15
03
0-
1+
1*
0'
#4305
1!
1"
#4310
0!
0"
1:
11
05
04
1-
0*
1(
1'
1%
#4315
1!
1"
b1100000 6
#4320
0!
0"
1:
0$
10
1/
0+
0(
0'
1&
0%
#4325
1!
1"
#4330
0!
0"
1:
15
1.
1+
1*
1)
1(
1'
1%
#4335
1!
1"
b10011000 6
#4340
0!
0"
1:
05
14
13
00
0/
0+
0*
0)
0'
0%
#4345
1!
1"
b10000011 6
#4350
0!
0"
1:
01
15
04
10
1/
1)
1'
0&
1%
#4355
1!
1"
#4360
0!
0"
1:
1$
05
14
03
12
0/
0.
0-
1,
1*
0)
0'
#4365
1!
1"
#4370
0!
0"
1:
0$
15
1+
0*
0(
1'
0%
#4375
1!
1"
#4380
0!
0"
1:
11
05
04
13
00
0+
#4385
1!
1"
b10000100 6
#4390
0!
0"
1:
01
02
10
1-
0,
1+
1*
1)
1(
1%
#4395
1!
1"
#4400
0!
0"
1:
15
14
03
12
00
0+
0*
0)
1&
0%
#4405
1!
1"
#4410
0!
0"
1:
11
05
04
1/
0-
1,
1+
1*
1)
0(
0&
1%
#4415
1!
1"
b10001010 6
#4420
0!
0"
1:
1$
14
0/
1.
0,
0*
0)
0'
1&
0%
#4425
1!
1"
b111011 6
#4430
0!
0"
1:
01
15
04
02
10
1/
0.
1-
1*
1(
1'
0&
1%
#4435
1!
1"
#4440
0!
0"
1:
0$
14
12
00
0/
0-
0*
1)
1&
#4445
1!
1"
#4450
0!
0"
1:
1$
11
05
04
13
02
10
1/
1-
1,
1*
0'
#4455
1!
1"
b100100 6
#4460
0!
0"
1:
01
12
0/
0-
0,
0*
0%
#4465
1!
1"
#4470
0!
0"
1:
11
15
03
00
1-
1,
0)
1%
#4475
1!
1"
b1010001 6
#4480
0!
0"
1:
0$
02
10
1/
0-
0,
0+
1)
0(
#4485
1!
1"
b10011000 6
#4490
0!
0"
1:
1$
01
05
14
13
00
1.
1-
1+
1*
0%
#4495
1!
1"
#4500
0!
0"
1:
0$
11
12
10
0/
0.
0-
0+
1'
0&
1%
#4505
1!
1"
b11011101 6
#4510
0!
0"
1:
1$
01
15
00
1.
1-
0*
0)
0'
#4515
1!
1"
#4520
0!
0"
1:
04
1/
0.
1+
1(
1'
1&
0%
#4525
1!
1"
#4530
0!
0"
1:
0$
10
0/
1*
1)
0(
0&
11
#4535
1!
1"
b111000 6
#4540
0!
0"
1:
1$
01
05
14
03
02
00
1.
0+
0'
1&
1%
#4545
1!
1"
#4550
0!
0"
1:
0$
1/
1+
0*
0)
1'
0&
#4555
1!
1"
#4560
0!
0"
1:
1$
04
13
12
0.
0-
0+
1)
1(
0%
#4565
1!
1"
#4570
0!
0"
1:
0$
11
03
02
10
0/
1.
1,
1+
1*
0)
1&
1%
#4575
1!
1"
b1100000 6
#4580
0!
0"
1:
0.
0+
1)
0&
0%
#4585
1!
1"
#4590
0!
0"
1:
01
15
14
13
12
1/
1-
1+
0'
1&
#4595
1!
1"
#4600
0!
0"
1:
05
04
02
00
0/
0*
0)
1'
#4605
1!
1"
#4610
0!
0"
1:
1$
15
03
12
1/
1.
0,
0(
#4615
1!
1"
#4620
0!
0"
1:
0$
13
02
0/
0-
0+
1)
0&
#4625
1!
1"
#4630
0!
0"
1:
1$
12
1/
0.
1-
1(
0'
1&
1%
#4635
1!
1"
#4640
0!
0"
1:
0$
05
02
10
0/
1+
0)
1'
0&
#4645
1!
1"
#4650
0!
0"
1:
11
14
1/
0-
1,
1*
1)
0(
1&
#4655
1!
1"
b101110 6
#4660
0!
0"
1:
15
04
03
12
00
1.
0,
0+
0*
0)
1(
0'
#4665
1!
1"
b1010001 6
#4670
0!
0"
1:
1$
01
05
10
1-
1,
1+
1)
0&
0%
#4675
1!
1"
#4680
0!
0"
1:
14
13
02
0/
0.
0-
1*
1&
1%
#4685
1!
1"
#4690
0!
0"
1:
15
1.
0+
0(
#4695
1!
1"
#4700
0!
0"
1:
05
04
0.
1+
0*
0)
0&
#4705
1!
1"
#4710
0!
0"
1:
14
12
1-
0,
1*
1&
#4715
1!
1"
#4720
0!
0"
1:
0$
11
04
00
1/
1,
0*
1)
0&
0%
#4725
1!
1"
b1101001 6
#4730
0!
0"
1:
1$
01
15
03
0/
1.
0,
0+
1*
0)
1(
#4735
1!
1"
#4740
0!
0"
1:
11
05
14
02
1/
0.
0-
1,
0*
1)
1'
1&
#4745
1!
1"
b1000 6
#4750
0!
0"
1:
0$
15
04
13
12
10
1-
1*
0'
1%
#4755
1!
1"
b11110001 6
#4760
0!
0"
1:
1$
01
14
03
00
0/
0-
0(
0&
0%
#4765
1!
1"
#4770
0!
0"
1:
0$
05
02
10
1/
1.
1-
1+
0*
1'
1%
#4775
1!
1"
#4780
0!
0"
1:
1$
04
13
00
0-
0+
1*
0)
1&
0%
#4785
1!
1"
#4790
0!
0"
1:
0$
11
14
10
0.
1-
0*
1)
0'
0&
#4795
1!
1"
b1010110 6
#4800
0!
0"
1:
01
04
03
12
00
0/
1.
0-
1+
1*
1(
1%
#4805
1!
1"
#4810
0!
0"
1:
1$
11
15
0.
1-
1&
0%
#4815
1!
1"
b1010001 6
#4820
0!
0"
1:
0$
05
14
1.
0-
0+
0(
1'
0&
#4825
1!
1"
b111011 6
#4830
0!
0"
1:
15
04
10
0.
0)
0'
1%
#4835
1!
1"
b1010001 6
#4840
0!
0"
1:
01
05
14
13
02
00
1/
0,
1)
1(
1'
0%
#4845
1!
1"
#4850
0!
0"
1:
11
15
04
03
10
1-
0*
0)
0(
0'
1%
#4855
1!
1"
b1001100 6
#4860
0!
0"
1:
01
13
12
00
0/
1.
0-
1,
1)
1(
1'
0%
#4865
1!
1"
#4870
0!
0"
1:
1$
11
05
14
10
1-
0,
1+
1*
#4875
1!
1"
b11011101 6
#4880
0!
0"
1:
0$
15
03
0.
0-
0(
0'
#4885
1!
1"
b1101011 6
#4890
0!
0"
1:
1$
04
13
00
1/
1-
0*
1(
1&
1%
#4895
1!
1"
b11110001 6
#4900
0!
0"
1:
14
1.
1,
0+
0)
0(
1'
0&
0%
#4905
1!
1"
b11000100 6
#4910
0!
0"
1:
01
03
0/
1*
1)
1(
#4915
1!
1"
#4920
0!
0"
1:
0$
02
0.
0-
0,
0'
1%
#4925
1!
1"
#4930
0!
0"
1:
11
12
10
1.
1-
1,
1+
0)
0(
#4935
1!
1"
b1101011 6
#4940
0!
0"
1:
05
04
13
02
00
1/
0-
0,
0+
0*
1'
1&
#4945
1!
1"
b11101110 6
#4950
0!
0"
1:
15
14
03
0/
0.
1-
1)
0%
#4955
1!
1"
b11011100 6
#4960
0!
0"
1:
05
04
12
1/
0)
1(
0'
#4965
1!
1"
b110001 6
#4970
0!
0"
1:
1$
14
1)
0(
1'
1%
#4975
1!
1"
b111011 6
#4980
0!
0"
1:
10
0/
0-
1+
0&
0%
01
#4985
1!
1"
#4990
0!
0"
1:
0$
04
13
02
00
1-
1,
#4995
1!
1"
#5000
0!
0"
1:
1$
03
0+
1*
1&
1%
#5005
1!
1"
#5010
0!
0"
1:
0$
11
15
14
13
10
1/
1.
0-
0,
1+
0)
0'
0%
#5015
1!
1"
b10010010 6
#5020
0!
0"
1:
05
03
0/
0.
1-
0*
0&
#5025
1!
1"
b10100001 6
#5030
0!
0"
1:
1$
01
15
0-
1,
0+
1)
1'
#5035
1!
1"
#5040
0!
0"
1:
11
04
13
12
1+
1&
#5045
1!
1"
b10101010 6
#5050
0!
0"
1:
01
05
00
0,
0+
1*
1(
0'
0&
1%
#5055
1!
1"
#5060
0!
0"
1:
0$
15
14
10
1.
1,
0)
1&
0%
#5065
1!
1"
#5070
0!
0"
1:
1$
05
03
02
00
0,
1)
0(
1'
0&
#5075
1!
1"
#5080
0!
0"
1:
15
04
1+
0)
0'
#5085
1!
1"
#5090
0!
0"
1:
13
1/
1,
0*
1)
1&
#5095
1!
1"
#5100
0!
0"
1:
05
03
10
0.
1-
0,
1'
#5105
1!
1"
#5110
0!
0"
1:
0$
14
13
12
0)
1(
0'
#5115
1!
1"
#5120
0!
0"
1:
11
15
02
00
0/
1.
0+
1%
#5125
1!
1"
b10010010 6
#5130
0!
0"
1:
05
04
03
12
0-
1+
1'
0%
#5135
1!
1"
b110001 6
#5140
0!
0"
1:
15
14
13
1/
1-
0+
1)
0(
#5145
1!
1"
b11000100 6
#5150
0!
0"
1:
05
02
10
1,
1+
0&
#5155
1!
1"
b10101011 6
#5160
0!
0"
1:
1$
15
04
03
12
0/
0-
0,
#5165
1!
1"
b11000000 6
#5170
0!
0"
1:
0$
01
05
14
13
1-
0)
0'
#5175
1!
1"
#5180
0!
0"
1:
1$
11
03
0-
1,
0+
1*
1)
#5185
1!
1"
b111011 6
#5190
0!
0"
1:
0$
01
13
00
1/
0.
1+
1'
1&
#5195
1!
1"
#5200
0!
0"
1:
04
03
10
0/
1.
1-
0,
0*
0)
1(
0&
#5205
1!
1"
#5210
0!
0"
1:
1$
14
02
1/
0.
0+
1*
1)
0'
1&
1%
#5215
1!
1"
#5220
0!
0"
1:
15
00
0&
#5225
1!
1"
#5230
0!
0"
1:
0$
11
04
13
12
10
0/
1.
1,
0*
#5235
1!
1"
b11001011 6
#5240
0!
0"
1:
02
00
1/
0.
0-
0,
1*
0(
1&
#5245
1!
1"
b11111000 6
#5250
0!
0"
1:
01
12
10
0/
1.
0*
1(
1'
#5255
1!
1"
#5260
0!
0"
1:
1$
05
03
1/
0.
1-
1,
1+
0%
#5265
1!
1"
#5270
0!
0"
1:
0$
11
15
14
02
00
1.
0+
0(
0&
1%
#5275
1!
1"
b11011100 6
#5280
0!
0"
1:
1$
05
12
0/
0-
0,
1*
0)
0'
0%
#5285
1!
1"
b111011 6
#5290
0!
0"
1:
0$
15
04
13
02
0.
1-
1,
0*
1)
1(
1'
#5295
1!
1"
b11111000 6
#5300
0!
0"
1:
01
12
10
1/
0-
0,
0(
0'
#5305
1!
1"
#5310
0!
0"
1:
05
1+
1*
0)
1(
1&
1%
#5315
1!
1"
#5320
0!
0"
1:
11
14
03
00
0/
1.
1,
0(
1'
0&
#5325
1!
1"
b111011 6
#5330
0!
0"
1:
1$
15
04
13
10
1/
0.
0,
0+
0*
1(
0'
#5335
1!
1"
b11001011 6
#5340
0!
0"
1:
0$
00
0/
1-
1,
1*
1)
0%
#5345
1!
1"
#5350
0!
0"
1:
03
0-
1+
0*
0)
0(
#5355
1!
1"
b11 6
#5360
0!
0"
1:
14
10
1-
0+
1*
1)
1&
#5365
1!
1"
b1101011 6
#5370
0!
0"
1:
1$
1/
1+
0*
1'
0&
1%
01
#5375
1!
1"
#5380
0!
0"
1:
02
0/
1.
0-
0+
1*
0)
0'
0%
#5385
1!
1"
#5390
0!
0"
1:
05
04
13
1/
0.
1-
1+
1)
1(
1%
#5395
1!
1"
#5400
0!
0"
1:
11
15
14
12
00
0/
1.
0-
0,
0*
1'
1&
#5405
1!
1"
b11000100 6
#5410
0!
0"
1:
1-
0+
1*
0(
0'
0&
0%
#5415
1!
1"
b10100100 6
#5420
0!
0"
1:
01
03
10
1/
0-
1,
1&
1%
#5425
1!
1"
#5430
0!
0"
1:
0$
11
05
00
0.
1-
0,
1+
0*
1(
1'
#5435
1!
1"
b10111011 6
#5440
0!
0"
1:
1$
0/
0-
1*
01
#5445
1!
1"
#5450
0!
0"
1:
0$
11
15
04
13
1,
0(
0'
#5455
1!
1"
b11001011 6
#5460
0!
0"
1:
05
14
03
1-
0+
1'
#5465
1!
1"
b10111011 6
#5470
0!
0"
1:
1$
15
1/
0,
0*
0)
1(
#5475
1!
1"
b1101011 6
#5480
0!
0"
1:
0$
05
04
13
10
1.
1,
0'
0%
#5485
1!
1"
b11010111 6
#5490
0!
0"
1:
01
14
02
0/
0-
1+
1'
0&
#5495
1!
1"
#5500
0!
0"
1:
11
04
03
00
0,
0+
1*
1)
0(
0'
1&
1%
#5505
1!
1"
b11001100 6
#5510
0!
0"
1:
15
14
13
12
10
1-
1,
1+
0*
0&
0%
#5515
1!
1"
b1010 6
#5520
0!
0"
1:
05
04
03
02
0-
0+
0)
1(
1'
1&
#5525
1!
1"
b11001100 6
#5530
0!
0"
1:
1$
01
14
12
1/
0.
0,
1+
1*
1)
0(
1%
#5535
1!
1"
#5540
0!
0"
1:
0$
11
04
13
02
00
1.
0*
1(
0'
0%
#5545
1!
1"
b10110110 6
#5550
0!
0"
1:
01
03
12
10
0/
0.
1-
0+
0)
0&
#5555
1!
1"
#5560
0!
0"
1:
1$
15
14
02
0-
1+
0(
1'
#5565
1!
1"
#5570
0!
0"
1:
0$
11
05
12
1-
0+
1)
1(
0'
1&
#5575
1!
1"
b10111011 6
#5580
0!
0"
1:
15
13
1/
1,
1+
1*
0(
1'
1%
#5585
1!
1"
b1010 6
#5590
0!
0"
1:
1$
01
05
02
0/
1.
0,
0)
0%
#5595
1!
1"
#5600
0!
0"
1:
0$
11
15
00
1/
0-
1,
0*
1)
1(
0'
0&
1%
#5605
1!
1"
b10111011 6
#5610
0!
0"
1:
01
05
04
03
12
0/
0.
0,
0)
0(
1'
#5615
1!
1"
#5620
0!
0"
1:
1$
14
13
1/
1-
1*
1)
1(
1&
0%
#5625
1!
1"
#5630
0!
0"
1:
0$
11
04
03
10
0-
1,
0+
0*
0'
#5635
1!
1"
b110001 6
#5640
0!
0"
1:
15
14
0/
1.
1*
0)
1'
0&
#5645
1!
1"
b1101011 6
#5650
0!
0"
1:
1$
00
0,
0*
1&
1%
#5655
1!
1"
#5660
0!
0"
1:
05
04
13
02
1/
0.
1-
1,
1+
0'
0&
0%
#5665
1!
1"
b10110110 6
#5670
0!
0"
1:
01
15
12
10
1.
0-
0,
0+
#5675
1!
1"
#5680
0!
0"
1:
0$
05
14
03
0.
1-
1,
1+
1)
1%
#5685
1!
1"
#5690
0!
0"
1:
11
13
02
00
0/
0,
1*
0)
0(
1'
#5695
1!
1"
b1101101 6
#5700
0!
0"
1:
15
04
03
1/
1,
0+
0'
0%
#5705
1!
1"
b111 6
#5710
0!
0"
1:
05
10
0/
1.
0,
1+
1(
1%
#5715
1!
1"
b11001100 6
#5720
0!
0"
1:
14
13
12
0.
0-
0+
0*
1)
#5725
1!
1"
b11100011 6
#5730
0!
0"
1:
1$
01
15
03
02
1/
1+
1'
0%
#5735
1!
1"
#5740
0!
0"
1:
04
13
00
1.
1-
1,
1*
0)
#5745
1!
1"
#5750
0!
0"
1:
11
05
14
10
0/
0.
0+
0(
0'
#5755
1!
1"
b1101101 6
#5760
0!
0"
1:
0$
01
15
04
12
00
0-
0,
1)
1(
#5765
1!
1"
#5770
0!
0"
1:
11
03
10
1/
1+
0(
1&
#5775
1!
1"
b11111011 6
#5780
0!
0"
1:
01
14
13
02
1.
1,
0+
0*
0)
1'
1%
#5785
1!
1"
#5790
0!
0"
1:
1$
11
04
03
12
0,
1(
0'
0%
#5795
1!
1"
#5800
0!
0"
1:
0$
05
14
13
02
1*
#5805
1!
1"
b1101101 6
#5810
0!
0"
1:
1$
15
0/
1-
1,
0*
0(
1%
#5815
1!
1"
b11101010 6
#5820
0!
0"
1:
05
12
00
1/
0.
0-
1+
1(
1'
0&
0%
#5825
1!
1"
b11100011 6
#5830
0!
0"
1:
0$
01
15
03
02
0+
1&
1%
#5835
1!
1"
#5840
0!
0"
1:
1$
11
04
10
0/
1.
1-
1+
1*
1)
0(
0'
0&
#5845
1!
1"
b111 6
#5850
0!
0"
1:
0$
05
14
12
00
1/
0.
0+
1(
1'
0%
#5855
1!
1"
b10111011 6
#5860
0!
0"
1:
01
15
04
1.
0*
0'
#5865
1!
1"
#5870
0!
0"
1:
1$
11
14
10
0/
0.
0-
0,
1+
0)
0(
1'
1&
1%
#5875
1!
1"
b1101011 6
#5880
0!
0"
1:
01
05
04
02
00
1,
0&
0%
#5885
1!
1"
#5890
0!
0"
1:
15
14
13
12
1.
1-
1*
1)
1(
1%
#5895
1!
1"
#5900
0!
0"
1:
0$
05
04
03
02
10
0.
0,
0)
0'
1&
#5905
1!
1"
#5910
0!
0"
1:
15
1.
0+
0*
0(
1'
0&
#5915
1!
1"
#5920
0!
0"
1:
1$
05
14
13
00
0-
1,
1+
1*
1(
1&
0%
#5925
1!
1"
#5930
0!
0"
1:
03
10
0,
0+
0*
0'
#5935
1!
1"
#5940
0!
0"
1:
0$
12
00
0.
1-
1+
1*
1)
#5945
1!
1"
#5950
0!
0"
1:
11
02
10
1/
1.
0-
1,
0*
0)
1'
1%
#5955
1!
1"
b110000 6
#5960
0!
0"
1:
04
13
12
0+
1)
0(
0'
#5965
1!
1"
b11101 6
#5970
0!
0"
1:
1$
14
00
0.
0)
1(
0%
#5975
1!
1"
b100001 6
#5980
0!
0"
1:
0$
01
04
03
0/
1.
1-
1+
1*
1)
0(
1%
#5985
1!
1"
#5990
0!
0"
1:
1$
14
13
02
0-
0+
0)
1(
1'
0%
#5995
1!
1"
#6000
0!
0"
1:
0$
04
03
12
1-
0*
0'
0&
1%
#6005
1!
1"
#6010
0!
0"
1:
11
15
13
02
10
0-
0,
1*
1)
0(
1'
1&
#6015
1!
1"
b10010 6
#6020
0!
0"
1:
1$
01
12
00
1/
1-
1,
0*
0&
0%
#6025
1!
1"
#6030
0!
0"
1:
0$
05
03
0/
0.
0-
1(
1&
1%
#6035
1!
1"
#6040
0!
0"
1:
1/
0,
1+
1*
0'
11
#6045
1!
1"
b11111101 6
#6050
0!
0"
1:
15
13
02
1.
0*
1'
0&
0%
#6055
1!
1"
b10010 6
#6060
0!
0"
1:
1$
14
03
10
0/
0.
1*
0)
0'
#6065
1!
1"
b110010 6
#6070
0!
0"
1:
01
13
1/
1-
1,
0*
1)
1%
#6075
1!
1"
#6080
0!
0"
1:
0$
04
0-
0(
1'
0%
#6085
1!
1"
#6090
0!
0"
1:
1$
05
14
12
00
0/
1.
1-
0+
1*
0)
1(
0'
#6095
1!
1"
#6100
0!
0"
1:
0$
10
1/
0.
0*
0(
1%
11
#6105
1!
1"
b100001 6
#6110
0!
0"
1:
1$
15
04
03
02
00
1.
0,
1'
1&
0%
#6115
1!
1"
b1011100 6
#6120
0!
0"
1:
01
13
12
10
0.
1,
1*
1)
1(
0'
1%
#6125
1!
1"
#6130
0!
0"
1:
14
02
0/
1.
1+
1'
0&
#6135
1!
1"
#6140
0!
0"
1:
0$
11
12
00
0.
0+
0*
0(
0'
#6145
1!
1"
b100 6
#6150
0!
0"
1:
01
05
04
03
10
1.
0-
0,
1*
0)
1(
1'
#6155
1!
1"
#6160
0!
0"
1:
1$
0.
1+
0*
0(
0'
11
#6165
1!
1"
b11111101 6
#6170
0!
0"
1:
0$
01
14
13
02
00
1.
0+
1*
1(
1'
1&
0%
#6175
1!
1"
#6180
0!
0"
1:
04
12
10
0.
0&
1%
#6185
1!
1"
#6190
0!
0"
1:
11
15
14
00
1.
1,
1+
0*
0'
0%
#6195
1!
1"
b100 6
#6200
0!
0"
1:
1$
05
04
1/
0.
1-
0+
1*
0(
1'
1&
1%
#6205
1!
1"
b11101 6
#6210
0!
0"
1:
01
14
0/
1+
0*
1(
0'
#6215
1!
1"
#6220
0!
0"
1:
03
1.
0,
0(
1'
0&
0%
#6225
1!
1"
#6230
0!
0"
1:
02
1,
0+
1(
0'
1&
#6235
1!
1"
#6240
0!
0"
1:
15
04
1/
0.
0,
1*
1)
#6245
1!
1"
#6250
0!
0"
1:
0$
0/
1.
0-
0(
0&
#6255
1!
1"
#6260
0!
0"
1:
05
14
1/
0.
1-
1,
0*
1(
1'
#6265
1!
1"
#6270
0!
0"
1:
1$
15
04
12
0/
1.
0-
1+
0)
0'
#6275
1!
1"
#6280
0!
0"
1:
05
13
02
1-
1*
1)
0(
1&
1%
#6285
1!
1"
#6290
0!
0"
1:
0$
11
14
03
12
10
0.
0-
0+
0*
0)
1'
0&
#6295
1!
1"
b10111011 6
#6300
0!
0"
1:
1$
01
15
04
1/
1.
1-
1)
0'
#6305
1!
1"
#6310
0!
0"
1:
0$
11
13
00
0/
0,
1+
0)
1(
1&
0%
#6315
1!
1"
b111000 6
#6320
0!
0"
1:
1$
01
05
10
1/
0.
0+
1*
1%
#6325
1!
1"
#6330
0!
0"
1:
0$
14
02
0/
1.
0-
1,
0*
0(
0&
0%
#6335
1!
1"
#6340
0!
0"
1:
1$
15
04
03
12
1/
1-
1+
1)
1'
1&
1%
#6345
1!
1"
#6350
0!
0"
1:
0$
05
14
02
00
0/
0.
0-
0,
1*
1(
#6355
1!
1"
#6360
0!
0"
1:
1$
12
1.
1-
1,
0+
0)
0(
0&
#6365
1!
1"
#6370
0!
0"
1:
15
13
02
10
1/
0-
1+
1)
1(
0%
#6375
1!
1"
#6380
0!
0"
1:
11
05
04
03
00
1-
0,
0+
0*
0)
1&
1%
#6385
1!
1"
b1011001 6
#6390
0!
0"
1:
13
12
10
0/
1+
1*
0(
0'
#6395
1!
1"
b11111100 6
#6400
0!
0"
1:
0$
00
0-
0+
0*
1(
0&
0%
01
#6405
1!
1"
#6410
0!
0"
1:
15
14
1/
1-
1*
1)
0(
1&
#6415
1!
1"
#6420
0!
0"
1:
05
04
0/
0.
1+
0*
1(
0&
1%
#6425
1!
1"
#6430
0!
0"
1:
1$
03
02
1.
1,
0+
1*
0(
1'
#6435
1!
1"
#6440
0!
0"
1:
11
14
12
10
0-
0,
0*
0)
1(
0'
#6445
1!
1"
b11011100 6
#6450
0!
0"
1:
0$
15
04
13
1/
1,
1*
1)
#6455
1!
1"
b1001011 6
#6460
0!
0"
1:
05
00
0/
0.
1+
0*
1'
#6465
1!
1"
b1101101 6
#6470
0!
0"
1:
01
15
03
1/
0,
1*
1&
#6475
1!
1"
#6480
0!
0"
1:
14
13
0/
1-
0+
0*
0)
#6485
1!
1"
#6490
0!
0"
1:
1$
02
10
1/
0-
0'
0&
0%
#6495
1!
1"
#6500
0!
0"
1:
11
12
1.
1-
1,
1)
0(
1'
1&
1%
#6505
1!
1"
b1110 6
#6510
0!
0"
1:
05
03
0-
1*
0)
1(
0&
0%
#6515
1!
1"
b11011100 6
#6520
0!
0"
1:
13
02
00
0,
#6525
1!
1"
b1110 6
#6530
0!
0"
1:
01
15
03
0.
1-
1,
1+
0'
1&
1%
#6535
1!
1"
#6540
0!
0"
1:
11
13
0/
0,
0+
0*
1)
0(
1'
0&
0%
#6545
1!
1"
b1010100 6
#6550
0!
0"
1:
01
05
1/
1.
1,
1+
1*
0)
1(
0'
#6555
1!
1"
#6560
0!
0"
1:
11
15
03
12
0.
0,
1)
1&
#6565
1!
1"
b11111101 6
#6570
0!
0"
1:
0$
13
02
10
0/
1,
0(
1'
0&
#6575
1!
1"
b1010100 6
#6580
0!
0"
1:
1$
0,
0*
1%
01
#6585
1!
1"
#6590
0!
0"
1:
03
12
00
0)
0%
#6595
1!
1"
#6600
0!
0"
1:
11
05
04
13
1.
0-
0+
1*
0'
#6605
1!
1"
b1101101 6
#6610
0!
0"
1:
15
14
03
02
10
0*
1)
1&
#6615
1!
1"
b1000110 6
#6620
0!
0"
1:
0$
05
1/
0.
1-
1*
0)
1(
#6625
1!
1"
b101000 6
#6630
0!
0"
1:
01
04
0/
1+
1'
0&
1%
#6635
1!
1"
#6640
0!
0"
1:
15
13
1.
0-
0'
0%
#6645
1!
1"
#6650
0!
0"
1:
1$
05
03
12
0.
1-
1)
1'
1&
1%
#6655
1!
1"
#6660
0!
0"
1:
0$
11
15
14
00
1/
1.
1,
0+
0(
0'
0&
0%
#6665
1!
1"
b11111101 6
#6670
0!
0"
1:
01
13
0,
0*
0)
1&
#6675
1!
1"
#6680
0!
0"
1:
1$
0/
0-
1+
1)
0&
1%
11
#6685
1!
1"
b11101001 6
#6690
0!
0"
1:
0$
01
04
03
0.
1-
1,
0+
0)
1(
#6695
1!
1"
#6700
0!
0"
1:
11
05
02
0-
0,
1*
0(
0%
#6705
1!
1"
b1000100 6
#6710
0!
0"
1:
1$
1/
1.
0*
1)
1(
1%
01
#6715
1!
1"
#6720
0!
0"
1:
0$
13
12
10
0/
1-
1+
0)
1'
0%
#6725
1!
1"
#6730
0!
0"
1:
03
1/
0.
0-
1,
0+
1)
0'
#6735
1!
1"
#6740
0!
0"
1:
1$
11
15
14
00
1-
1+
0(
1'
1&
#6745
1!
1"
b11111101 6
#6750
0!
0"
1:
01
02
10
0/
0,
1*
0'
1%
#6755
1!
1"
#6760
0!
0"
1:
11
04
13
12
1.
#6765
1!
1"
b1111010 6
#6770
0!
0"
1:
01
05
14
00
1,
0*
1(
1'
0&
0%
#6775
1!
1"
#6780
0!
0"
1:
11
03
02
10
0-
0)
0(
0'
1%
#6785
1!
1"
b101000 6
#6790
0!
0"
1:
01
15
04
13
12
00
1/
0.
1'
1&
0%
#6795
1!
1"
#6800
0!
0"
1:
03
10
0/
1.
1-
0+
1)
1(
0&
1%
#6805
1!
1"
#6810
0!
0"
1:
0$
11
05
14
13
02
1/
0.
0,
0)
0(
1&
0%
#6815
1!
1"
b110010 6
#6820
0!
0"
1:
1$
12
00
1.
0-
1,
0'
#6825
1!
1"
b10011111 6
#6830
0!
0"
1:
0$
01
15
0/
1+
1*
0&
#6835
1!
1"
#6840
0!
0"
1:
1$
11
05
04
03
1/
0.
1-
0+
1'
1%
#6845
1!
1"
b110101 6
#6850
0!
0"
1:
0$
0/
1.
0-
1+
0*
1)
01
#6855
1!
1"
#6860
0!
0"
1:
1$
11
15
14
02
1/
0.
1-
1*
0)
0%
#6865
1!
1"
b10111100 6
#6870
0!
0"
1:
10
0,
1)
1(
0'
#6875
1!
1"
#6880
0!
0"
1:
04
12
00
1.
0-
0+
0)
1&
#6885
1!
1"
b10000110 6
#6890
0!
0"
1:
01
14
10
0.
1-
1+
0*
1)
#6895
1!
1"
#6900
0!
0"
1:
0$
13
00
0/
1.
0-
0+
0)
1'
0&
1%
#6905
1!
1"
#6910
0!
0"
1:
1$
03
02
0.
1-
1,
1*
1)
0(
0'
1&
#6915
1!
1"
#6920
0!
0"
1:
11
05
13
10
1/
1.
0-
0,
1+
0*
1(
1'
0&
#6925
1!
1"
b110010 6
#6930
0!
0"
1:
01
15
04
03
1-
0'
0%
#6935
1!
1"
#6940
0!
0"
1:
0$
14
12
00
0/
0.
1,
0+
0(
1&
#6945
1!
1"
#6950
0!
0"
1:
04
13
1/
0-
0,
1*
0)
1(
1'
0&
#6955
1!
1"
#6960
0!
0"
1:
1$
05
14
10
0/
1-
1,
0(
1&
#6965
1!
1"
#6970
0!
0"
1:
11
15
04
03
02
00
1/
1.
0-
0,
1)
1(
0'
0&
#6975
1!
1"
b10101111 6
#6980
0!
0"
1:
0$
01
05
14
13
12
1+
0*
0)
0(
1'
1&
1%
#6985
1!
1"
#6990
0!
0"
1:
11
15
10
0/
0.
0+
1*
#6995
1!
1"
b11101001 6
#7000
0!
0"
1:
1$
03
02
1/
1-
1+
1)
1(
0&
#7005
1!
1"
b10111100 6
#7010
0!
0"
1:
0$
05
04
12
00
0/
1.
0+
0'
1&
0%
#7015
1!
1"
b110101 6
#7020
0!
0"
1:
1$
01
15
10
1/
0.
1+
0*
1'
0&
1%
#7025
1!
1"
#7030
0!
0"
1:
0$
05
14
13
02
00
0/
0-
0+
0(
0'
1&
#7035
1!
1"
#7040
0!
0"
1:
1$
15
03
1/
1.
1+
1*
1'
0&
#7045
1!
1"
#7050
0!
0"
1:
11
05
04
13
1-
0+
0*
0)
1&
0%
#7055
1!
1"
b10110 6
#7060
0!
0"
1:
0$
15
12
0-
1+
1*
1)
1(
#7065
1!
1"
b1111010 6
#7070
0!
0"
1:
01
14
03
02
0/
0.
0+
0*
0)
0'
0&
#7075
1!
1"
#7080
0!
0"
1:
11
04
13
10
1.
1-
1+
1'
1&
1%
#7085
1!
1"
b10101011 6
#7090
0!
0"
1:
01
14
00
1/
0.
0+
0%
#7095
1!
1"
#7100
0!
0"
1:
1$
11
05
04
10
0-
1,
1+
1*
0(
#7105
1!
1"
b10110 6
#7110
0!
0"
1:
0$
01
15
03
00
0/
1.
1-
0*
1(
0'
#7115
1!
1"
#7120
0!
0"
1:
11
12
0-
0+
1*
1)
1'
#7125
1!
1"
b10000110 6
#7130
0!
0"
1:
01
14
10
0.
1-
0,
0)
0(
0'
0&
#7135
1!
1"
#7140
0!
0"
1:
1$
04
00
1(
1'
1&
1%
#7145
1!
1"
#7150
0!
0"
1:
05
14
13
02
10
1.
1,
1+
0*
0'
#7155
1!
1"
#7160
0!
0"
1:
0$
04
03
12
1/
0.
0-
1*
1)
0%
#7165
1!
1"
#7170
0!
0"
1:
1$
11
15
13
1-
0+
0*
0&
1%
#7175
1!
1"
b111101 6
#7180
0!
0"
1:
01
05
03
02
0/
0-
0,
1*
0)
0(
1&
0%
#7185
1!
1"
#7190
0!
0"
1:
1/
1.
1,
1+
1)
1'
1%
#7195
1!
1"
#7200
0!
0"
1:
0$
15
14
13
12
0+
0*
0'
0&
#7205
1!
1"
#7210
0!
0"
1:
1$
05
04
02
00
0/
0.
0,
1+
1*
1&
#7215
1!
1"
#7220
0!
0"
1:
11
15
14
03
12
10
1.
1-
1,
0*
0)
1'
0&
0%
#7225
1!
1"
b10101011 6
#7230
0!
0"
1:
01
05
04
02
0.
0-
1*
1(
0'
1&
#7235
1!
1"
#7240
0!
0"
1:
0$
13
12
00
1/
1-
1)
0(
0&
1%
#7245
1!
1"
#7250
0!
0"
1:
10
0/
1.
0-
0+
1(
1&
#7255
1!
1"
#7260
0!
0"
1:
1$
02
1/
1-
0,
1+
0*
0)
0%
#7265
1!
1"
#7270
0!
0"
1:
0$
11
15
14
0.
1*
0(
1'
#7275
1!
1"
b1010100 6
#7280
0!
0"
1:
04
03
12
00
1.
0-
0*
1(
0&
#7285
1!
1"
b10011011 6
#7290
0!
0"
1:
0/
1,
0+
1*
1)
0(
0'
01
#7295
1!
1"
#7300
0!
0"
1:
11
14
10
1/
0.
0,
0*
0)
1(
1'
1&
1%
#7305
1!
1"
b10101011 6
#7310
0!
0"
1:
04
02
1.
1,
1+
1*
0'
0%
#7315
1!
1"
b11000110 6
#7320
0!
0"
1:
1$
05
12
0/
1-
0,
0+
0*
1)
0&
1%
#7325
1!
1"
b110101 6
#7330
0!
0"
1:
00
1/
0.
1,
0)
0(
0%
#7335
1!
1"
#7340
0!
0"
1:
0$
14
10
0-
0,
1+
1'
#7345
1!
1"
b11100110 6
#7350
0!
0"
1:
01
15
04
02
00
0/
1.
1*
1&
#7355
1!
1"
#7360
0!
0"
1:
1$
05
0.
0+
0*
1(
0'
0&
#7365
1!
1"
#7370
0!
0"
1:
11
14
1.
1-
1,
1+
1)
0(
1'
#7375
1!
1"
b111101 6
#7380
0!
0"
1:
01
15
13
12
10
0-
0,
1(
0'
1&
#7385
1!
1"
#7390
0!
0"
1:
05
04
03
1-
0&
1%
#7395
1!
1"
#7400
0!
0"
1:
14
02
1/
0.
0-
1,
0+
1*
0)
0%
#7405
1!
1"
#7410
0!
0"
1:
15
13
12
0/
1.
1-
0,
0(
1'
1&
#7415
1!
1"
#7420
0!
0"
1:
11
02
00
1/
0.
0'
1%
#7425
1!
1"
b1010100 6
#7430
0!
0"
1:
04
03
12
10
0/
0-
1,
0*
1)
1(
0%
#7435
1!
1"
b10101101 6
#7440
0!
0"
1:
01
05
14
02
1/
1-
0,
1*
1'
1%
#7445
1!
1"
#7450
0!
0"
1:
15
04
13
0-
1,
1+
0)
0'
#7455
1!
1"
#7460
0!
0"
1:
05
03
1-
0+
0*
0&
#7465
1!
1"
#7470
0!
0"
1:
0$
15
13
12
00
0/
0,
1+
1'
1&
0%
#7475
1!
1"
#7480
0!
0"
1:
1$
11
03
02
10
0-
1*
0&
1%
#7485
1!
1"
b1010011 6
#7490
0!
0"
1:
14
13
1/
1,
0+
1)
0(
1&
#7495
1!
1"
b1010100 6
#7500
0!
0"
1:
0$
01
05
04
03
12
0,
0*
0)
1(
0&
0%
#7505
1!
1"
#7510
0!
0"
1:
1$
14
02
0/
1.
1+
1*
0(
#7515
1!
1"
#7520
0!
0"
1:
0$
13
12
00
0.
0*
1)
1(
#7525
1!
1"
#7530
0!
0"
1:
11
15
04
03
10
1-
0+
0)
0'
#7535
1!
1"
b11011 6
#7540
0!
0"
1:
1$
01
14
02
00
0-
1,
1+
1)
1&
#7545
1!
1"
#7550
0!
0"
1:
05
04
12
10
1/
1-
0,
0+
0)
1'
0&
1%
#7555
1!
1"
#7560
0!
0"
1:
14
02
00
1.
0-
0'
1&
#7565
1!
1"
#7570
0!
0"
1:
0$
11
04
12
1,
1)
0(
1'
0%
#7575
1!
1"
b110101 6
#7580
0!
0"
1:
14
13
02
0/
0.
1+
1*
0)
#7585
1!
1"
b1001101 6
#7590
0!
0"
1:
01
04
03
12
10
1/
1.
1-
0,
0+
0&
1%
#7595
1!
1"
#7600
0!
0"
1:
11
15
14
0/
0-
1,
1+
1)
1(
0'
1&
#7605
1!
1"
b1011 6
#7610
0!
0"
1:
05
1-
0,
0+
0(
0&
#7615
1!
1"
b11100110 6
#7620
0!
0"
1:
1$
01
04
02
00
1/
0-
0)
1(
1'
1&
#7625
1!
1"
#7630
0!
0"
1:
0$
11
13
0/
0.
1-
0*
1)
0&
#7635
1!
1"
b1000001 6
#7640
0!
0"
1:
15
03
0-
1,
1+
0)
0'
1&
0%
#7645
1!
1"
b1010011 6
#7650
0!
0"
1:
14
13
10
1/
1.
0+
1)
0(
#7655
1!
1"
b1010100 6
#7660
0!
0"
1:
01
05
04
0/
0.
1*
1'
1%
#7665
1!
1"
#7670
0!
0"
1:
11
14
00
1/
1-
0)
#7675
1!
1"
b1001101 6
#7680
0!
0"
1:
1$
01
03
10
1+
0*
1)
0'
0&
0%
#7685
1!
1"
#7690
0!
0"
1:
0$
12
1.
0,
0+
1*
1'
1&
1%
#7695
1!
1"
#7700
0!
0"
1:
1$
11
15
13
02
0.
0-
1,
1+
0*
0)
0'
0&
0%
#7705
1!
1"
b1010100 6
#7710
0!
0"
1:
03
1.
0+
1(
1'
1%
#7715
1!
1"
b10111100 6
#7720
0!
0"
1:
05
12
0/
0.
1+
1)
0%
#7725
1!
1"
b11100110 6
#7730
0!
0"
1:
0$
04
13
00
1/
1-
1*
0)
0(
1&
1%
#7735
1!
1"
b1001010 6
#7740
0!
0"
1:
0/
0-
0*
1)
1(
0'
0&
0%
01
#7745
1!
1"
#7750
0!
0"
1:
1$
15
02
10
1/
1.
0,
0+
0(
1'
1&
1%
#7755
1!
1"
#7760
0!
0"
1:
14
12
0.
1,
1+
1*
0'
0&
0%
#7765
1!
1"
#7770
0!
0"
1:
04
00
0*
0)
1'
1&
#7775
1!
1"
#7780
0!
0"
1:
05
14
0/
1-
0,
1(
0'
1%
#7785
1!
1"
#7790
0!
0"
1:
0$
11
15
04
10
1/
1,
0(
1'
#7795
1!
1"
b101000 6
#7800
0!
0"
1:
03
02
00
0-
0+
1*
1(
0'
0%
#7805
1!
1"
b1010011 6
#7810
0!
0"
1:
1$
05
14
13
12
10
0/
1+
0*
1)
0&
1%
#7815
1!
1"
b10000111 6
#7820
0!
0"
1:
0$
01
15
03
02
1/
1.
1-
0,
1&
#7825
1!
1"
#7830
0!
0"
1:
13
0/
0-
0+
1*
0)
0(
1'
0&
#7835
1!
1"
#7840
0!
0"
1:
11
05
00
1/
1+
0*
1(
0%
#7845
1!
1"
b110010 6
#7850
0!
0"
1:
1$
0.
0+
1*
1)
0(
1%
01
#7855
1!
1"
#7860
0!
0"
1:
0$
11
15
03
12
10
1-
0*
0'
0%
#7865
1!
1"
b10111 6
#7870
0!
0"
1:
04
13
02
00
1.
1,
1+
1'
#7875
1!
1"
b10110000 6
#7880
0!
0"
1:
1$
10
0,
1(
1%
#7885
1!
1"
#7890
0!
0"
1:
05
00
0-
1,
1&
0%
#7895
1!
1"
b1000001 6
#7900
0!
0"
1:
01
14
03
0/
0.
1*
0)
0(
0'
1%
#7905
1!
1"
#7910
0!
0"
1:
0$
11
15
12
0,
0+
0*
1)
1(
#7915
1!
1"
b10101111 6
#7920
0!
0"
1:
13
10
1.
1-
0)
1'
0&
0%
#7925
1!
1"
b1000110 6
#7930
0!
0"
1:
1$
03
0.
0-
1,
0(
0'
1&
#7935
1!
1"
b10101111 6
#7940
0!
0"
1:
0$
04
13
02
00
1/
1.
1-
0,
1*
1'
0&
1%
#7945
1!
1"
b10110000 6
#7950
0!
0"
1:
1$
01
14
12
10
0/
0-
1,
1(
0'
#7955
1!
1"
#7960
0!
0"
1:
0,
1+
0*
1&
11
#7965
1!
1"
b1000110 6
#7970
0!
0"
1:
05
03
1-
1,
1)
0&
0%
#7975
1!
1"
b11000010 6
#7980
0!
0"
1:
04
02
00
0,
1*
0)
1'
#7985
1!
1"
b11110011 6
#7990
0!
0"
1:
14
13
12
1/
0.
1,
0+
0*
1)
0(
0'
1%
#7995
1!
1"
b10000111 6
#8000
0!
0"
1:
0$
04
03
02
10
0-
0,
1'
#8005
1!
1"
b11110011 6
#8010
0!
0"
1:
1$
01
14
0/
1,
1(
0%
#8015
1!
1"
#8020
0!
0"
1:
0$
15
13
1/
1-
0,
0)
#8025
1!
1"
#8030
0!
0"
1:
1$
11
05
12
00
0/
1.
0-
1,
1*
1)
0'
1%
#8035
1!
1"
b10000111 6
#8040
0!
0"
1:
0$
1/
0.
0,
1+
0*
1'
0%
#8045
1!
1"
#8050
0!
0"
1:
15
03
10
0/
1-
0+
1*
0)
0(
1&
1%
#8055
1!
1"
b10101111 6
#8060
0!
0"
1:
05
13
00
1/
0-
1(
0&
0%
#8065
1!
1"
b10000111 6
#8070
0!
0"
1:
1$
01
04
02
10
0/
1.
1-
1+
1)
0(
1&
#8075
1!
1"
#8080
0!
0"
1:
0$
11
14
03
0.
0-
0*
0'
0&
1%
#8085
1!
1"
b1100101 6
#8090
0!
0"
1:
01
04
1/
1,
1*
1'
#8095
1!
1"
#8100
0!
0"
1:
11
14
0/
1-
0,
0+
0)
0'
#8105
1!
1"
#8110
0!
0"
1:
1$
15
13
1,
1+
0*
1)
1(
1'
#8115
1!
1"
b10110110 6
#8120
0!
0"
1:
0$
01
05
04
03
12
1/
1.
0-
0+
0(
0'
#8125
1!
1"
#8130
0!
0"
1:
1$
15
02
0/
1-
1+
1*
1(
1&
0%
#8135
1!
1"
#8140
0!
0"
1:
0$
11
14
13
12
00
0.
0*
0)
0(
1'
#8145
1!
1"
b1000110 6
#8150
0!
0"
1:
1$
03
1.
0,
0+
1)
1(
0&
1%
#8155
1!
1"
b10111001 6
#8160
0!
0"
1:
01
13
02
10
0.
1,
1+
1*
0(
#8165
1!
1"
#8170
0!
0"
1:
0$
04
03
12
00
1/
1.
0+
0*
0)
0%
#8175
1!
1"
#8180
0!
0"
1:
1$
14
10
0,
1*
1)
1%
#8185
1!
1"
#8190
0!
0"
1:
0$
05
04
13
0.
1+
0)
0'
1&
#8195
1!
1"
#8200
0!
0"
1:
11
15
14
02
1.
0-
0+
1(
1'
0&
0%
#8205
1!
1"
b10110110 6
#8210
0!
0"
1:
12
1-
1,
0*
1)
0(
0'
1&
#8215
1!
1"
b1000110 6
#8220
0!
0"
1:
1$
01
05
04
03
0,
1*
0)
1(
0&
1%
#8225
1!
1"
#8230
0!
0"
1:
0$
11
02
00
0*
1)
0(
1&
#8235
1!
1"
b11110011 6
#8240
0!
0"
1:
1$
01
14
12
10
0/
0.
0)
1'
0&
#8245
1!
1"
#8250
0!
0"
1:
11
15
04
13
00
0-
1)
0'
1&
#8255
1!
1"
b100101 6
#8260
0!
0"
1:
01
05
1.
1-
1+
1(
0&
#8265
1!
1"
#8270
0!
0"
1:
14
02
1/
0-
1,
0+
1*
0(
#8275
1!
1"
#8280
0!
0"
1:
0$
11
15
03
12
0*
0)
1(
1'
1&
0%
#8285
1!
1"
b10001100 6
#8290
0!
0"
1:
1$
01
05
13
02
0/
0(
0'
#8295
1!
1"
#8300
0!
0"
1:
0$
11
04
12
1-
0,
1+
1)
1(
0&
#8305
1!
1"
b10000000 6
#8310
0!
0"
1:
1$
15
02
10
0.
0-
0(
1&
#8315
1!
1"
b11111101 6
#8320
0!
0"
1:
0$
03
1.
1-
0+
1*
1'
#8325
1!
1"
b10111101 6
#8330
0!
0"
1:
1$
05
14
12
00
0.
0*
0)
0'
#8335
1!
1"
b1001 6
#8340
0!
0"
1:
01
15
04
02
1/
1.
0-
1,
1+
1*
1)
1'
#8345
1!
1"
#8350
0!
0"
1:
11
14
13
12
10
0.
0,
0+
0*
0)
1(
1%
#8355
1!
1"
b1000110 6
#8360
0!
0"
1:
0$
01
05
03
1.
1+
1*
1)
0'
0%
#8365
1!
1"
#8370
0!
0"
1:
1$
11
15
04
13
00
0/
0.
0+
0)
0(
1'
1%
#8375
1!
1"
b100101 6
#8380
0!
0"
1:
01
02
1-
1,
1+
1)
0%
#8385
1!
1"
#8390
0!
0"
1:
14
03
10
1.
0-
0,
0+
0*
0)
1(
0&
#8395
1!
1"
#8400
0!
0"
1:
11
05
04
12
00
0.
1)
0'
1&
1%
#8405
1!
1"
b11010110 6
#8410
0!
0"
1:
0$
01
13
02
1/
1-
1+
0)
0&
0%
#8415
1!
1"
#8420
0!
0"
1:
11
15
14
03
0-
1*
1)
0(
1'
1&
1%
#8425
1!
1"
b101 6
#8430
0!
0"
1:
1$
01
12
0/
1.
1,
0)
1(
0'
0&
0%
#8435
1!
1"
#8440
0!
0"
1:
04
13
1/
0+
0*
1)
#8445
1!
1"
#8450
0!
0"
1:
0$
10
0/
0.
1-
0,
1*
1'
1&
11
#8455
1!
1"
b10000000 6
#8460
0!
0"
1:
05
03
02
1/
0-
1,
1+
0(
#8465
1!
1"
b11110011 6
#8470
0!
0"
1:
1$
01
13
0/
1.
1-
0,
0*
0)
1%
#8475
1!
1"
#8480
0!
0"
1:
0$
14
03
12
00
1/
0.
0-
1,
0+
1(
0%
#8485
1!
1"
#8490
0!
0"
1:
15
10
0/
1-
1*
1)
0(
0'
0&
1%
#8495
1!
1"
#8500
0!
0"
1:
05
04
13
02
1/
1.
0-
1+
0)
#8505
1!
1"
#8510
0!
0"
1:
1$
15
14
12
0/
0.
1-
0,
0*
1'
0%
#8515
1!
1"
#8520
0!
0"
1:
11
05
00
1/
1.
0-
1,
0+
0'
#8525
1!
1"
b101101 6
#8530
0!
0"
1:
01
03
02
10
0.
1-
0,
1*
1&
#8535
1!
1"
#8540
0!
0"
1:
0$
04
13
12
00
0/
1.
1+
1(
1'
#8545
1!
1"
#8550
0!
0"
1:
11
15
14
02
1/
0*
1)
0&
1%
#8555
1!
1"
b10110110 6
#8560
0!
0"
1:
05
04
10
1,
1*
0)
0'
#8565
1!
1"
b1001011 6
#8570
0!
0"
1:
1$
12
00
0.
0*
1)
0(
1'
1&
#8575
1!
1"
b10000000 6
#8580
0!
0"
1:
15
14
03
02
10
1.
0)
1(
#8585
1!
1"
b101 6
#8590
0!
0"
1:
01
13
00
0/
0.
0+
1*
1)
#8595
1!
1"
#8600
0!
0"
1:
0$
11
04
03
12
0-
0,
0*
0)
0'
0&
0%
#8605
1!
1"
b10101100 6
#8610
0!
0"
1:
13
10
1/
1+
0(
1&
#8615
1!
1"
b10000000 6
#8620
0!
0"
1:
05
14
00
1,
0+
1*
1'
0&
1%
#8625
1!
1"
b10111010 6
#8630
0!
0"
1:
1$
15
04
03
10
0/
1.
1-
0,
1)
0'
#8635
1!
1"
b10101100 6
#8640
0!
0"
1:
14
0.
1,
0*
0)
1'
1&
#8645
1!
1"
b10001100 6
#8650
0!
0"
1:
01
05
04
13
02
1/
1+
1*
0'
#8655
1!
1"
#8660
0!
0"
1:
14
03
12
1.
0*
1)
1(
1'
0%
#8665
1!
1"
#8670
0!
0"
1:
11
02
0/
0-
0,
0+
1*
0)
0&
1%
#8675
1!
1"
b101001 6
#8680
0!
0"
1:
15
12
1/
0.
1-
1+
0*
1)
0(
0'
#8685
1!
1"
b1000101 6
#8690
0!
0"
1:
01
04
13
00
0/
0-
0%
#8695
1!
1"
#8700
0!
0"
1:
1-
1,
0)
1(
1'
1&
1%
#8705
1!
1"
#8710
0!
0"
1:
0$
11
14
03
10
1/
1.
0-
0(
0&
0%
#8715
1!
1"
#8720
0!
0"
1:
1$
13
0.
1-
0,
1*
1)
1&
#8725
1!
1"
b111000 6
#8730
0!
0"
1:
01
05
03
00
0-
1,
0*
0)
1(
0'
0&
#8735
1!
1"
#8740
0!
0"
1:
0$
15
02
1-
0,
1)
0(
#8745
1!
1"
#8750
0!
0"
1:
05
12
0/
1.
0-
1,
0+
0)
1(
1&
#8755
1!
1"
#8760
0!
0"
1:
11
04
13
0,
1)
0(
1'
1%
#8765
1!
1"
b1111011 6
#8770
0!
0"
1:
1$
01
02
10
1/
1,
1+
0'
0%
#8775
1!
1"
#8780
0!
0"
1:
0$
11
14
03
12
00
0.
0,
0+
0)
1(
1'
0&
1%
#8785
1!
1"
b1001 6
#8790
0!
0"
1:
1$
15
04
0/
1-
1*
1&
0%
#8795
1!
1"
b10101100 6
#8800
0!
0"
1:
0$
05
10
1/
1.
0-
1,
1+
0(
0&
1%
#8805
1!
1"
b10101011 6
#8810
0!
0"
1:
1$
01
15
02
0.
1-
1(
0'
1&
#8815
1!
1"
#8820
0!
0"
1:
0$
11
13
0/
1.
0,
0*
1)
#8825
1!
1"
b11111101 6
#8830
0!
0"
1:
14
1/
1,
1*
0)
0&
#8835
1!
1"
b1001000 6
#8840
0!
0"
1:
01
05
04
03
00
0/
0-
0,
1'
0%
#8845
1!
1"
#8850
0!
0"
1:
12
1/
0.
1-
1)
0(
1&
#8855
1!
1"
#8860
0!
0"
1:
15
13
10
0/
0-
1,
0*
0&
1%
#8865
1!
1"
#8870
0!
0"
1:
05
14
03
02
1/
1.
0+
1*
0)
1(
0'
0%
#8875
1!
1"
#8880
0!
0"
1:
1$
11
15
12
0/
1+
1)
0(
#8885
1!
1"
b1000101 6
#8890
0!
0"
1:
0$
04
13
1/
1-
0,
0*
0)
1(
1&
#8895
1!
1"
b1111011 6
#8900
0!
0"
1:
01
03
02
00
0/
0.
0+
1*
1'
0&
#8905
1!
1"
#8910
0!
0"
1:
11
05
13
12
1/
0-
1,
1)
0(
#8915
1!
1"
#8920
0!
0"
1:
03
02
0,
1+
0*
0'
1%
#8925
1!
1"
b11110101 6
#8930
0!
0"
1:
15
12
10
1-
1'
0%
#8935
1!
1"
b10101100 6
#8940
0!
0"
1:
01
05
14
02
00
0)
1(
0'
#8945
1!
1"
#8950
0!
0"
1:
15
04
12
0/
1.
0-
0+
1*
1)
0(
1&
1%
#8955
1!
1"
#8960
0!
0"
1:
11
05
14
13
0.
1-
1,
0*
0)
1(
0%
#8965
1!
1"
b11001 6
#8970
0!
0"
1:
1$
01
15
03
02
10
1/
0-
0(
1'
#8975
1!
1"
#8980
0!
0"
1:
0$
11
05
04
00
1.
1-
1+
1(
0'
#8985
1!
1"
b11110101 6
#8990
0!
0"
1:
1$
01
12
10
0-
0,
0+
1)
0(
1'
0&
1%
#8995
1!
1"
#9000
0!
0"
1:
14
02
0/
0.
1-
1,
1*
0)
1(
0'
1&
#9005
1!
1"
#9010
0!
0"
1:
13
12
00
1/
1.
0-
0*
0(
1'
0&
0%
#9015
1!
1"
#9020
0!
0"
1:
03
02
0,
1)
1%
#9025
1!
1"
#9030
0!
0"
1:
11
04
13
0.
1+
1*
0)
0%
#9035
1!
1"
b10110111 6
#9040
0!
0"
1:
01
15
10
0/
1-
0*
1)
1(
1&
1%
#9045
1!
1"
#9050
0!
0"
1:
03
00
0-
1,
0+
0)
0&
#9055
1!
1"
#9060
0!
0"
1:
0$
11
05
12
1.
1-
0,
1*
1)
0'
1&
0%
#9065
1!
1"
b10101011 6
#9070
0!
0"
1:
01
14
02
10
0-
1,
1+
0(
#9075
1!
1"
#9080
0!
0"
1:
1$
1-
0*
1(
1'
0&
1%
11
#9085
1!
1"
b1100010 6
#9090
0!
0"
1:
0$
15
04
13
12
1/
0.
0-
0,
0+
1*
0(
0'
1&
#9095
1!
1"
b1011001 6
#9100
0!
0"
1:
01
05
14
02
00
0/
1.
0)
0&
#9105
1!
1"
#9110
0!
0"
1:
1$
15
12
1-
1,
1+
0*
1'
1&
#9115
1!
1"
#9120
0!
0"
1:
11
04
0.
0-
0+
0&
#9125
1!
1"
#9130
0!
0"
1:
0$
05
14
03
02
10
1.
1-
0,
1*
1)
0%
#9135
1!
1"
b1100010 6
#9140
0!
0"
1:
01
13
00
1/
0.
0-
0*
0)
1&
#9145
1!
1"
#9150
0!
0"
1:
11
04
03
12
0/
1-
1,
1(
#9155
1!
1"
b10101011 6
#9160
0!
0"
1:
1$
01
15
02
10
1.
0-
0,
1+
1*
1)
0(
0'
#9165
1!
1"
#9170
0!
0"
1:
0$
00
0.
1,
0+
0*
1(
1'
1%
11
#9175
1!
1"
b110010 6
#9180
0!
0"
1:
01
14
1.
1+
0)
0(
0&
0%
#9185
1!
1"
#9190
0!
0"
1:
05
10
0.
1-
0,
0+
1*
1)
1&
#9195
1!
1"
#9200
0!
0"
1:
1$
15
12
1/
1.
0-
1,
0)
0'
1%
#9205
1!
1"
#9210
0!
0"
1:
0$
04
13
00
0.
1-
0*
1)
1'
0%
#9215
1!
1"
#9220
0!
0"
1:
1$
11
14
03
0-
0,
0)
1(
#9225
1!
1"
b10111101 6
#9230
0!
0"
1:
0$
04
13
02
10
0/
1.
1+
0(
0&
#9235
1!
1"
b11111101 6
#9240
0!
0"
1:
1$
01
05
14
12
0.
1-
0+
1*
1)
1(
0'
#9245
1!
1"
#9250
0!
0"
1:
0$
11
15
04
02
0-
1+
0(
1&
#9255
1!
1"
#9260
0!
0"
1:
1$
05
14
03
12
1/
1,
1(
1%
#9265
1!
1"
b10000 6
#9270
0!
0"
1:
0$
04
00
1.
0,
0*
1'
0&
#9275
1!
1"
b10101011 6
#9280
0!
0"
1:
1$
15
13
02
10
0/
0.
0+
0'
#9285
1!
1"
b11111101 6
#9290
0!
0"
1:
01
14
03
12
1.
1+
1*
0)
0(
1'
0%
#9295
1!
1"
#9300
0!
0"
1:
11
05
04
13
02
1-
1,
0*
1)
1(
0'
1&
1%
#9305
1!
1"
b11100101 6
#9310
0!
0"
1:
0$
01
15
14
03
0-
0(
1'
0%
#9315
1!
1"
#9320
0!
0"
1:
1$
05
04
12
00
0.
1(
#9325
1!
1"
#9330
0!
0"
1:
0$
11
14
13
1/
1.
0+
1*
0'
0&
1%
#9335
1!
1"
b111100 6
#9340
0!
0"
1:
1$
01
15
0,
1+
0*
0(
1'
#9345
1!
1"
#9350
0!
0"
1:
03
10
0+
0)
1&
#9355
1!
1"
#9360
0!
0"
1:
0$
13
02
00
0.
1,
1*
1(
0'
#9365
1!
1"
#9370
0!
0"
1:
1$
05
03
12
1+
0*
0(
1'
#9375
1!
1"
#9380
0!
0"
1:
11
04
13
02
0/
1-
0,
0+
1(
0&
0%
#9385
1!
1"
b11100101 6
#9390
0!
0"
1:
0$
01
15
1/
1.
1)
0(
0'
1%
#9395
1!
1"
#9400
0!
0"
1:
1$
12
0.
0-
1,
1*
1'
0%
#9405
1!
1"
#9410
0!
0"
1:
0$
05
14
03
0/
1.
1-
0*
0)
1(
0'
1%
#9415
1!
1"
#9420
0!
0"
1:
11
04
10
0.
0-
0,
0(
1'
#9425
1!
1"
b10101011 6
#9430
0!
0"
1:
1$
1.
1,
1+
1*
1(
0'
0%
01
#9435
1!
1"
#9440
0!
0"
1:
11
15
14
13
02
0.
0,
0*
1)
0(
#9445
1!
1"
b10110000 6
#9450
0!
0"
1:
0$
05
1-
0)
1(
1&
1%
#9455
1!
1"
b10011 6
#9460
0!
0"
1:
1$
04
03
12
00
1/
1.
0+
0(
1'
0&
0%
#9465
1!
1"
b10101011 6
#9470
0!
0"
1:
13
02
10
0/
0.
1,
1+
1)
1(
1%
#9475
1!
1"
b11100101 6
#9480
0!
0"
1:
01
15
14
03
00
0)
0'
1&
0%
#9485
1!
1"
#9490
0!
0"
1:
0$
11
12
10
1/
0,
0+
1*
#9495
1!
1"
b10111001 6
#9500
0!
0"
1:
1$
04
13
02
1.
0-
1+
0*
1'
1%
#9505
1!
1"
b111000 6
#9510
0!
0"
1:
0$
05
14
03
00
0.
1-
1,
1*
0(
0'
0&
#9515
1!
1"
b1110 6
#9520
0!
0"
1:
1$
01
13
10
0/
0-
0,
0*
1)
1(
1'
0%
#9525
1!
1"
#9530
0!
0"
1:
0$
11
15
04
12
00
1.
0+
1*
0)
0'
#9535
1!
1"
b10111101 6
#9540
0!
0"
1:
1$
01
14
03
10
1/
0.
1,
1)
#9545
1!
1"
#9550
0!
0"
1:
05
02
00
0/
1.
1+
0(
1'
#9555
1!
1"
#9560
0!
0"
1:
04
12
10
0.
1-
0+
0*
1(
0'
#9565
1!
1"
#9570
0!
0"
1:
11
15
14
13
02
00
1.
0,
1+
1*
1%
#9575
1!
1"
b10110000 6
#9580
0!
0"
1:
0$
01
04
1/
0-
0*
0)
0(
1'
#9585
1!
1"
#9590
0!
0"
1:
05
03
10
0/
0.
1-
1,
0'
#9595
1!
1"
#9600
0!
0"
1:
11
15
13
12
00
1/
0-
0,
0+
1*
1)
1(
1'
1&
#9605
1!
1"
b10111101 6
#9610
0!
0"
1:
05
03
02
1-
0)
0'
0&
0%
#9615
1!
1"
b10100001 6
#9620
0!
0"
1:
1$
12
0/
1.
0(
1&
1%
#9625
1!
1"
b10101011 6
#9630
0!
0"
1:
0$
01
15
14
02
1(
1'
0%
#9635
1!
1"
#9640
0!
0"
1:
12
10
1/
0-
1+
0*
0(
0'
0&
#9645
1!
1"
#9650
0!
0"
1:
1$
11
05
04
02
1-
1*
1)
1'
1&
1%
#9655
1!
1"
b10100001 6
#9660
0!
0"
1:
14
0/
0.
0-
1,
0)
0'
0%
#9665
1!
1"
b11110100 6
#9670
0!
0"
1:
15
04
13
1/
0,
0+
0*
1)
1'
0&
1%
#9675
1!
1"
b111000 6
#9680
0!
0"
1:
0$
05
14
03
12
0/
1-
1,
1*
0'
0%
#9685
1!
1"
b10000011 6
#9690
0!
0"
1:
01
15
13
02
0-
0)
1'
#9695
1!
1"
#9700
0!
0"
1:
1$
05
04
03
12
1/
1.
1+
1(
#9705
1!
1"
#9710
0!
0"
1:
15
14
13
0.
1-
0+
1)
0(
1%
#9715
1!
1"
#9720
0!
0"
1:
11
05
04
0,
1+
1(
0'
1&
#9725
1!
1"
b1001100 6
#9730
0!
0"
1:
01
03
0/
1.
1,
0*
0(
1'
#9735
1!
1"
#9740
0!
0"
1:
11
15
1/
0,
0+
0&
#9745
1!
1"
b11101100 6
#9750
0!
0"
1:
0$
01
13
02
0/
0.
0-
1+
1*
1(
0'
1&
#9755
1!
1"
#9760
0!
0"
1:
11
14
03
12
1.
1-
0*
0)
0(
1'
0&
#9765
1!
1"
b10111001 6
#9770
0!
0"
1:
0.
0-
0+
1*
1(
#9775
1!
1"
#9780
0!
0"
1:
1$
01
04
13
02
1/
1.
1-
1,
1+
0(
#9785
1!
1"
#9790
0!
0"
1:
0$
11
03
12
00
0.
0-
0,
1(
#9795
1!
1"
b11101100 6
#9800
0!
0"
1:
1$
14
13
02
10
1-
1,
0+
1)
0'
1&
0%
#9805
1!
1"
b10110000 6
#9810
0!
0"
1:
01
03
12
00
0/
0-
1+
0*
0(
0&
1%
#9815
1!
1"
#9820
0!
0"
1:
0$
11
04
13
1/
1.
0)
1'
1&
#9825
1!
1"
b11101011 6
#9830
0!
0"
1:
1$
01
03
10
0/
0,
1*
0'
#9835
1!
1"
#9840
0!
0"
1:
05
02
1-
1,
1(
0%
#9845
1!
1"
#9850
0!
0"
1:
0$
11
13
1/
0.
0+
0(
0&
#9855
1!
1"
b1110001 6
#9860
0!
0"
1:
1$
15
14
1.
0-
1+
0*
1)
1'
#9865
1!
1"
b10110000 6
#9870
0!
0"
1:
0$
05
03
12
0.
1-
0+
0)
1(
0'
1%
#9875
1!
1"
b1111111 6
#9880
0!
0"
1:
04
02
1.
0,
1+
1*
1)
1&
#9885
1!
1"
b10100001 6
#9890
0!
0"
1:
1$
01
15
13
12
0+
0*
1'
0&
#9895
1!
1"
#9900
0!
0"
1:
0$
11
14
03
0/
0.
0-
0(
0'
1&
0%
#9905
1!
1"
b10001111 6
#9910
0!
0"
1:
1$
00
1/
1+
1%
#9915
1!
1"
#9920
0!
0"
1:
0$
05
04
10
0/
1.
0)
1'
#9925
1!
1"
b10110000 6
#9930
0!
0"
1:
01
14
02
0.
1)
1(
0%
#9935
1!
1"
#9940
0!
0"
1:
11
12
00
1/
1.
1,
0+
1*
0)
0&
1%
#9945
1!
1"
b1111111 6
#9950
0!
0"
1:
1$
01
15
0/
0.
1-
0,
0*
0(
0'
#9955
1!
1"
#9960
0!
0"
1:
04
02
1/
1.
1,
1)
1'
0%
#9965
1!
1"
#9970
0!
0"
1:
0$
05
12
0/
0-
1*
0)
0'
#9975
1!
1"
#9980
0!
0"
1:
11
14
13
02
1/
0*
1(
1'
1%
#9985
1!
1"
b10011 6
#9990
0!
0"
1:
1$
15
03
12
0/
0,
1*
0%
#9995
1!
1"
b10001111 6
#10000
0!
0"
1:
0$
05
04
13
10
1/
0.
1-
1+
1)
0'
1%
#10005
1!
1"
b10100010 6
#10010
0!
0"
1:
14
02
1,
1'
0%
#10015
1!
1"
b10011 6
#10020
0!
0"
1:
15
04
0/
1.
0-
0+
0)
1&
#10025
1!
1"
b1111101 6
#10030
0!
0"
1:
05
14
03
00
1/
1-
0,
1+
1)
0&
#10035
1!
1"
b10011110 6
#10040
0!
0"
1:
1$
01
04
13
0*
0'
1&
#10045
1!
1"
#10050
0!
0"
1:
15
10
0.
1,
0+
0)
0(
1'
0&
#10055
1!
1"
#10060
0!
0"
1:
0$
14
03
0/
1.
0,
1+
1)
1(
0'
1&
#10065
1!
1"
#10070
0!
0"
1:
11
05
04
12
00
0+
1*
0)
0&
#10075
1!
1"
b1000 6
#10080
0!
0"
1:
01
15
02
1/
0.
0-
1+
1)
0(
1'
1&
#10085
1!
1"
#10090
0!
0"
1:
11
05
10
0/
1.
1,
0*
1(
0'
0&
#10095
1!
1"
b10100001 6
#10100
0!
0"
1:
1$
01
15
14
12
1/
0.
1-
0,
1*
0(
1'
1&
1%
#10105
1!
1"
#10110
0!
0"
1:
0$
11
13
02
0-
1,
0+
0*
0)
1(
#10115
1!
1"
b10110000 6
#10120
0!
0"
1:
04
12
0/
1+
1*
0&
0%
#10125
1!
1"
b11101011 6
#10130
0!
0"
1:
1$
05
1.
0+
0*
1)
0(
1&
#10135
1!
1"
b10100010 6
#10140
0!
0"
1:
0$
15
03
02
00
1/
0.
1-
0,
1*
0'
0&
1%
#10145
1!
1"
b10011001 6
#10150
0!
0"
1:
01
05
13
1.
1,
1+
0*
1(
1'
0%
#10155
1!
1"
#10160
0!
0"
1:
1$
15
03
10
0/
0.
0-
0+
1*
0(
0'
1&
1%
#10165
1!
1"
#10170
0!
0"
1:
0$
11
05
14
12
00
1-
0,
1+
1(
0%
#10175
1!
1"
b1111111 6
#10180
0!
0"
1:
01
02
1/
0-
1,
1'
0&
1%
#10185
1!
1"
#10190
0!
0"
1:
1$
11
13
12
10
1-
0+
0)
0(
0'
1&
#10195
1!
1"
b11101011 6
#10200
0!
0"
1:
15
03
00
1.
1+
1(
1'
0%
#10205
1!
1"
b10001111 6
#10210
0!
0"
1:
01
04
13
02
0.
0*
1)
#10215
1!
1"
#10220
0!
0"
1:
0$
11
14
03
10
0+
1*
0)
0(
0'
#10225
1!
1"
b1000100 6
#10230
0!
0"
1:
1$
05
04
13
12
0/
1.
0-
1)
1'
1%
#10235
1!
1"
b1011011 6
#10240
0!
0"
1:
0$
01
14
00
1/
1+
0)
1(
0'
0&
#10245
1!
1"
#10250
0!
0"
1:
1$
11
15
04
0/
1-
0*
1'
0%
#10255
1!
1"
b11101011 6
#10260
0!
0"
1:
02
10
0.
1*
1)
#10265
1!
1"
b10101110 6
#10270
0!
0"
1:
0$
14
03
12
1/
1.
0-
0+
0(
0'
1%
#10275
1!
1"
b10001111 6
#10280
0!
0"
1:
1$
01
04
13
00
1-
1+
0)
0%
#10285
1!
1"
#10290
0!
0"
1:
03
02
10
0.
0,
0+
0*
1'
1&
#10295
1!
1"
#10300
0!
0"
1:
0$
11
14
00
0/
1.
1,
1+
1%
#10305
1!
1"
b11111001 6
#10310
0!
0"
1:
05
04
13
10
1/
0.
0-
0+
1(
0'
0&
#10315
1!
1"
b1110001 6
#10320
0!
0"
1:
1$
03
12
00
1.
0,
1+
1'
#10325
1!
1"
b1000 6
#10330
0!
0"
1:
0$
14
13
02
0/
0.
1-
1,
0+
0(
0%
#10335
1!
1"
b1011 6
#10340
0!
0"
1:
1$
01
04
03
12
1.
0-
1*
1(
1&
1%
#10345
1!
1"
#10350
0!
0"
1:
11
13
10
1/
1-
0,
1+
0*
1)
#10355
1!
1"
b1011011 6
#10360
0!
0"
1:
15
02
0.
0-
1*
0)
0'
0&
#10365
1!
1"
b10101110 6
#10370
0!
0"
1:
0$
03
12
1,
0*
1)
0%
#10375
1!
1"
b1100011 6
#10380
0!
0"
1:
1$
01
13
02
0+
1*
0(
1'
#10385
1!
1"
#10390
0!
0"
1:
0$
05
14
00
1-
0,
1+
0*
1(
0'
#10395
1!
1"
#10400
0!
0"
1:
1$
03
12
0/
0-
0+
1*
1'
#10405
1!
1"
#10410
0!
0"
1:
15
13
02
1/
1-
1+
0*
0)
0(
0'
#10415
1!
1"
#10420
0!
0"
1:
05
04
03
10
1.
0-
0+
1*
1)
#10425
1!
1"
#10430
0!
0"
1:
11
14
13
00
1,
1+
0*
1(
#10435
1!
1"
b1011 6
#10440
0!
0"
1:
04
12
10
0/
1-
0,
0+
0)
1%
#10445
1!
1"
b1011011 6
#10450
0!
0"
1:
15
00
1/
0.
0-
1,
1+
0(
0%
#10455
1!
1"
b11101011 6
#10460
0!
0"
1:
0$
01
14
10
0/
1.
0,
0+
1*
1)
1(
#10465
1!
1"
#10470
0!
0"
1:
1$
11
05
04
00
1-
1,
0*
0)
0(
1&
#10475
1!
1"
b1011011 6
#10480
0!
0"
1:
03
10
0.
0-
0,
1+
1*
1)
1'
#10485
1!
1"
b1000 6
#10490
0!
0"
1:
0$
01
15
02
1/
1-
1,
0)
1%
#10495
1!
1"
#10500
0!
0"
1:
11
14
13
00
1.
0,
0*
1)
0&
0%
#10505
1!
1"
b10111010 6
#10510
0!
0"
1:
05
10
0-
0+
0)
1(
#10515
1!
1"
b11100001 6
#10520
0!
0"
1:
01
15
04
12
0/
1-
1+
0'
1&
1%
#10525
1!
1"
#10530
0!
0"
1:
1$
05
03
02
00
1/
1,
0+
1)
0(
1'
#10535
1!
1"
#10540
0!
0"
1:
14
12
10
0,
1(
0'
0&
#10545
1!
1"
#10550
0!
0"
1:
0$
04
0/
0.
0-
0)
0(
1'
0%
#10555
1!
1"
#10560
0!
0"
1:
1$
15
14
02
1.
1-
1)
1(
0'
#10565
1!
1"
#10570
0!
0"
1:
04
13
12
0.
0-
1+
1*
0)
0(
1&
#10575
1!
1"
#10580
0!
0"
1:
1/
1-
1,
0*
1)
1'
0&
1%
#10585
1!
1"
#10590
0!
0"
1:
0$
11
02
0/
1.
0-
0,
1*
0)
0%
#10595
1!
1"
b10101110 6
#10600
0!
0"
1:
1$
1/
1-
0+
1)
1(
0'
1&
1%
01
#10605
1!
1"
#10610
0!
0"
1:
11
05
03
12
0/
0.
1,
0)
#10615
1!
1"
b1000 6
#10620
0!
0"
1:
0$
01
15
02
1/
1.
0*
1)
1'
#10625
1!
1"
#10630
0!
0"
1:
11
05
13
00
0.
0-
0,
1*
0)
0(
0'
#10635
1!
1"
b1100001 6
#10640
0!
0"
1:
1$
01
14
03
0/
1.
1+
0*
#10645
1!
1"
#10650
0!
0"
1:
0$
11
13
10
1/
#10655
1!
1"
b11100001 6
#10660
0!
0"
1:
1$
04
03
0/
1-
0+
1*
1'
0%
#10665
1!
1"
b110010 6
#10670
0!
0"
1:
0$
14
12
00
1+
0*
0&
#10675
1!
1"
b10111011 6
#10680
0!
0"
1:
15
04
10
1/
0.
1,
0+
1*
1%
#10685
1!
1"
b10001111 6
#10690
0!
0"
1:
01
14
13
02
0/
1.
0-
0,
1+
0*
1(
0'
1&
0%
#10695
1!
1"
#10700
0!
0"
1:
05
04
00
1/
0.
1-
1,
1*
1)
1'
0&
1%
#10705
1!
1"
#10710
0!
0"
1:
1$
10
1.
0+
0'
11
#10715
1!
1"
b1100001 6
#10720
0!
0"
1:
01
14
12
0/
0.
0-
1+
0)
0(
1&
0%
#10725
1!
1"
#10730
0!
0"
1:
15
02
00
1(
1%
#10735
1!
1"
#10740
0!
0"
1:
11
05
04
03
10
1/
1.
0,
0(
0%
#10745
1!
1"
b110010 6
#10750
0!
0"
1:
14
12
00
0/
1(
1%
#10755
1!
1"
b10111011 6
#10760
0!
0"
1:
15
13
02
1,
0+
0*
0(
1'
0&
0%
#10765
1!
1"
b10111010 6
#10770
0!
0"
1:
0$
01
03
1/
0.
1+
1(
0'
1&
1%
#10775
1!
1"
#10780
0!
0"
1:
1$
05
13
0/
0+
0(
0&
#10785
1!
1"
#10790
0!
0"
1:
0$
1/
1.
1-
1+
1)
1(
1'
0%
#10795
1!
1"
#10800
0!
0"
1:
04
12
0/
0.
0-
0,
1*
#10805
1!
1"
#10810
0!
0"
1:
1$
03
02
10
1,
0+
0*
0'
1&
#10815
1!
1"
#10820
0!
0"
1:
14
00
1.
1*
0)
1'
#10825
1!
1"
#10830
0!
0"
1:
11
15
0.
0,
0*
0'
1%
#10835
1!
1"
b11000000 6
#10840
0!
0"
1:
01
05
13
1/
1.
1-
1,
1+
1*
1)
0(
0&
#10845
1!
1"
#10850
0!
0"
1:
0$
03
10
0.
0,
1(
1&
#10855
1!
1"
#10860
0!
0"
1:
15
04
13
12
0/
0-
1,
0+
0(
0&
#10865
1!
1"
#10870
0!
0"
1:
14
00
1/
0,
0*
1(
1'
1&
#10875
1!
1"
#10880
0!
0"
1:
05
04
1,
0%
#10885
1!
1"
#10890
0!
0"
1:
1$
14
02
0/
1.
1+
0)
0'
1%
#10895
1!
1"
#10900
0!
0"
1:
11
04
12
0.
1-
0+
1)
0(
0&
#10905
1!
1"
b100100 6
#10910
0!
0"
1:
0$
14
02
10
0,
1*
0)
0%
#10915
1!
1"
b1001101 6
#10920
0!
0"
1:
04
03
12
1,
1+
0*
1)
1(
1&
1%
#10925
1!
1"
b10011000 6
#10930
0!
0"
1:
1$
01
15
13
02
00
1/
1.
0-
0%
#10935
1!
1"
#10940
0!
0"
1:
0$
03
12
0/
0.
1-
1%
#10945
1!
1"
#10950
0!
0"
1:
1$
05
14
13
1.
0-
0,
0)
1'
0&
0%
#10955
1!
1"
#10960
0!
0"
1:
04
1-
1,
0+
1*
1)
1&
1%
#10965
1!
1"
#10970
0!
0"
1:
15
14
03
02
0.
0,
0(
0'
0&
0%
#10975
1!
1"
#10980
0!
0"
1:
0$
05
04
12
1/
1,
0*
1'
#10985
1!
1"
#10990
0!
0"
1:
1$
11
15
14
13
0/
0,
1+
1*
1(
1&
1%
#10995
1!
1"
b11011100 6
#11000
0!
0"
1:
10
1/
0-
0*
0(
0'
0&
0%
#11005
1!
1"
b11101000 6
#11010
0!
0"
1:
0$
05
04
02
00
0/
1-
1,
0+
1*
1(
1'
1&
1%
#11015
1!
1"
b1100111 6
#11020
0!
0"
1:
1$
14
03
12
1.
0,
0*
0)
0'
0&
0%
#11025
1!
1"
b10111011 6
#11030
0!
0"
1:
01
04
02
0-
1+
1)
1'
1&
1%
#11035
1!
1"
#11040
0!
0"
1:
0$
11
14
0.
1,
0+
0)
0(
0'
0%
#11045
1!
1"
b10100 6
#11050
0!
0"
1:
1$
01
15
13
12
1/
1*
1(
1'
0&
#11055
1!
1"
#11060
0!
0"
1:
0$
11
04
03
02
10
0*
1)
0(
#11065
1!
1"
b1100 6
#11070
0!
0"
1:
1$
01
14
12
00
0/
1*
1(
0'
#11075
1!
1"
#11080
0!
0"
1:
0$
11
05
1/
0,
1'
#11085
1!
1"
b10111011 6
#11090
0!
0"
1:
01
15
13
02
10
1.
1-
1+
0*
1&
1%
#11095
1!
1"
#11100
0!
0"
1:
11
05
12
00
0+
1*
0)
0'
#11105
1!
1"
b10011110 6
#11110
0!
0"
1:
1$
01
15
04
02
10
0/
0-
1)
0(
0&
#11115
1!
1"
#11120
0!
0"
1:
0$
11
03
12
1/
0.
1-
1,
0*
0)
1(
1'
1&
#11125
1!
1"
b11011111 6
#11130
0!
0"
1:
1$
01
05
13
02
0/
0,
0&
0%
#11135
1!
1"
#11140
0!
0"
1:
0$
11
12
00
1/
1.
1,
1*
1)
#11145
1!
1"
b100100 6
#11150
0!
0"
1:
01
15
0/
0)
0(
#11155
1!
1"
#11160
0!
0"
1:
03
02
10
0.
0-
0,
1)
1(
0'
1%
#11165
1!
1"
#11170
0!
0"
1:
1$
05
14
13
00
1/
1,
0*
0)
0(
1'
1&
#11175
1!
1"
#11180
0!
0"
1:
04
1.
0,
0'
0&
#11185
1!
1"
#11190
0!
0"
1:
0$
11
15
10
0/
1,
1+
1(
1&
0%
#11195
1!
1"
b10110110 6
#11200
0!
0"
1:
01
05
14
03
12
1-
0+
1)
0(
0&
#11205
1!
1"
#11210
0!
0"
1:
11
15
04
02
00
0.
0-
1+
0)
1%
#11215
1!
1"
b11010000 6
#11220
0!
0"
1:
14
12
1/
0+
1*
1)
1(
1&
#11225
1!
1"
b100110 6
#11230
0!
0"
1:
1$
05
02
0/
1.
1-
0,
0*
1'
#11235
1!
1"
b10100 6
#11240
0!
0"
1:
0$
12
1/
0-
1,
1*
0(
0%
#11245
1!
1"
b10111011 6
#11250
0!
0"
1:
1$
15
04
13
10
0/
1+
1(
0'
#11255
1!
1"
b110100 6
#11260
0!
0"
1:
1/
0.
1-
0+
0*
1%
01
#11265
1!
1"
#11270
0!
0"
1:
14
0/
1.
0-
0,
1+
1*
0)
0(
1'
0&
0%
#11275
1!
1"
#11280
0!
0"
1:
05
04
02
00
1/
1-
0+
0*
1)
1(
0'
1&
#11285
1!
1"
#11290
0!
0"
1:
0$
11
14
1,
0(
0&
1%
#11295
1!
1"
b1001101 6
#11300
0!
0"
1:
1$
01
15
04
03
12
10
0/
0.
0-
1+
1*
0)
1(
1'
0%
#11305
1!
1"
#11310
0!
0"
1:
0$
11
05
13
1/
1-
0,
0(
0'
1%
#11315
1!
1"
b100100 6
#11320
0!
0"
1:
1$
01
03
02
00
0-
1,
0*
1)
1(
1'
1&
0%
#11325
1!
1"
#11330
0!
0"
1:
14
13
0/
1.
1*
0)
0(
#11335
1!
1"
#11340
0!
0"
1:
0$
11
03
10
1-
0+
0*
#11345
1!
1"
b1100101 6
#11350
0!
0"
1:
1$
00
1/
0.
0,
1)
#11355
1!
1"
#11360
0!
0"
1:
0$
15
13
10
1,
1(
0&
#11365
1!
1"
b10110010 6
#11370
0!
0"
1:
1$
01
05
04
03
12
0-
0,
1*
0(
1&
#11375
1!
1"
#11380
0!
0"
1:
0$
11
15
14
00
0/
1-
1(
0'
0&
1%
#11385
1!
1"
b100110 6
#11390
0!
0"
1:
1$
1.
0-
1+
1'
0%
01
#11395
1!
1"
#11400
0!
0"
1:
0$
11
04
02
10
1/
0.
1-
0+
0*
0)
0(
1&
#11405
1!
1"
b11010000 6
#11410
0!
0"
1:
01
14
12
00
0/
1.
0-
1+
1%
#11415
1!
1"
#11420
0!
0"
1:
04
13
02
10
0.
0+
1)
1(
0%
#11425
1!
1"
#11430
0!
0"
1:
11
05
14
03
12
00
1/
1-
0)
0(
0&
1%
#11435
1!
1"
b10111011 6
#11440
0!
0"
1:
13
02
10
0/
0-
1,
1*
1&
0%
#11445
1!
1"
b11000011 6
#11450
0!
0"
1:
1$
04
00
1-
0,
1)
#11455
1!
1"
b1100111 6
#11460
0!
0"
1:
01
12
1/
1.
1,
0'
#11465
1!
1"
#11470
0!
0"
1:
02
1+
0*
1(
1'
0&
1%
#11475
1!
1"
#11480
0!
0"
1:
0$
15
14
12
0/
0+
0(
0'
1&
0%
#11485
1!
1"
#11490
0!
0"
1:
1$
04
0-
1*
0)
1(
#11495
1!
1"
#11500
0!
0"
1:
05
10
1-
0*
1)
1'
0&
1%
#11505
1!
1"
#11510
0!
0"
1:
0$
00
1/
0,
0)
0(
0%
11
#11515
1!
1"
b100100 6
#11520
0!
0"
1:
1$
15
14
10
0/
1+
1(
1%
#11525
1!
1"
b10001100 6
#11530
0!
0"
1:
0$
04
00
0.
0+
1*
0(
0'
0%
#11535
1!
1"
b10011011 6
#11540
0!
0"
1:
05
14
02
10
1/
0-
1+
0*
1%
#11545
1!
1"
b11001000 6
#11550
0!
0"
1:
04
03
00
0/
1.
1-
1,
1*
1)
1'
1&
#11555
1!
1"
b10100011 6
#11560
0!
0"
1:
14
13
10
0.
0-
0'
0&
#11565
1!
1"
b11001000 6
#11570
0!
0"
1:
1$
00
1/
1-
0*
0)
1&
#11575
1!
1"
#11580
0!
0"
1:
0$
04
12
0/
0-
0,
1'
0%
#11585
1!
1"
b111010 6
#11590
0!
0"
1:
01
15
10
1(
1%
#11595
1!
1"
#11600
0!
0"
1:
1$
05
00
1.
1*
0(
0&
0%
#11605
1!
1"
#11610
0!
0"
1:
0$
03
1-
0+
1(
0'
1&
#11615
1!
1"
#11620
0!
0"
1:
1$
11
14
13
02
1/
0.
0-
0*
0(
1'
0&
#11625
1!
1"
b11001000 6
#11630
0!
0"
1:
04
03
12
0/
1.
1)
0'
#11635
1!
1"
b110 6
#11640
0!
0"
1:
0$
01
14
13
0.
1-
1+
1*
0)
1'
1&
1%
#11645
1!
1"
#11650
0!
0"
1:
15
03
02
10
1/
0*
1)
#11655
1!
1"
#11660
0!
0"
1:
1$
05
04
00
0+
0)
1(
0'
0&
#11665
1!
1"
#11670
0!
0"
1:
11
15
14
13
1,
1+
1*
1&
#11675
1!
1"
b10110010 6
#11680
0!
0"
1:
01
05
03
12
10
1.
0,
0+
0*
1)
0(
0&
#11685
1!
1"
#11690
0!
0"
1:
04
00
0.
0-
1+
0)
1(
1'
#11695
1!
1"
#11700
0!
0"
1:
15
14
02
0/
1.
1-
1,
0+
1*
1&
#11705
1!
1"
#11710
0!
0"
1:
12
0.
0-
0*
0(
0'
0%
#11715
1!
1"
#11720
0!
0"
1:
0$
13
10
1/
1.
1-
0,
1+
1'
#11725
1!
1"
#11730
0!
0"
1:
11
04
02
00
0/
0.
1,
0+
1*
1)
1(
1%
#11735
1!
1"
b1010100 6
#11740
0!
0"
1:
1.
0-
0,
0)
0(
0%
#11745
1!
1"
#11750
0!
0"
1:
05
14
0.
1(
0'
#11755
1!
1"
b11001000 6
#11760
0!
0"
1:
1$
03
12
10
1/
1,
1+
0*
1)
0(
#11765
1!
1"
b10111011 6
#11770
0!
0"
1:
0$
01
15
02
0/
1.
0,
0+
0)
1(
0&
#11775
1!
1"
#11780
0!
0"
1:
1$
13
12
1/
0.
1,
1+
1)
0(
1%
#11785
1!
1"
#11790
0!
0"
1:
11
05
03
1.
0,
1*
#11795
1!
1"
#11800
0!
0"
1:
15
13
02
00
0*
#11805
1!
1"
b10110010 6
#11810
0!
0"
1:
04
12
10
0/
1,
0+
1*
1(
0%
#11815
1!
1"
b1111010 6
#11820
0!
0"
1:
0$
14
00
1/
0.
1-
0)
1'
1&
1%
#11825
1!
1"
b1011100 6
#11830
0!
0"
1:
05
03
0/
1.
0-
0,
1+
1)
0(
0'
0&
0%
#11835
1!
1"
b10111011 6
#11840
0!
0"
1:
02
1-
0*
0)
1(
1&
#11845
1!
1"
b10 6
#11850
0!
0"
1:
01
15
04
1/
0-
1,
1*
1)
0(
1%
#11855
1!
1"
#11860
0!
0"
1:
0.
1-
0,
1'
#11865
1!
1"
#11870
0!
0"
1:
1$
13
12
10
1,
0+
1(
0%
#11875
1!
1"
#11880
0!
0"
1:
03
02
0*
0)
0&
1%
#11885
1!
1"
#11890
0!
0"
1:
0$
11
05
13
12
00
1.
0(
0'
1&
0%
#11895
1!
1"
b111010 6
#11900
0!
0"
1:
1$
01
03
02
0.
0-
0,
1*
1)
1(
1'
0&
#11905
1!
1"
#11910
0!
0"
1:
11
15
12
10
1.
1-
1,
0*
0)
#11915
1!
1"
b1010 6
#11920
0!
0"
1:
0$
00
0.
0-
0,
1+
1)
0(
0'
1&
1%
#11925
1!
1"
#11930
0!
0"
1:
10
0/
1.
1,
0)
1(
0%
#11935
1!
1"
#11940
0!
0"
1:
1$
01
14
13
00
1/
1*
0&
1%
#11945
1!
1"
#11950
0!
0"
1:
0$
11
05
04
03
02
0.
1-
0,
0+
0*
1'
#11955
1!
1"
b10000100 6
#11960
0!
0"
1:
1$
01
15
14
13
12
10
0/
1.
1*
#11965
1!
1"
#11970
0!
0"
1:
11
04
03
00
1/
0.
0-
0*
1)
0(
0'
0%
#11975
1!
1"
b1110110 6
#11980
0!
0"
1:
0$
02
10
1.
1,
1+
1*
0)
1'
1&
#11985
1!
1"
b11010101 6
#11990
0!
0"
1:
05
13
00
0,
1(
0&
1%
#11995
1!
1"
b10110011 6
#12000
0!
0"
1:
1$
01
14
03
0/
0.
1-
1,
0+
0*
0(
1&
0%
#12005
1!
1"
#12010
0!
0"
1:
0$
11
04
13
12
1/
0-
0,
1+
1*
#12015
1!
1"
b111010 6
#12020
0!
0"
1:
15
14
02
0/
1-
0+
1)
1(
0'
0&
#12025
1!
1"
b11011011 6
#12030
0!
0"
1:
05
04
1,
0)
1&
#12035
1!
1"
b10110011 6
#12040
0!
0"
1:
01
14
10
1.
0,
1+
0*
1'
1%
#12045
1!
1"
#12050
0!
0"
1:
1$
11
15
04
12
0.
1,
0+
1*
1)
0(
#12055
1!
1"
b1111010 6
#12060
0!
0"
1:
01
05
14
03
02
1/
1.
0,
1+
0*
0)
1(
0'
#12065
1!
1"
#12070
0!
0"
1:
15
12
00
0-
1*
1)
0(
1'
0%
#12075
1!
1"
#12080
0!
0"
1:
04
13
1-
1,
0+
0*
0)
1(
0&
#12085
1!
1"
#12090
0!
0"
1:
0$
02
1+
1)
0(
0'
1&
#12095
1!
1"
#12100
0!
0"
1:
0/
0.
0-
0+
1*
0)
1(
1'
0&
#12105
1!
1"
#12110
0!
0"
1:
05
03
1/
1-
0'
1&
#12115
1!
1"
#12120
0!
0"
1:
1$
15
14
0-
0,
1+
1)
1'
0&
#12125
1!
1"
#12130
0!
0"
1:
0$
11
04
13
12
10
1.
1-
1,
0+
0*
0(
1&
1%
#12135
1!
1"
b101111 6
#12140
0!
0"
1:
01
03
02
00
0/
0-
1+
1*
0'
0%
#12145
1!
1"
#12150
0!
0"
1:
1$
14
12
0+
0*
0)
1'
1%
#12155
1!
1"
#12160
0!
0"
1:
0$
11
13
02
1-
1+
1*
0'
#12165
1!
1"
b11011011 6
#12170
0!
0"
1:
12
1/
0.
0+
0*
1(
1'
0&
#12175
1!
1"
b1011100 6
#12180
0!
0"
1:
1$
01
05
04
03
10
0/
1.
0,
1+
1*
1)
1&
0%
#12185
1!
1"
#12190
0!
0"
1:
0-
0*
0(
0&
1%
#12195
1!
1"
#12200
0!
0"
1:
0$
11
13
0.
1,
0+
1*
0'
1&
#12205
1!
1"
b111010 6
#12210
0!
0"
1:
15
14
02
1.
0,
1(
0&
#12215
1!
1"
b11101101 6
#12220
0!
0"
1:
03
12
0.
0*
0%
#12225
1!
1"
b1001101 6
#12230
0!
0"
1:
1$
01
05
02
00
1/
1*
0)
1&
1%
#12235
1!
1"
#12240
0!
0"
1:
0$
04
12
10
1,
1+
0*
1)
1'
#12245
1!
1"
#12250
0!
0"
1:
1$
02
00
1.
1-
0,
0+
0(
#12255
1!
1"
#12260
0!
0"
1:
11
15
0/
0-
1*
0)
1(
0&
#12265
1!
1"
b11010101 6
#12270
0!
0"
1:
10
1/
0.
0*
1)
0'
0%
#12275
1!
1"
#12280
0!
0"
1:
01
13
12
1.
1*
1&
1%
#12285
1!
1"
#12290
0!
0"
1:
0$
14
0.
1+
0)
0&
#12295
1!
1"
#12300
0!
0"
1:
1$
11
04
03
00
1-
0+
1)
1'
1&
#12305
1!
1"
b1110110 6
#12310
0!
0"
1:
0$
01
14
10
0-
1,
1+
0*
0)
0&
#12315
1!
1"
#12320
0!
0"
1:
04
13
00
1.
0+
1*
1)
0(
0'
#12325
1!
1"
#12330
0!
0"
1:
1$
05
14
02
0/
0.
0,
1+
0)
1(
1'
0%
#12335
1!
1"
#12340
0!
0"
1:
0$
11
04
1-
0+
0*
1)
0'
1%
#12345
1!
1"
b10110011 6
#12350
0!
0"
1:
15
14
03
1/
0-
1,
1+
0)
1'
#12355
1!
1"
b1100000 6
#12360
0!
0"
1:
1$
04
13
12
0/
1*
1)
0(
1&
0%
#12365
1!
1"
b11000111 6
#12370
0!
0"
1:
01
05
14
10
1/
1-
0,
0*
0)
0'
0&
1%
#12375
1!
1"
#12380
0!
0"
1:
15
04
03
00
0/
1.
0-
1,
0+
1*
1)
1(
1'
1&
0%
#12385
1!
1"
#12390
0!
0"
1:
05
13
0.
0,
0(
1%
#12395
1!
1"
#12400
0!
0"
1:
15
10
1.
0)
#12405
1!
1"
#12410
0!
0"
1:
14
03
1/
0.
1,
1(
0'
0%
#12415
1!
1"
#12420
0!
0"
1:
0$
05
13
00
1-
0,
1+
0*
0(
0&
#12425
1!
1"
#12430
0!
0"
1:
1$
11
02
10
0/
1.
0-
1,
0+
1)
1(
1&
1%
#12435
1!
1"
b11110000 6
#12440
0!
0"
1:
01
03
0.
0,
1*
0(
#12445
1!
1"
#12450
0!
0"
1:
15
00
1/
1.
1,
1+
0%
#12455
1!
1"
#12460
0!
0"
1:
0$
04
13
12
0.
0)
1'
0&
1%
#12465
1!
1"
#12470
0!
0"
1:
05
14
03
10
0/
0+
0'
#12475
1!
1"
#12480
0!
0"
1:
1$
11
15
02
00
1+
1)
1(
1'
0%
#12485
1!
1"
b1100000 6
#12490
0!
0"
1:
13
12
0,
0(
#12495
1!
1"
b11001010 6
#12500
0!
0"
1:
01
04
1.
0)
1(
0'
#12505
1!
1"
#12510
0!
0"
1:
0$
11
02
10
1/
1-
1,
1'
1&
#12515
1!
1"
b1010011 6
#12520
0!
0"
1:
05
12
00
0.
0-
1)
0(
0'
#12525
1!
1"
b11000001 6
#12530
0!
0"
1:
01
14
03
02
0/
1.
1-
0,
0+
0*
1%
#12535
1!
1"
#12540
0!
0"
1:
11
04
1/
1*
0)
1(
1'
0%
#12545
1!
1"
b10000010 6
#12550
0!
0"
1:
15
14
13
0.
0-
1+
0*
#12555
1!
1"
b11010100 6
#12560
0!
0"
1:
01
05
03
12
0/
1.
1-
1,
1*
1)
0(
1%
#12565
1!
1"
#12570
0!
0"
1:
02
10
1/
0.
0,
1(
0&
0%
#12575
1!
1"
#12580
0!
0"
1:
1$
04
13
12
00
0/
0*
0)
0(
1&
#12585
1!
1"
#12590
0!
0"
1:
0$
14
02
1*
1)
1(
0'
0&
#12595
1!
1"
#12600
0!
0"
1:
1$
11
12
1/
1.
0+
0*
1'
1&
1%
#12605
1!
1"
b1000101 6
#12610
0!
0"
1:
0$
01
04
02
10
0/
0-
1+
0)
0(
0%
#12615
1!
1"
#12620
0!
0"
1:
1$
15
12
1/
0.
1-
1*
1(
0&
#12625
1!
1"
#12630
0!
0"
1:
0$
14
0/
1.
1,
1)
0'
1&
1%
#12635
1!
1"
#12640
0!
0"
1:
11
05
04
00
1/
0,
0+
0*
0)
0(
1'
#12645
1!
1"
b11000001 6
#12650
0!
0"
1:
15
14
10
0/
0.
0-
1,
1*
1(
0&
#12655
1!
1"
b10001110 6
#12660
0!
0"
1:
1$
05
04
00
1+
0'
1&
0%
#12665
1!
1"
b11000001 6
#12670
0!
0"
1:
0$
01
15
14
02
1-
0,
0(
0&
#12675
1!
1"
#12680
0!
0"
1:
11
04
10
0-
1,
0+
0*
1'
#12685
1!
1"
b1110000 6
#12690
0!
0"
1:
14
12
1/
0,
1+
1*
#12695
1!
1"
b10001110 6
#12700
0!
0"
1:
1$
01
04
00
1)
1&
1%
#12705
1!
1"
#12710
0!
0"
1:
0$
11
05
14
02
1.
1-
0*
0)
1(
0%
#12715
1!
1"
b101000 6
#12720
0!
0"
1:
0/
0.
1,
1*
1)
0(
#12725
1!
1"
#12730
0!
0"
1:
04
10
1(
1%
#12735
1!
1"
b11110110 6
#12740
0!
0"
1:
15
14
03
12
0*
0(
0&
0%
#12745
1!
1"
b1000100 6
#12750
0!
0"
1:
01
13
00
1.
0-
0+
1(
0'
1&
1%
#12755
1!
1"
#12760
0!
0"
1:
1$
04
03
02
1/
0)
0%
#12765
1!
1"
#12770
0!
0"
1:
0$
05
13
10
0/
1-
0,
0(
1'
#12775
1!
1"
#12780
0!
0"
1:
11
15
14
03
0.
1+
1(
0&
#12785
1!
1"
b1101011 6
#12790
0!
0"
1:
01
05
04
13
0-
1,
1)
0(
1%
#12795
1!
1"
#12800
0!
0"
1:
11
15
14
03
1-
0%
#12805
1!
1"
#12810
0!
0"
1:
1$
05
04
00
1/
0,
0)
1&
1%
#12815
1!
1"
b10000010 6
#12820
0!
0"
1:
15
12
0/
1.
1)
1(
0'
0&
0%
#12825
1!
1"
b1110110 6
#12830
0!
0"
1:
0$
01
05
14
02
0.
0-
1,
1*
0(
1'
#12835
1!
1"
#12840
0!
0"
1:
1$
15
12
1/
1.
1-
1(
0'
1&
1%
#12845
1!
1"
#12850
0!
0"
1:
05
04
02
10
0/
0,
0*
0(
0%
#12855
1!
1"
#12860
0!
0"
1:
15
14
12
00
0-
1*
1'
0&
1%
#12865
1!
1"
#12870
0!
0"
1:
05
13
02
10
1/
1-
1,
0+
0*
1(
0%
#12875
1!
1"
#12880
0!
0"
1:
0$
00
0/
0.
0-
0,
1+
1*
0)
0(
0'
#12885
1!
1"
#12890
0!
0"
1:
15
10
1-
0*
1)
1&
1%
#12895
1!
1"
#12900
0!
0"
1:
04
03
1/
1,
1*
0)
1'
0%
#12905
1!
1"
#12910
0!
0"
1:
1$
05
00
0/
1.
0-
0*
1)
1(
1%
#12915
1!
1"
#12920
0!
0"
1:
11
14
12
1/
0.
1*
0(
0'
0&
0%
#12925
1!
1"
b11100100 6
#12930
0!
0"
1:
0$
04
02
0/
0,
0*
0)
1(
1&
#12935
1!
1"
b11110010 6
#12940
0!
0"
1:
1$
15
12
1.
1-
1,
1*
0(
1'
0&
#12945
1!
1"
b1110110 6
#12950
0!
0"
1:
01
13
02
10
0.
0+
1&
#12955
1!
1"
#12960
0!
0"
1:
03
1/
1.
0'
1%
#12965
1!
1"
#12970
0!
0"
1:
11
14
13
00
0,
1(
0%
#12975
1!
1"
b11010100 6
#12980
0!
0"
1:
0$
04
10
0/
0.
1,
1+
0(
1'
0&
#12985
1!
1"
b1001110 6
#12990
0!
0"
1:
1$
14
12
00
0*
1)
0'
1&
1%
#12995
1!
1"
b10110100 6
#13000
0!
0"
1:
01
05
04
03
10
0,
1*
1(
0&
0%
#13005
1!
1"
#13010
0!
0"
1:
13
00
1/
0-
1,
0(
1'
1&
1%
#13015
1!
1"
#13020
0!
0"
1:
0$
11
03
02
0/
1-
0)
1(
0'
0%
#13025
1!
1"
b11110010 6
#13030
0!
0"
1:
1$
01
15
13
1/
1.
0(
1'
1%
#13035
1!
1"
#13040
0!
0"
1:
05
14
03
10
0.
0*
1)
1(
0%
#13045
1!
1"
#13050
0!
0"
1:
11
13
12
0-
1*
0)
0(
0'
0&
#13055
1!
1"
b1111110 6
#13060
0!
0"
1:
01
04
02
0,
0+
1'
1&
1%
#13065
1!
1"
#13070
0!
0"
1:
11
14
03
12
0/
1.
1)
1(
0&
#13075
1!
1"
b11100100 6
#13080
0!
0"
1:
0$
13
1-
1+
0*
0)
0(
0'
#13085
1!
1"
b1000011 6
#13090
0!
0"
1:
00
1/
1,
1(
0%
01
#13095
1!
1"
#13100
0!
0"
1:
11
04
03
0,
0+
1)
1&
#13105
1!
1"
b101011 6
#13110
0!
0"
1:
02
0-
1'
0&
1%
#13115
1!
1"
b1110011 6
#13120
0!
0"
1:
1$
01
15
14
13
0/
1-
1*
0(
1&
#13125
1!
1"
#13130
0!
0"
1:
05
03
1/
0*
1(
#13135
1!
1"
#13140
0!
0"
1:
10
0-
1,
1*
#13145
1!
1"
#13150
0!
0"
1:
0$
11
13
0.
1-
1+
0)
0'
0&
0%
#13155
1!
1"
b1011001 6
#13160
0!
0"
1:
1$
03
00
0/
1.
0-
0,
0+
1)
0(
1'
1%
#13165
1!
1"
b1111100 6
#13170
0!
0"
1:
0$
12
1/
0.
1-
1,
0)
1(
1&
#13175
1!
1"
b11000100 6
#13180
0!
0"
1:
1$
01
04
13
02
10
0/
1.
0-
0*
1)
0(
0'
0&
#13185
1!
1"
#13190
0!
0"
1:
11
12
00
1/
0.
1&
#13195
1!
1"
b10111000 6
#13200
0!
0"
1:
0$
15
14
10
1.
0,
1+
1*
0)
1(
1'
0&
0%
#13205
1!
1"
b11010111 6
#13210
0!
0"
1:
04
1-
0*
1)
0'
1&
1%
#13215
1!
1"
b11111110 6
#13220
0!
0"
1:
1$
14
03
00
0/
0.
0)
0&
0%
#13225
1!
1"
b11000101 6
#13230
0!
0"
1:
05
13
02
0-
1,
0+
1)
1&
1%
#13235
1!
1"
b1011001 6
#13240
0!
0"
1:
0$
10
1.
1-
1*
0)
0(
1'
0&
#13245
1!
1"
#13250
0!
0"
1:
04
03
1/
0.
0,
1+
#13255
1!
1"
b1110011 6
#13260
0!
0"
1:
01
12
0/
1.
0+
1&
#13265
1!
1"
#13270
0!
0"
1:
1$
14
00
1/
0.
0-
1,
1+
0*
0&
0%
#13275
1!
1"
#13280
0!
0"
1:
0$
04
13
02
10
0/
1.
0,
0+
1*
1)
0'
#13285
1!
1"
#13290
0!
0"
1:
1$
11
15
14
0.
1+
0*
1'
1%
#13295
1!
1"
b10111011 6
#13300
0!
0"
1:
1/
1.
1*
1(
0'
#13305
1!
1"
#13310
0!
0"
1:
01
05
04
03
00
0/
1,
0+
0*
0)
1'
#13315
1!
1"
#13320
0!
0"
1:
11
15
1/
0.
1-
1*
0'
0%
#13325
1!
1"
b101000 6
#13330
0!
0"
1:
01
14
13
12
1.
0-
1+
0*
1'
1&
1%
#13335
1!
1"
#13340
0!
0"
1:
05
03
02
0/
0.
1-
#13345
1!
1"
#13350
0!
0"
1:
12
1/
1.
0(
0'
0&
#13355
1!
1"
#13360
0!
0"
1:
0$
11
04
13
10
0.
0-
0,
0+
1*
1)
1(
1'
1&
0%
#13365
1!
1"
b10010010 6
#13370
0!
0"
1:
1$
15
03
00
1,
1+
0)
0&
1%
#13375
1!
1"
b11100111 6
#13380
0!
0"
1:
05
14
13
10
0/
1.
1-
1)
0(
0'
1&
#13385
1!
1"
b11001100 6
#13390
0!
0"
1:
01
03
00
1/
0.
0-
0,
1(
0%
#13395
1!
1"
#13400
0!
0"
1:
0$
15
04
02
10
0/
1-
0+
0*
0(
#13405
1!
1"
#13410
0!
0"
1:
05
00
1/
1,
1+
1'
1%
#13415
1!
1"
#13420
0!
0"
1:
1$
14
13
10
0/
1.
0-
1*
0)
0'
#13425
1!
1"
#13430
0!
0"
1:
0$
11
15
12
00
1/
0.
1)
1(
0&
#13435
1!
1"
b111000 6
#13440
0!
0"
1:
1$
01
05
04
10
0/
0*
1'
0%
#13445
1!
1"
#13450
0!
0"
1:
1-
0,
0+
0(
0'
1&
11
#13455
1!
1"
b1110101 6
#13460
0!
0"
1:
14
02
00
1/
0-
1+
1*
1(
1'
1%
#13465
1!
1"
b1011001 6
#13470
0!
0"
1:
04
12
1.
1-
0+
0)
#13475
1!
1"
b1110101 6
#13480
0!
0"
1:
01
02
10
0.
1+
0'
0%
#13485
1!
1"
#13490
0!
0"
1:
11
15
14
00
0+
1)
0(
#13495
1!
1"
b10111011 6
#13500
0!
0"
1:
0$
0/
1.
0-
1+
0*
0)
1'
#13505
1!
1"
#13510
0!
0"
1:
1$
01
05
12
0.
1,
0+
1(
0'
#13515
1!
1"
#13520
0!
0"
1:
15
02
10
1/
1.
1-
1+
1*
0(
#13525
1!
1"
#13530
0!
0"
1:
0$
11
03
12
00
0-
0*
1)
1(
#13535
1!
1"
b1110010 6
#13540
0!
0"
1:
05
02
10
0.
1-
0,
0+
1*
0(
#13545
1!
1"
b110010 6
#13550
0!
0"
1:
01
04
13
00
1+
0)
1%
#13555
1!
1"
#13560
0!
0"
1:
1$
15
10
0/
1.
0+
0*
1)
1'
0&
#13565
1!
1"
#13570
0!
0"
1:
0$
05
0.
0)
0'
0%
#13575
1!
1"
#13580
0!
0"
1:
1$
15
14
12
1.
1,
1(
1'
1%
#13585
1!
1"
#13590
0!
0"
1:
05
04
03
1/
0.
1+
1*
0(
0'
1&
#13595
1!
1"
#13600
0!
0"
1:
11
14
02
00
0/
1.
0-
0,
0*
0%
#13605
1!
1"
#13610
0!
0"
1:
0$
15
12
10
1/
0+
1*
1)
1(
1'
1%
#13615
1!
1"
b11101 6
#13620
0!
0"
1:
1+
0'
0&
01
#13625
1!
1"
#13630
0!
0"
1:
1$
13
02
0/
0.
0*
0(
1&
0%
#13635
1!
1"
#13640
0!
0"
1:
0$
11
05
00
1.
1,
#13645
1!
1"
b1011001 6
#13650
0!
0"
1:
1$
15
03
12
1/
1-
0,
1*
0)
1(
0&
1%
#13655
1!
1"
b11101 6
#13660
0!
0"
1:
05
13
0/
0.
0-
0*
0(
1'
1&
0%
#13665
1!
1"
b11001100 6
#13670
0!
0"
1:
0$
1.
1,
0+
1)
1%
#13675
1!
1"
#13680
0!
0"
1:
1$
04
02
1/
0,
1+
0)
#13685
1!
1"
b10100001 6
#13690
0!
0"
1:
0$
15
03
10
0/
1-
1*
1)
1(
#13695
1!
1"
b1011010 6
#13700
0!
0"
1:
1$
13
12
00
0&
#13705
1!
1"
b10010000 6
#13710
0!
0"
1:
05
14
03
0.
1,
0)
0'
0%
#13715
1!
1"
b10001101 6
#13720
0!
0"
1:
04
10
1/
0,
0*
1)
1&
1%
#13725
1!
1"
b111110 6
#13730
0!
0"
1:
15
14
02
00
0-
1,
0+
0)
0&
#13735
1!
1"
b10110001 6
#13740
0!
0"
1:
0$
01
13
1.
0,
1*
1'
1&
#13745
1!
1"
#13750
0!
0"
1:
1$
05
04
03
10
0.
0*
0(
0'
#13755
1!
1"
#13760
0!
0"
1:
11
15
12
00
0/
1,
1+
1*
1(
0&
#13765
1!
1"
b10010 6
#13770
0!
0"
1:
0$
05
14
1.
1-
0+
1'
0%
#13775
1!
1"
b10001101 6
#13780
0!
0"
1:
1$
01
15
02
10
0.
1)
0'
1&
1%
#13785
1!
1"
#13790
0!
0"
1:
04
00
1.
0*
0)
0%
#13795
1!
1"
#13800
0!
0"
1:
0$
10
1/
0.
0-
0,
1*
1)
0(
0&
1%
11
#13805
1!
1"
b1111000 6
#13810
0!
0"
1:
1$
13
12
00
1,
1+
0*
0)
1(
1&
0%
#13815
1!
1"
b11011001 6
#13820
0!
0"
1:
01
05
03
02
0/
1-
0(
1'
0&
1%
#13825
1!
1"
#13830
0!
0"
1:
0$
14
13
12
10
0-
0,
0+
1*
1)
0'
1&
#13835
1!
1"
#13840
0!
0"
1:
11
02
1/
1,
0*
0)
1'
0&
0%
#13845
1!
1"
b100000 6
#13850
0!
0"
1:
1$
03
00
0/
1.
1-
0,
1*
1(
0'
1%
#13855
1!
1"
b110010 6
#13860
0!
0"
1:
01
12
10
1/
0-
1,
1+
1)
1'
0%
#13865
1!
1"
#13870
0!
0"
1:
0$
04
00
0/
1-
0,
0*
0)
0(
#13875
1!
1"
#13880
0!
0"
1:
15
14
13
02
0-
0+
1*
0'
1&
#13885
1!
1"
#13890
0!
0"
1:
1$
12
10
1/
1,
1'
0&
1%
#13895
1!
1"
#13900
0!
0"
1:
05
04
02
0.
1-
0,
1+
0*
1)
1(
0'
1&
0%
#13905
1!
1"
#13910
0!
0"
1:
15
14
00
0/
1,
0+
1*
#13915
1!
1"
#13920
0!
0"
1:
05
10
1/
1+
0*
1%
#13925
1!
1"
#13930
0!
0"
1:
0$
11
15
03
00
0+
1*
1'
#13935
1!
1"
b11110111 6
#13940
0!
0"
1:
1$
01
04
12
10
0*
0(
0&
0%
#13945
1!
1"
#13950
0!
0"
1:
0$
00
0/
1.
0,
1*
1&
11
#13955
1!
1"
b1001100 6
#13960
0!
0"
1:
1$
01
14
13
10
0-
1,
0*
0'
1%
#13965
1!
1"
#13970
0!
0"
1:
0$
11
05
03
0.
1+
1*
1(
0&
0%
#13975
1!
1"
b1010111 6
#13980
0!
0"
1:
1$
01
15
04
02
00
1/
1.
0,
0(
#13985
1!
1"
#13990
0!
0"
1:
05
14
10
0/
0.
0*
0)
1'
1%
#13995
1!
1"
#14000
0!
0"
1:
11
12
00
1/
1.
1-
0+
#14005
1!
1"
b100001 6
#14010
0!
0"
1:
01
13
02
10
0.
1,
1+
1*
1(
#14015
1!
1"
#14020
0!
0"
1:
0$
03
00
0+
0*
1)
#14025
1!
1"
#14030
0!
0"
1:
11
15
13
0-
1*
0)
0%
#14035
1!
1"
b10111011 6
#14040
0!
0"
1:
1$
01
05
12
10
0,
1+
0*
1)
0(
1&
1%
#14045
1!
1"
#14050
0!
0"
1:
0$
15
04
03
02
0/
1.
1,
1*
0)
0&
0%
#14055
1!
1"
#14060
0!
0"
1:
1$
11
05
13
0.
0,
0+
0*
1(
1&
#14065
1!
1"
b10100001 6
#14070
0!
0"
1:
01
15
14
03
12
1-
0'
#14075
1!
1"
#14080
0!
0"
1:
04
02
00
1/
1.
0-
1,
1)
1'
0&
1%
#14085
1!
1"
#14090
0!
0"
1:
14
13
12
0/
0.
1-
1+
0)
0(
1&
0%
#14095
1!
1"
#14100
0!
0"
1:
0$
05
10
1/
1.
0-
0,
1*
1(
0'
1%
#14105
1!
1"
#14110
0!
0"
1:
1$
11
04
03
02
1,
1'
0&
0%
#14115
1!
1"
b11100110 6
#14120
0!
0"
1:
0$
01
15
14
00
0/
0.
1-
0+
0*
1&
#14125
1!
1"
#14130
0!
0"
1:
1$
11
04
12
1/
0-
0,
1+
1*
1)
0(
0'
1%
#14135
1!
1"
b1001100 6
#14140
0!
0"
1:
0$
13
0/
1.
1-
0*
1(
1'
0&
0%
#14145
1!
1"
b10111011 6
#14150
0!
0"
1:
03
02
10
1/
1,
0+
0)
0(
0'
1&
1%
#14155
1!
1"
b1111000 6
#14160
0!
0"
1:
01
05
14
00
0.
0-
1+
1)
1'
0&
#14165
1!
1"
#14170
0!
0"
1:
15
04
10
1-
1(
0'
#14175
1!
1"
#14180
0!
0"
1:
05
14
00
0/
0,
0)
#14185
1!
1"
#14190
0!
0"
1:
1$
12
10
1/
1.
1,
1&
#14195
1!
1"
#14200
0!
0"
1:
0$
15
04
02
0,
0+
0(
0%
#14205
1!
1"
#14210
0!
0"
1:
11
05
14
13
12
0/
0.
0-
1+
1)
1(
0&
#14215
1!
1"
b10100011 6
#14220
0!
0"
1:
01
15
02
1/
1.
1-
1,
1*
0)
0(
1'
1%
#14225
1!
1"
#14230
0!
0"
1:
04
12
00
0/
0,
0+
1(
0'
1&
0%
#14235
1!
1"
#14240
0!
0"
1:
1$
11
05
10
1/
0.
0-
1,
0*
1%
#14245
1!
1"
b11100010 6
#14250
0!
0"
1:
14
03
02
0/
1.
1-
1*
1)
0(
#14255
1!
1"
b10011011 6
#14260
0!
0"
1:
0$
15
0,
1+
1'
#14265
1!
1"
b1110111 6
#14270
0!
0"
1:
1$
04
13
1/
0.
0-
1,
0+
0*
1(
0'
#14275
1!
1"
b1001 6
#14280
0!
0"
1:
14
00
0/
0,
1*
0)
0(
1'
0&
#14285
1!
1"
b1 6
#14290
0!
0"
1:
04
03
12
10
1.
1-
1)
0'
1&
#14295
1!
1"
b1001100 6
#14300
0!
0"
1:
0$
05
14
13
1/
0-
1(
0&
0%
#14305
1!
1"
b10100011 6
#14310
0!
0"
1:
1$
15
04
02
00
0/
0*
0(
#14315
1!
1"
b1001 6
#14320
0!
0"
1:
01
05
14
03
1/
0.
1-
1,
1+
0)
1&
1%
#14325
1!
1"
#14330
0!
0"
1:
0$
11
04
12
0/
0-
0+
1*
1'
0%
#14335
1!
1"
b111110 6
#14340
0!
0"
1:
1$
01
14
13
10
0,
1+
0*
1(
0&
#14345
1!
1"
#14350
0!
0"
1:
0$
11
15
02
00
0+
1&
#14355
1!
1"
b1 6
#14360
0!
0"
1:
05
04
03
1.
1-
1+
0(
0'
#14365
1!
1"
b10000100 6
#14370
0!
0"
1:
1$
01
14
13
12
10
1/
0.
0-
1,
0+
1(
0&
#14375
1!
1"
#14380
0!
0"
1:
15
04
03
02
1.
0,
1+
1)
0(
1'
1&
1%
#14385
1!
1"
#14390
0!
0"
1:
14
13
00
0/
1,
1*
0&
0%
#14395
1!
1"
#14400
0!
0"
1:
05
03
1-
0+
0*
1(
1%
#14405
1!
1"
#14410
0!
0"
1:
0$
11
15
04
1/
0.
0-
1&
#14415
1!
1"
b10011 6
#14420
0!
0"
1:
1$
01
05
14
0,
1+
1*
0(
0&
0%
#14425
1!
1"
#14430
0!
0"
1:
0$
04
13
12
10
1.
1-
0+
0*
1(
0'
1%
#14435
1!
1"
#14440
0!
0"
1:
1$
15
14
00
1,
1+
0)
0(
#14445
1!
1"
#14450
0!
0"
1:
0$
10
0/
0.
0-
0,
1*
1)
11
#14455
1!
1"
b1001110 6
#14460
0!
0"
1:
1$
01
05
04
03
02
1/
1.
1-
0*
0)
1(
1'
0%
#14465
1!
1"
#14470
0!
0"
1:
0$
15
13
0.
0-
0+
0(
1&
1%
#14475
1!
1"
#14480
0!
0"
1:
1$
14
12
1.
1,
1+
1(
0%
#14485
1!
1"
#14490
0!
0"
1:
04
02
00
0.
0,
0+
1*
0(
0'
#14495
1!
1"
#14500
0!
0"
1:
11
14
1-
1+
1)
1(
1'
#14505
1!
1"
b110111 6
#14510
0!
0"
1:
01
12
10
0/
1,
0+
0*
0(
#14515
1!
1"
#14520
0!
0"
1:
0$
02
1.
0,
1+
1*
0)
1(
0&
1%
#14525
1!
1"
#14530
0!
0"
1:
1$
11
05
12
00
1/
0.
1,
0+
0*
1)
0'
1&
0%
#14535
1!
1"
b10100111 6
#14540
0!
0"
1:
04
03
02
0/
1.
1+
1*
0)
0(
1'
#14545
1!
1"
b10000100 6
#14550
0!
0"
1:
0$
01
15
14
10
1/
0-
0+
1)
0&
1%
#14555
1!
1"
#14560
0!
0"
1:
1$
04
12
0.
1-
0,
1+
0%
#14565
1!
1"
#14570
0!
0"
1:
0$
11
05
14
02
00
0+
0)
1(
1&
#14575
1!
1"
b11101011 6
#14580
0!
0"
1:
12
0/
1.
1+
0*
0'
0&
1%
#14585
1!
1"
b1000000 6
#14590
0!
0"
1:
01
02
0.
1,
0(
1'
0%
#14595
1!
1"
#14600
0!
0"
1:
15
04
1)
0'
1&
1%
#14605
1!
1"
#14610
0!
0"
1:
11
05
14
13
10
0,
0+
1*
0)
1(
1'
0&
0%
#14615
1!
1"
b1111100 6
#14620
0!
0"
1:
15
03
00
1/
1,
0*
1)
0(
0'
1%
#14625
1!
1"
b101111 6
#14630
0!
0"
1:
01
04
12
1.
0,
1*
0)
1'
1&
#14635
1!
1"
#14640
0!
0"
1:
11
05
1,
1+
0'
0&
0%
#14645
1!
1"
b111110 6
#14650
0!
0"
1:
01
13
02
10
0.
0-
0+
1)
1&
#14655
1!
1"
#14660
0!
0"
1:
15
14
03
12
0*
1(
1%
#14665
1!
1"
#14670
0!
0"
1:
1$
13
02
0/
1+
0(
1'
#14675
1!
1"
#14680
0!
0"
1:
03
00
1-
0,
1*
0)
0'
0&
#14685
1!
1"
#14690
0!
0"
1:
12
10
1.
0-
0+
1(
1'
0%
#14695
1!
1"
#14700
0!
0"
1:
11
04
13
02
00
1/
1-
1)
0(
0'
1%
#14705
1!
1"
b10011010 6
#14710
0!
0"
1:
0$
14
03
1,
1+
0)
1(
#14715
1!
1"
b1000101 6
#14720
0!
0"
1:
1$
05
04
13
0.
0-
0,
0+
1'
1&
0%
#14725
1!
1"
b1000010 6
#14730
0!
0"
1:
01
15
03
12
1)
0&
1%
#14735
1!
1"
#14740
0!
0"
1:
0$
05
13
02
10
0/
1-
1,
1+
0*
0)
0'
1&
#14745
1!
1"
#14750
0!
0"
1:
1$
15
14
03
00
1/
0-
0,
0+
1*
0(
0&
0%
#14755
1!
1"
#14760
0!
0"
1:
04
13
0/
1.
1-
1(
1%
#14765
1!
1"
#14770
0!
0"
1:
0$
11
05
12
10
1+
0(
0%
#14775
1!
1"
b111010 6
#14780
0!
0"
1:
1$
00
1/
0.
0-
1,
0*
1)
1'
1%
01
#14785
1!
1"
#14790
0!
0"
1:
0$
11
03
02
10
0/
1-
0)
1(
0'
#14795
1!
1"
b1000010 6
#14800
0!
0"
1:
14
13
12
1/
1.
0-
1)
#14805
1!
1"
b10110001 6
#14810
0!
0"
1:
01
15
04
0+
1*
0)
0(
1&
0%
#14815
1!
1"
#14820
0!
0"
1:
11
02
00
0.
1+
0*
1)
1(
0&
#14825
1!
1"
b10011010 6
#14830
0!
0"
1:
0/
1.
1-
1*
0)
1&
#14835
1!
1"
#14840
0!
0"
1:
1$
01
14
03
10
1/
0*
1)
1%
#14845
1!
1"
#14850
0!
0"
1:
0$
11
04
13
0,
0+
1'
#14855
1!
1"
#14860
0!
0"
1:
01
05
03
0.
0-
1,
1*
0)
#14865
1!
1"
#14870
0!
0"
1:
11
14
13
0/
1.
1-
0%
#14875
1!
1"
b1111100 6
#14880
0!
0"
1:
01
03
12
1/
0.
0-
0,
1+
1)
0(
0'
1%
#14885
1!
1"
#14890
0!
0"
1:
0/
1,
1(
0&
0%
11
#14895
1!
1"
b10110010 6
#14900
0!
0"
1:
1$
15
04
0,
0+
0)
1'
1&
#14905
1!
1"
b1001100 6
#14910
0!
0"
1:
0$
01
05
14
13
1/
1.
1-
1+
0*
1)
0(
#14915
1!
1"
#14920
0!
0"
1:
1$
11
04
03
00
0/
0-
0+
1(
0'
0&
1%
#14925
1!
1"
b11001110 6
#14930
0!
0"
1:
0$
15
13
02
10
1-
1*
0)
0(
1'
#14935
1!
1"
b10011010 6
#14940
0!
0"
1:
1$
01
05
12
0-
1,
0*
1)
0'
#14945
1!
1"
#14950
0!
0"
1:
11
02
0.
1+
1'
1&
#14955
1!
1"
b1000010 6
#14960
0!
0"
1:
01
15
03
1/
1.
1-
0,
1*
1(
0'
0&
0%
#14965
1!
1"
#14970
0!
0"
1:
0$
05
14
13
12
0/
1,
0*
1'
1%
#14975
1!
1"
#14980
0!
0"
1:
11
15
04
02
0-
0,
0'
1&
#14985
1!
1"
b10011010 6
#14990
0!
0"
1:
1$
01
05
14
1/
1,
0+
0)
1'
0&
0%
#14995
1!
1"
#15000
0!
0"
1:
0$
15
03
0/
0.
0(
0'
1&
1%
#15005
1!
1"
#15010
0!
0"
1:
04
1/
0,
1'
#15015
1!
1"
#15020
0!
0"
1:
1$
14
13
12
00
1-
1,
1*
1)
0%
#15025
1!
1"
#15030
0!
0"
1:
0$
05
04
02
10
1+
0*
0)
0'
#15035
1!
1"
#15040
0!
0"
1:
1$
11
15
14
03
00
0/
1.
0-
0+
1*
1)
1(
1'
0&
1%
#15045
1!
1"
b10111 6
#15050
0!
0"
1:
01
12
0.
1+
0'
1&
#15055
1!
1"
#15060
0!
0"
1:
0$
11
05
02
1.
1-
0+
0*
0)
1'
0&
0%
#15065
1!
1"
b11101011 6
#15070
0!
0"
1:
15
13
12
0,
1*
0'
#15075
1!
1"
b1001110 6
#15080
0!
0"
1:
1$
04
10
1/
0.
1+
1)
1'
1&
#15085
1!
1"
b11110000 6
#15090
0!
0"
1:
0$
14
0/
0)
0'
#15095
1!
1"
b1001110 6
#15100
0!
0"
1:
1$
01
05
02
00
1.
0-
1,
0+
1)
0(
1'
1%
#15105
1!
1"
#15110
0!
0"
1:
0$
11
15
04
03
12
1/
1+
0*
0)
0%
#15115
1!
1"
b10000100 6
#15120
0!
0"
1:
05
14
0.
0,
1*
1)
1(
0'
0&
1%
#15125
1!
1"
b10110010 6
#15130
0!
0"
1:
15
13
02
10
1-
1,
0)
1&
0%
#15135
1!
1"
b11101011 6
#15140
0!
0"
1:
1$
01
12
0,
0+
1)
1'
0&
#15145
1!
1"
#15150
0!
0"
1:
03
02
00
0-
1+
0*
#15155
1!
1"
#15160
0!
0"
1:
05
12
10
0/
1,
0(
#15165
1!
1"
#15170
0!
0"
1:
02
00
1/
1.
0,
0+
1*
0)
0'
1%
#15175
1!
1"
#15180
0!
0"
1:
11
15
04
12
10
0/
1-
1,
1)
1(
1&
#15185
1!
1"
b10000100 6
#15190
0!
0"
1:
14
13
02
00
0-
1+
0*
0)
1'
#15195
1!
1"
b11101011 6
#15200
0!
0"
1:
0$
03
12
10
1/
1-
1*
1)
0&
0%
#15205
1!
1"
b11010100 6
#15210
0!
0"
1:
05
02
0/
0-
0)
0'
1%
#15215
1!
1"
b10110001 6
#15220
0!
0"
1:
1$
01
15
04
12
00
1-
0,
0*
1)
0(
1'
#15225
1!
1"
#15230
0!
0"
1:
05
14
13
02
0+
0)
1(
0%
#15235
1!
1"
#15240
0!
0"
1:
15
04
12
1,
1+
1%
#15245
1!
1"
#15250
0!
0"
1:
11
03
02
1/
0.
0,
0+
1)
0'
1&
0%
#15255
1!
1"
b11101111 6
#15260
0!
0"
1:
0$
05
12
10
0/
1.
1,
0(
1'
0&
1%
#15265
1!
1"
b1000110 6
#15270
0!
0"
1:
1$
14
00
1/
0.
1*
1(
1&
0%
#15275
1!
1"
b10101100 6
#15280
0!
0"
1:
02
10
1.
0-
0*
0)
0(
0'
0&
1%
#15285
1!
1"
b10110001 6
#15290
0!
0"
1:
15
04
12
0/
0.
1-
#15295
1!
1"
b10000100 6
#15300
0!
0"
1:
01
14
13
02
00
1/
1.
0,
1&
0%
#15305
1!
1"
#15310
0!
0"
1:
05
04
03
12
10
0-
0&
1%
#15315
1!
1"
#15320
0!
0"
1:
0$
15
02
00
0/
1,
1*
1)
1'
1&
#15325
1!
1"
#15330
0!
0"
1:
11
14
13
12
10
1/
0.
0,
1(
0%
#15335
1!
1"
b110100 6
#15340
0!
0"
1:
1$
04
1-
1+
0*
0&
#15345
1!
1"
b11011101 6
#15350
0!
0"
1:
0$
03
02
0-
1*
0(
1&
1%
#15355
1!
1"
b11101111 6
#15360
0!
0"
1:
12
00
1.
0)
0'
0%
#15365
1!
1"
b10000100 6
#15370
0!
0"
1:
02
0/
0.
1-
1,
1)
1(
1%
#15375
1!
1"
b11101111 6
#15380
0!
0"
1:
1$
01
13
12
1/
0,
0(
#15385
1!
1"
#15390
0!
0"
1:
10
0/
1,
0+
0*
1(
1'
0&
0%
11
#15395
1!
1"
b11011101 6
#15400
0!
0"
1:
0$
05
1.
0-
1+
1*
#15405
1!
1"
b11101010 6
#15410
0!
0"
1:
1$
14
02
1/
0.
1-
0+
0)
0'
1&
#15415
1!
1"
b11011010 6
#15420
0!
0"
1:
0$
15
04
03
00
1)
0(
#15425
1!
1"
b11101111 6
#15430
0!
0"
1:
1$
01
13
0,
0*
1'
0&
1%
#15435
1!
1"
#15440
0!
0"
1:
0$
11
14
12
0/
1.
0-
1,
0)
0'
#15445
1!
1"
b110100 6
#15450
0!
0"
1:
01
04
03
10
1/
0,
1*
#15455
1!
1"
#15460
0!
0"
1:
1$
14
00
0/
1,
0*
0%
#15465
1!
1"
#15470
0!
0"
1:
05
04
02
1/
1-
0,
1)
1%
#15475
1!
1"
#15480
0!
0"
1:
0$
11
15
12
10
0/
0.
0-
1+
0)
1(
1'
1&
#15485
1!
1"
b10000100 6
#15490
0!
0"
1:
1$
13
00
1.
1-
0+
1*
0(
0'
#15495
1!
1"
b11011101 6
#15500
0!
0"
1:
10
1+
1(
1'
#15505
1!
1"
#15510
0!
0"
1:
05
03
1/
0+
0'
#15515
1!
1"
b10001110 6
#15520
0!
0"
1:
0$
01
14
0.
0-
1,
1+
0(
0%
#15525
1!
1"
#15530
0!
0"
1:
1$
11
15
04
00
0/
1.
0*
1'
1%
#15535
1!
1"
b10000100 6
#15540
0!
0"
1:
01
05
13
1/
0,
0+
1)
#15545
1!
1"
#15550
0!
0"
1:
03
02
0.
1-
1*
0'
0&
0%
#15555
1!
1"
#15560
0!
0"
1:
0$
14
12
10
1,
0*
0)
1(
1'
1&
1%
#15565
1!
1"
#15570
0!
0"
1:
1$
00
1.
0,
0(
0'
0&
#15575
1!
1"
#15580
0!
0"
1:
0$
0.
1+
1*
1)
1(
1'
1&
#15585
1!
1"
#15590
0!
0"
1:
1$
15
04
13
02
0/
0-
1,
0)
0'
#15595
1!
1"
#15600
0!
0"
1:
0$
11
05
14
03
12
10
1-
0,
0+
1'
0%
#15605
1!
1"
b10001010 6
#15610
0!
0"
1:
1$
01
04
13
1/
0-
0(
0'
0&
1%
#15615
1!
1"
#15620
0!
0"
1:
15
14
03
00
0/
1.
1)
1(
1&
0%
#15625
1!
1"
#15630
0!
0"
1:
05
04
02
1/
0.
1-
0*
0)
0(
1'
0&
1%
#15635
1!
1"
#15640
0!
0"
1:
0$
11
15
14
13
12
10
0-
1,
1*
1)
0'
1&
#15645
1!
1"
b1101101 6
#15650
0!
0"
1:
1$
01
05
04
03
00
0/
1.
0,
0*
1(
0&
#15655
1!
1"
#15660
0!
0"
1:
15
02
1/
1,
0)
0(
0%
#15665
1!
1"
#15670
0!
0"
1:
0$
12
10
0/
0.
1-
1)
#15675
1!
1"
#15680
0!
0"
1:
1$
14
0-
0,
1+
1*
0)
1'
1%
#15685
1!
1"
#15690
0!
0"
1:
13
0+
1)
#15695
1!
1"
#15700
0!
0"
1:
11
05
1/
1.
1+
0*
#15705
1!
1"
b10000110 6
#15710
0!
0"
1:
03
00
1-
1,
0+
0'
#15715
1!
1"
b10100111 6
#15720
0!
0"
1:
01
04
10
0)
1(
0%
#15725
1!
1"
#15730
0!
0"
1:
11
13
02
0/
0,
1+
1*
1)
1'
1%
#15735
1!
1"
b1110 6
#15740
0!
0"
1:
0$
15
14
1/
0-
1,
#15745
1!
1"
b11011010 6
#15750
0!
0"
1:
1$
03
12
00
0.
0,
0(
0'
0%
#15755
1!
1"
b11101101 6
#15760
0!
0"
1:
01
04
13
10
1.
1-
0*
1(
#15765
1!
1"
#15770
0!
0"
1:
0$
11
14
03
0-
1,
0+
0)
1&
#15775
1!
1"
#15780
0!
0"
1:
1$
04
02
00
0.
0,
1+
1'
1%
#15785
1!
1"
b10101111 6
#15790
0!
0"
1:
01
05
13
12
0/
1.
0+
1*
0%
#15795
1!
1"
#15800
0!
0"
1:
0$
15
14
10
1/
1-
1,
1+
0*
1)
0(
#15805
1!
1"
#15810
0!
0"
1:
0/
0-
0,
0+
1(
0'
0&
#15815
1!
1"
#15820
0!
0"
1:
1$
11
03
02
1/
1-
1*
1'
#15825
1!
1"
b10011001 6
#15830
0!
0"
1:
04
13
00
0/
1+
0*
0(
1&
#15835
1!
1"
b11000100 6
#15840
0!
0"
1:
0$
05
03
12
1,
0+
1*
1(
#15845
1!
1"
b10011110 6
#15850
0!
0"
1:
01
15
14
02
0,
1+
0)
0'
0&
#15855
1!
1"
#15860
0!
0"
1:
11
05
1/
1,
0+
0*
1'
1&
#15865
1!
1"
b10110001 6
#15870
0!
0"
1:
1$
01
15
13
0/
1*
0'
#15875
1!
1"
#15880
0!
0"
1:
0$
05
03
1/
0-
0,
0*
0(
0&
1%
#15885
1!
1"
#15890
0!
0"
1:
1$
12
0/
0.
1*
1)
1(
0%
#15895
1!
1"
#15900
0!
0"
1:
0$
15
04
10
0*
0)
1'
1&
1%
#15905
1!
1"
#15910
0!
0"
1:
1$
14
13
1-
1)
0(
0'
0&
0%
#15915
1!
1"
#15920
0!
0"
1:
11
04
02
1.
0-
1,
1+
1*
1'
1&
#15925
1!
1"
b1011100 6
#15930
0!
0"
1:
0$
00
1/
1-
0*
1(
0&
#15935
1!
1"
#15940
0!
0"
1:
1$
01
03
0.
0,
0+
1*
0)
0'
1%
#15945
1!
1"
#15950
0!
0"
1:
11
05
14
13
12
10
0/
1.
0-
1+
0(
#15955
1!
1"
b10000110 6
#15960
0!
0"
1:
0$
03
00
1-
0*
1(
1'
#15965
1!
1"
b10100111 6
#15970
0!
0"
1:
01
04
10
1/
0.
0-
0+
0(
0'
0%
#15975
1!
1"
#15980
0!
0"
1:
1$
14
00
0/
1-
1+
1&
1%
#15985
1!
1"
#15990
0!
0"
1:
13
0-
1,
0+
1*
1)
0&
0%
#15995
1!
1"
#16000
0!
0"
1:
04
02
10
1-
0,
0*
0)
1(
1'
#16005
1!
1"
#16010
0!
0"
1:
14
03
00
0-
1)
0(
1&
1%
#16015
1!
1"
#16020
0!
0"
1:
11
13
12
10
1/
1.
1(
0'
0&
0%
#16025
1!
1"
b10000000 6
#16030
0!
0"
1:
0$
04
02
00
0/
0.
1-
1+
1*
0(
1'
1&
1%
#16035
1!
1"
b1110 6
#16040
0!
0"
1:
03
12
10
1/
1.
0-
1,
0+
0*
0%
#16045
1!
1"
b1100101 6
#16050
0!
0"
1:
1$
15
13
00
0/
0.
0,
1+
1*
0)
0'
#16055
1!
1"
b1110000 6
#16060
0!
0"
1:
01
03
10
1/
1.
1-
1,
1)
1(
1%
#16065
1!
1"
#16070
0!
0"
1:
0$
11
05
13
0/
0.
0,
0*
0(
1'
#16075
1!
1"
b101000 6
#16080
0!
0"
1:
15
03
1.
1*
1(
0&
0%
#16085
1!
1"
b1001010 6
#16090
0!
0"
1:
1$
05
14
13
1/
0+
0*
0)
1&
1%
#16095
1!
1"
b10000000 6
#16100
0!
0"
1:
15
02
00
0/
0.
1,
1)
0'
#16105
1!
1"
b1000100 6
#16110
0!
0"
1:
0$
05
04
03
12
1.
0-
1+
1*
0)
0(
#16115
1!
1"
b1100101 6
#16120
0!
0"
1:
1$
01
14
1/
0.
1-
0,
1(
1'
0&
#16125
1!
1"
#16130
0!
0"
1:
0$
11
15
10
0/
1.
0%
#16135
1!
1"
b1101010 6
#16140
0!
0"
1:
01
04
00
1/
0.
0-
1,
0+
0*
1&
1%
#16145
1!
1"
#16150
0!
0"
1:
11
13
02
1+
1*
1)
0(
0'
0%
#16155
1!
1"
b1011100 6
#16160
0!
0"
1:
01
03
0/
0,
0+
0*
0)
1(
1'
#16165
1!
1"
#16170
0!
0"
1:
1$
05
13
1.
1,
1+
1)
0&
#16175
1!
1"
#16180
0!
0"
1:
0$
11
14
03
10
0,
0)
1&
#16185
1!
1"
b10110001 6
#16190
0!
0"
1:
01
04
12
00
0.
1*
0(
#16195
1!
1"
#16200
0!
0"
1:
15
14
13
02
1.
1-
1,
0*
1)
0'
0&
1%
#16205
1!
1"
#16210
0!
0"
1:
1/
0,
1(
1&
11
#16215
1!
1"
b1000100 6
#16220
0!
0"
1:
01
05
04
03
10
0.
0+
1*
0)
0(
1'
0%
#16225
1!
1"
#16230
0!
0"
1:
11
15
00
1.
0'
1%
#16235
1!
1"
b10000111 6
#16240
0!
0"
1:
05
13
12
10
0/
0.
1+
1)
#16245
1!
1"
b101000 6
#16250
0!
0"
1:
15
02
1/
1.
0-
0*
0)
1(
1'
0%
#16255
1!
1"
b1011100 6
#16260
0!
0"
1:
1$
05
0/
1-
1,
0+
1*
1)
0'
1%
#16265
1!
1"
b1100000 6
#16270
0!
0"
1:
0$
14
03
12
00
1/
0-
1+
0*
0)
1'
0&
0%
#16275
1!
1"
b10100111 6
#16280
0!
0"
1:
04
0.
0+
1*
1)
0(
#16285
1!
1"
b1100101 6
#16290
0!
0"
1:
1$
15
14
13
10
0,
1+
0)
0'
1&
#16295
1!
1"
b1111 6
#16300
0!
0"
1:
0$
01
05
03
02
1.
0+
1)
1(
1'
#16305
1!
1"
#16310
0!
0"
1:
1$
11
15
00
0/
1-
1,
1+
0)
0'
#16315
1!
1"
b10110100 6
#16320
0!
0"
1:
01
05
13
12
0*
0(
0&
#16325
1!
1"
#16330
0!
0"
1:
11
15
03
02
10
0.
1*
1&
#16335
1!
1"
#16340
0!
0"
1:
0$
01
05
04
1/
0,
1(
1'
0&
1%
#16345
1!
1"
#16350
0!
0"
1:
1$
11
15
14
12
00
0/
0-
1,
0*
1)
0(
1&
0%
#16355
1!
1"
b1101010 6
#16360
0!
0"
1:
05
04
02
1*
1(
0'
#16365
1!
1"
b111100 6
#16370
0!
0"
1:
01
15
14
13
1.
0,
0+
1'
0&
1%
#16375
1!
1"
#16380
0!
0"
1:
0$
11
04
03
12
1/
0.
0)
0'
0%
#16385
1!
1"
b1001010 6
#16390
0!
0"
1:
1$
05
10
1-
1,
0(
1'
1&
1%
#16395
1!
1"
b1100101 6
#16400
0!
0"
1:
01
15
1.
0,
0*
1)
1(
0&
0%
#16405
1!
1"
#16410
0!
0"
1:
0$
11
13
00
0.
0-
1,
0)
0(
0'
1&
1%
#16415
1!
1"
b11011101 6
#16420
0!
0"
1:
1$
02
10
0/
1.
1)
1(
1'
0&
0%
#16425
1!
1"
b11110000 6
#16430
0!
0"
1:
01
05
0.
1-
0'
1&
#16435
1!
1"
#16440
0!
0"
1:
11
03
00
1/
0-
0&
1%
#16445
1!
1"
b111100 6
#16450
0!
0"
1:
15
14
12
10
0/
0,
1+
0)
1'
0%
#16455
1!
1"
b11000100 6
#16460
0!
0"
1:
0$
05
04
13
02
00
1/
1.
1-
0+
1)
0'
1&
1%
#16465
1!
1"
b1111001 6
#16470
0!
0"
1:
10
0.
0-
1,
1+
0)
0(
0&
0%
#16475
1!
1"
#16480
0!
0"
1:
14
00
0/
0+
1)
1(
1&
1%
#16485
1!
1"
b10110000 6
#16490
0!
0"
1:
15
04
03
0)
0(
1'
#16495
1!
1"
b10000111 6
#16500
0!
0"
1:
1$
01
05
14
13
12
10
1.
0,
1*
1(
#16505
1!
1"
#16510
0!
0"
1:
04
02
00
1-
1+
0*
#16515
1!
1"
#16520
0!
0"
1:
0$
15
12
10
1/
0.
1*
0(
0'
0%
#16525
1!
1"
#16530
0!
0"
1:
1$
11
03
02
00
0-
1)
#16535
1!
1"
#16540
0!
0"
1:
0$
01
14
13
10
1.
1-
1,
0*
1(
1'
0&
#16545
1!
1"
#16550
0!
0"
1:
1$
05
04
03
12
00
0/
0.
0,
0+
0(
1%
#16555
1!
1"
#16560
0!
0"
1:
0$
11
15
14
1/
1.
0-
1,
1*
0)
1&
0%
#16565
1!
1"
b11000100 6
#16570
0!
0"
1:
01
04
02
0/
0.
1-
0*
0&
#16575
1!
1"
#16580
0!
0"
1:
11
12
10
1/
0,
1*
1)
0'
1&
1%
#16585
1!
1"
b10010010 6
#16590
0!
0"
1:
1$
05
14
02
0/
1.
1+
1(
1'
0&
#16595
1!
1"
b10110001 6
#16600
0!
0"
1:
01
04
1/
1,
0+
0)
1&
#16605
1!
1"
#16610
0!
0"
1:
15
14
13
12
0,
0'
0&
#16615
1!
1"
#16620
0!
0"
1:
0$
11
04
0/
0-
1,
0*
1&
#16625
1!
1"
b11011101 6
#16630
0!
0"
1:
1$
01
05
14
02
00
1+
1'
0&
#16635
1!
1"
#16640
0!
0"
1:
0$
11
04
03
1/
1-
0+
0'
1&
#16645
1!
1"
b111100 6
#16650
0!
0"
1:
1$
01
15
0/
1+
1*
1)
#16655
1!
1"
#16660
0!
0"
1:
13
10
1/
0.
0-
0,
1'
0&
0%
#16665
1!
1"
#16670
0!
0"
1:
11
14
03
00
0/
1.
0+
0'
1&
1%
#16675
1!
1"
b11100011 6
#16680
0!
0"
1:
0$
13
1/
0.
0*
0(
1'
0%
#16685
1!
1"
b1000100 6
#16690
0!
0"
1:
01
05
04
03
1-
1,
1(
0'
0&
1%
#16695
1!
1"
#16700
0!
0"
1:
1$
14
13
12
0/
1.
0)
0(
1'
1&
0%
#16705
1!
1"
#16710
0!
0"
1:
15
04
02
0,
1*
1)
0&
#16715
1!
1"
#16720
0!
0"
1:
03
12
10
1/
0.
1,
0*
1%
#16725
1!
1"
#16730
0!
0"
1:
0$
05
13
00
0-
0,
0)
1(
1&
0%
#16735
1!
1"
#16740
0!
0"
1:
1$
14
02
1.
1-
1*
1%
#16745
1!
1"
#16750
0!
0"
1:
0$
11
12
10
0-
1,
0*
1)
0(
#16755
1!
1"
b1011011 6
#16760
0!
0"
1:
02
0/
1+
1*
0)
0&
#16765
1!
1"
b11100 6
#16770
0!
0"
1:
1$
01
15
04
12
00
1/
0.
1-
0,
0+
0*
1&
#16775
1!
1"
#16780
0!
0"
1:
11
05
14
03
0/
1.
1+
1*
0'
0&
#16785
1!
1"
b10011011 6
#16790
0!
0"
1:
0$
1/
1,
1)
1(
1'
1&
0%
#16795
1!
1"
#16800
0!
0"
1:
15
04
13
0/
0)
0(
0'
0&
1%
#16805
1!
1"
b11000100 6
#16810
0!
0"
1:
05
03
02
1/
0.
0,
0+
1(
1'
#16815
1!
1"
b111100 6
#16820
0!
0"
1:
01
14
13
12
10
0/
0-
1,
1)
0'
1&
#16825
1!
1"
#16830
0!
0"
1:
11
15
03
00
0(
1'
0%
#16835
1!
1"
b110100 6
#16840
0!
0"
1:
04
13
10
0,
1+
0*
0)
1(
0'
0&
1%
#16845
1!
1"
b11000100 6
#16850
0!
0"
1:
01
03
00
1.
1-
1*
0(
1&
0%
#16855
1!
1"
#16860
0!
0"
1:
1$
13
0.
0-
0+
0*
1(
1'
1%
#16865
1!
1"
#16870
0!
0"
1:
0$
1.
1-
1,
1*
1)
0(
0'
#16875
1!
1"
#16880
0!
0"
1:
11
05
02
0.
0,
1+
0*
1(
1'
#16885
1!
1"
b11100010 6
#16890
0!
0"
1:
01
14
03
1/
0-
1,
1*
0(
0&
#16895
1!
1"
#16900
0!
0"
1:
15
12
10
0/
1-
0+
1(
#16905
1!
1"
#16910
0!
0"
1:
11
05
04
13
00
0,
0*
0)
1&
#16915
1!
1"
b101000 6
#16920
0!
0"
1:
1$
01
14
03
1.
1,
1+
1*
0&
#16925
1!
1"
#16930
0!
0"
1:
11
15
13
02
10
1/
0.
0-
0+
1)
1&
#16935
1!
1"
b1000100 6
#16940
0!
0"
1:
0$
01
04
03
12
0/
1.
1-
0,
0'
0&
0%
#16945
1!
1"
#16950
0!
0"
1:
1$
14
13
00
1/
0-
1+
0*
0)
1&
1%
#16955
1!
1"
#16960
0!
0"
1:
11
04
1-
1,
1*
0(
0&
0%
#16965
1!
1"
b100110 6
#16970
0!
0"
1:
0$
01
14
02
10
0.
0-
0,
0+
0*
1(
1%
#16975
1!
1"
#16980
0!
0"
1:
1$
11
05
04
03
12
00
0/
1*
1)
1&
0%
#16985
1!
1"
b1101100 6
#16990
0!
0"
1:
15
13
02
10
1+
0&
1%
#16995
1!
1"
b11000000 6
#17000
0!
0"
1:
0$
05
14
03
12
1/
1.
0+
0(
1'
1&
0%
#17005
1!
1"
b10011011 6
#17010
0!
0"
1:
01
15
0.
1-
1,
1+
0*
0'
1%
#17015
1!
1"
#17020
0!
0"
1:
1$
02
00
0-
0+
1*
#17025
1!
1"
#17030
0!
0"
1:
0$
11
05
04
13
0/
1+
0)
1(
0&
#17035
1!
1"
b11100010 6
#17040
0!
0"
1:
01
14
0,
0+
1)
0(
1&
#17045
1!
1"
#17050
0!
0"
1:
11
04
1/
0)
0&
0%
#17055
1!
1"
#17060
0!
0"
1:
01
14
03
12
0/
1.
1,
1+
0*
1&
1%
#17065
1!
1"
#17070
0!
0"
1:
1$
15
04
02
10
1/
0.
1-
0,
0+
1*
1)
0%
#17075
1!
1"
#17080
0!
0"
1:
11
12
1.
0-
1,
0*
0&
#17085
1!
1"
b11100001 6
#17090
0!
0"
1:
01
05
13
02
0.
1-
0,
1(
1'
1&
#17095
1!
1"
#17100
0!
0"
1:
0$
11
15
14
12
00
0/
1,
0(
0'
0&
1%
#17105
1!
1"
b11010011 6
#17110
0!
0"
1:
1$
10
1/
1.
0)
1(
1'
#17115
1!
1"
#17120
0!
0"
1:
01
05
04
02
0/
0.
1+
1)
0(
1&
#17125
1!
1"
#17130
0!
0"
1:
0$
11
15
03
12
00
1.
1*
0'
0&
0%
#17135
1!
1"
b11100001 6
#17140
0!
0"
1:
01
05
13
02
0.
0-
0,
0*
0)
1'
1&
#17145
1!
1"
#17150
0!
0"
1:
1$
11
15
14
12
1.
0+
1)
1(
0'
0&
#17155
1!
1"
b11010011 6
#17160
0!
0"
1:
0$
05
04
0.
1-
1,
1+
0)
1%
#17165
1!
1"
b11010010 6
#17170
0!
0"
1:
1$
03
02
10
1/
1.
0-
0,
0+
0(
0%
#17175
1!
1"
b10010111 6
#17180
0!
0"
1:
01
12
00
0/
0.
1-
1,
1&
#17185
1!
1"
#17190
0!
0"
1:
13
02
1.
0,
1*
1)
1(
1'
#17195
1!
1"
#17200
0!
0"
1:
0$
11
14
12
10
1/
0.
1+
0'
1%
#17205
1!
1"
b10111001 6
#17210
0!
0"
1:
01
04
03
02
0/
0-
1,
0%
#17215
1!
1"
#17220
0!
0"
1:
15
14
00
1/
1.
1-
0,
0*
1'
0&
#17225
1!
1"
#17230
0!
0"
1:
1$
13
10
0.
0-
0+
1*
0)
0'
#17235
1!
1"
#17240
0!
0"
1:
04
12
00
0/
1-
1+
0*
1%
#17245
1!
1"
#17250
0!
0"
1:
0$
11
05
03
02
0-
0+
0(
1'
1&
0%
#17255
1!
1"
b111 6
#17260
0!
0"
1:
01
15
14
13
1.
1+
1*
1(
0'
#17265
1!
1"
#17270
0!
0"
1:
1$
11
05
04
10
0.
0*
0(
1'
0&
#17275
1!
1"
b11000 6
#17280
0!
0"
1:
0$
15
1/
1-
0+
1(
0'
1%
#17285
1!
1"
b11000000 6
#17290
0!
0"
1:
1$
05
12
1*
1)
0(
1'
1&
#17295
1!
1"
b11010010 6
#17300
0!
0"
1:
15
14
00
1.
0-
1+
0'
#17305
1!
1"
b11010011 6
#17310
0!
0"
1:
02
0/
0.
1,
0+
0)
1'
#17315
1!
1"
b11001100 6
#17320
0!
0"
1:
0$
01
05
12
1.
1+
0*
1)
1(
0'
#17325
1!
1"
#17330
0!
0"
1:
1$
10
1/
0.
0(
0&
#17335
1!
1"
#17340
0!
0"
1:
11
15
03
0,
0+
1*
0%
#17345
1!
1"
b11111 6
#17350
0!
0"
1:
0$
01
05
13
00
0/
1-
1,
1+
0*
1'
1&
1%
#17355
1!
1"
#17360
0!
0"
1:
1$
11
15
04
02
0,
0+
0)
1(
#17365
1!
1"
b11000000 6
#17370
0!
0"
1:
01
03
12
1/
1*
0'
0&
#17375
1!
1"
#17380
0!
0"
1:
0$
05
13
10
0/
1+
0*
1)
#17385
1!
1"
#17390
0!
0"
1:
1$
14
02
1/
1.
0-
0+
0)
1'
0%
#17395
1!
1"
#17400
0!
0"
1:
15
03
00
1-
1)
0(
0'
1&
#17405
1!
1"
#17410
0!
0"
1:
05
0.
1,
0)
1'
0&
1%
#17415
1!
1"
#17420
0!
0"
1:
0$
11
15
04
12
10
0/
1*
1)
1&
0%
#17425
1!
1"
b1001010 6
#17430
0!
0"
1:
14
02
00
1/
1.
0-
0,
0)
0&
#17435
1!
1"
b111 6
#17440
0!
0"
1:
04
10
1,
1+
0*
1)
1%
#17445
1!
1"
b1000011 6
#17450
0!
0"
1:
01
05
14
13
00
0/
0+
0)
1(
1&
0%
#17455
1!
1"
#17460
0!
0"
1:
1$
15
04
0.
1)
0(
0&
#17465
1!
1"
#17470
0!
0"
1:
0$
05
03
10
1-
1*
1(
1%
#17475
1!
1"
#17480
0!
0"
1:
1$
11
14
12
1.
0-
0(
0'
1&
#17485
1!
1"
b11010 6
#17490
0!
0"
1:
0$
13
02
1/
1-
1+
0)
1(
1'
#17495
1!
1"
b11100 6
#17500
0!
0"
1:
01
04
12
0.
0-
0,
0+
0*
0(
0'
#17505
1!
1"
#17510
0!
0"
1:
1$
11
14
02
00
0/
1,
1+
1*
1)
0&
0%
#17515
1!
1"
#17520
0!
0"
1:
01
03
12
10
1/
1.
0,
0)
1'
#17525
1!
1"
#17530
0!
0"
1:
11
13
02
00
0/
1-
0+
0*
1)
1%
#17535
1!
1"
#17540
0!
0"
1:
0$
15
04
10
0.
1+
1(
0'
0%
#17545
1!
1"
b11000000 6
#17550
0!
0"
1:
1$
14
12
00
1.
1'
#17555
1!
1"
b1000 6
#17560
0!
0"
1:
0$
05
03
1/
0-
1,
1*
#17565
1!
1"
b10001100 6
#17570
0!
0"
1:
10
1-
0,
#17575
1!
1"
#17580
0!
0"
1:
15
00
0-
0'
1&
#17585
1!
1"
b11111 6
#17590
0!
0"
1:
1$
01
05
04
13
0/
0.
1-
1,
0+
0(
0&
1%
#17595
1!
1"
#17600
0!
0"
1:
0$
11
02
10
1/
0,
1+
0*
1&
#17605
1!
1"
b10001110 6
#17610
0!
0"
1:
1$
00
0-
1,
1*
0)
1(
#17615
1!
1"
#17620
0!
0"
1:
0$
15
14
03
0,
0+
0*
0(
1'
0&
0%
#17625
1!
1"
b10101100 6
#17630
0!
0"
1:
04
13
12
1-
1,
1&
1%
#17635
1!
1"
b1110010 6
#17640
0!
0"
1:
01
14
03
0/
0-
0,
1+
1)
1(
0&
0%
#17645
1!
1"
#17650
0!
0"
1:
1$
10
0+
1*
1&
1%
#17655
1!
1"
#17660
0!
0"
1:
0$
11
02
1.
0*
0)
0(
0%
#17665
1!
1"
b10101100 6
#17670
0!
0"
1:
1$
01
12
00
1/
1-
1*
1(
#17675
1!
1"
#17680
0!
0"
1:
0$
11
05
04
13
02
0-
1+
0'
0&
1%
#17685
1!
1"
b10001110 6
#17690
0!
0"
1:
1$
01
03
0.
1-
0+
1)
0(
1'
#17695
1!
1"
#17700
0!
0"
1:
11
13
10
1.
0-
1,
1+
1&
0%
#17705
1!
1"
#17710
0!
0"
1:
0$
14
0/
0.
1-
0,
0+
0*
0'
1%
#17715
1!
1"
b11110111 6
#17720
0!
0"
1:
03
00
1.
0-
1,
1*
1(
0&
#17725
1!
1"
b1100111 6
#17730
0!
0"
1:
13
12
10
1/
1-
0,
1+
0%
#17735
1!
1"
b1010000 6
#17740
0!
0"
1:
1$
01
15
03
02
1,
0+
0*
0)
1'
1%
#17745
1!
1"
#17750
0!
0"
1:
11
05
13
12
00
0.
0-
0(
0'
1&
#17755
1!
1"
#17760
0!
0"
1:
04
02
10
1.
1-
1(
1'
#17765
1!
1"
b10001110 6
#17770
0!
0"
1:
01
14
00
0-
1)
0(
0'
0&
#17775
1!
1"
#17780
0!
0"
1:
0$
11
15
04
03
12
0/
1-
0,
1*
0)
1'
1&
0%
#17785
1!
1"
b1001010 6
#17790
0!
0"
1:
14
02
10
1/
0.
1+
0*
1)
1(
#17795
1!
1"
b10101100 6
#17800
0!
0"
1:
1$
01
13
0-
1,
0)
0'
0&
1%
#17805
1!
1"
#17810
0!
0"
1:
11
04
03
00
1-
1)
0(
0%
#17815
1!
1"
b1000011 6
#17820
0!
0"
1:
01
14
13
1.
1'
1&
1%
#17825
1!
1"
#17830
0!
0"
1:
0$
11
05
03
12
10
0-
0,
0+
1*
0)
0'
0&
#17835
1!
1"
b11001010 6
#17840
0!
0"
1:
15
13
02
00
1,
1+
0*
1(
1'
1&
#17845
1!
1"
b1001110 6
#17850
0!
0"
1:
01
04
03
12
10
0/
1-
0,
0+
1*
1)
0(
0'
0%
#17855
1!
1"
#17860
0!
0"
1:
1$
11
05
13
02
0.
0-
0*
0)
1(
1'
#17865
1!
1"
b10001110 6
#17870
0!
0"
1:
0$
01
14
03
12
1.
1-
1,
1%
#17875
1!
1"
#17880
0!
0"
1:
02
0.
0,
1+
1*
1)
0(
0'
#17885
1!
1"
#17890
0!
0"
1:
13
00
0-
1,
#17895
1!
1"
#17900
0!
0"
1:
1$
15
04
03
10
1/
1.
1-
0,
0*
1'
0%
#17905
1!
1"
#17910
0!
0"
1:
05
14
13
00
0.
0-
0)
1%
#17915
1!
1"
#17920
0!
0"
1:
15
03
12
1-
1,
1*
1)
1(
0%
#17925
1!
1"
#17930
0!
0"
1:
11
04
10
0/
0-
0,
0+
0)
0(
0'
0&
#17935
1!
1"
b110011 6
#17940
0!
0"
1:
0$
13
02
1/
1-
1,
1(
1%
#17945
1!
1"
b11000000 6
#17950
0!
0"
1:
1$
01
05
03
12
00
0/
1)
0(
1'
0%
#17955
1!
1"
#17960
0!
0"
1:
0$
11
15
14
10
0,
1%
#17965
1!
1"
b11111 6
#17970
0!
0"
1:
1$
01
04
13
00
1.
0*
1(
1&
#17975
1!
1"
#17980
0!
0"
1:
11
03
0.
1,
0(
0'
0&
#17985
1!
1"
b110011 6
#17990
0!
0"
1:
0$
05
02
10
1/
1.
0-
0,
1+
0)
1(
#17995
1!
1"
b1000001 6
#18000
0!
0"
1:
01
15
13
0/
0.
1,
1*
1)
0(
1&
0%
#18005
1!
1"
#18010
0!
0"
1:
11
03
12
1-
0,
0+
#18015
1!
1"
b110011 6
#18020
0!
0"
1:
1$
05
14
13
02
1/
1,
0)
1'
1%
#18025
1!
1"
b10101111 6
#18030
0!
0"
1:
0$
04
1.
0-
1+
1)
0&
#18035
1!
1"
b10001110 6
#18040
0!
0"
1:
15
12
1-
0+
0)
1(
0%
#18045
1!
1"
b1110010 6
#18050
0!
0"
1:
1$
03
0/
0-
0,
0*
1)
0(
0'
1&
1%
#18055
1!
1"
b110011 6
#18060
0!
0"
1:
0$
01
05
14
13
00
1/
0.
1+
1*
0)
0&
0%
#18065
1!
1"
#18070
0!
0"
1:
1$
11
04
1.
1-
0+
0*
1'
#18075
1!
1"
b10000101 6
#18080
0!
0"
1:
15
14
03
02
10
0/
0.
0-
1,
1*
0'
1&
#18085
1!
1"
b10101100 6
#18090
0!
0"
1:
0$
05
13
12
1.
0,
1)
1(
1'
#18095
1!
1"
b1011011 6
#18100
0!
0"
1:
1$
01
15
04
1-
1+
0(
0'
#18105
1!
1"
#18110
0!
0"
1:
0$
00
0.
1,
0+
0*
0)
1'
1%
11
#18115
1!
1"
b1110010 6
#18120
0!
0"
1:
1$
01
05
14
03
10
0-
0,
1+
1)
1(
0'
#18125
1!
1"
#18130
0!
0"
1:
0$
11
15
13
1/
1.
1,
1*
0(
0&
0%
#18135
1!
1"
b10001100 6
#18140
0!
0"
1:
1$
00
0.
1'
1%
#18145
1!
1"
#18150
0!
0"
1:
01
05
04
02
10
0*
0)
0'
1&
0%
#18155
1!
1"
#18160
0!
0"
1:
11
14
03
12
0/
1.
0,
1)
1'
1%
#18165
1!
1"
b11110010 6
#18170
0!
0"
1:
01
15
02
1/
1-
0+
0)
#18175
1!
1"
#18180
0!
0"
1:
0$
11
05
04
13
0-
1*
1)
1(
0%
#18185
1!
1"
b110011 6
#18190
0!
0"
1:
15
00
0/
1,
1+
0)
0(
0'
#18195
1!
1"
b11000000 6
#18200
0!
0"
1:
05
1/
1-
0+
1(
1'
1%
#18205
1!
1"
b110011 6
#18210
0!
0"
1:
1$
01
12
10
0.
0,
1+
0'
0%
#18215
1!
1"
#18220
0!
0"
1:
11
14
03
0/
0-
0*
1'
0&
#18225
1!
1"
b11110010 6
#18230
0!
0"
1:
0$
01
04
13
02
00
1.
1-
1)
#18235
1!
1"
#18240
0!
0"
1:
11
14
03
1,
0(
0'
1&
1%
#18245
1!
1"
b1110 6
#18250
0!
0"
1:
01
15
12
1/
0.
0-
0,
1*
1'
#18255
1!
1"
#18260
0!
0"
1:
05
02
0+
0&
0%
#18265
1!
1"
#18270
0!
0"
1:
1$
04
12
10
1,
1+
0*
0)
0'
1%
#18275
1!
1"
#18280
0!
0"
1:
11
14
13
02
00
1.
1-
1'
1&
0%
#18285
1!
1"
b10101111 6
#18290
0!
0"
1:
01
03
10
0.
0+
1*
1)
1(
0'
0&
1%
#18295
1!
1"
#18300
0!
0"
1:
0$
11
15
0/
1.
0-
0*
0%
#18305
1!
1"
b100001 6
#18310
0!
0"
1:
1$
0.
1+
0)
1'
1%
#18315
1!
1"
#18320
0!
0"
1:
01
04
12
1/
0+
1*
1)
0'
1&
#18325
1!
1"
#18330
0!
0"
1:
0$
11
14
13
1+
0(
#18335
1!
1"
b10001100 6
#18340
0!
0"
1:
1$
01
05
02
00
1.
1-
0,
1(
1'
0%
#18345
1!
1"
#18350
0!
0"
1:
0$
10
1,
0+
0*
0)
0(
0&
1%
11
#18355
1!
1"
b111110 6
#18360
0!
0"
1:
1$
0/
0.
1(
0'
1&
0%
01
#18365
1!
1"
#18370
0!
0"
1:
15
04
00
1.
0,
1+
1*
1)
0(
1'
0&
1%
#18375
1!
1"
#18380
0!
0"
1:
0$
12
10
1/
0.
0*
0)
0%
#18385
1!
1"
#18390
0!
0"
1:
11
05
14
00
0/
0-
0+
1*
1)
0'
1&
#18395
1!
1"
b1111 6
#18400
0!
0"
1:
15
04
02
10
1-
0*
0)
1(
1'
0&
#18405
1!
1"
b11001 6
#18410
0!
0"
1:
01
05
14
03
12
00
1/
0-
1,
1*
1)
0'
1&
#18415
1!
1"
#18420
0!
0"
1:
11
02
1-
0,
0)
1'
#18425
1!
1"
b1110 6
#18430
0!
0"
1:
01
15
04
13
12
0/
1.
0-
1+
1)
0'
0&
#18435
1!
1"
#18440
0!
0"
1:
1$
11
14
02
0.
1-
1,
0+
0*
0)
1&
1%
#18445
1!
1"
b11101110 6
#18450
0!
0"
1:
0$
05
12
1/
1.
0-
0,
1+
1)
0(
#18455
1!
1"
b1111 6
#18460
0!
0"
1:
03
0/
0.
1,
0)
0&
0%
#18465
1!
1"
b11101100 6
#18470
0!
0"
1:
1$
01
15
04
13
02
10
1/
1.
1-
0+
1)
1%
#18475
1!
1"
#18480
0!
0"
1:
05
14
03
00
0,
0)
#18485
1!
1"
#18490
0!
0"
1:
0$
11
04
10
0/
0.
0-
1,
1+
1(
1'
1&
#18495
1!
1"
b1000001 6
#18500
0!
0"
1:
1$
01
12
1/
1.
1*
0'
0&
0%
#18505
1!
1"
#18510
0!
0"
1:
0$
11
15
13
0.
1-
1)
1'
1&
1%
#18515
1!
1"
b11000 6
#18520
0!
0"
1:
1$
01
14
03
02
00
1.
0,
0+
0(
0&
#18525
1!
1"
#18530
0!
0"
1:
05
04
13
12
0.
1,
0'
#18535
1!
1"
#18540
0!
0"
1:
0$
11
14
03
02
1.
0-
0*
0)
1(
1&
#18545
1!
1"
b1110 6
#18550
0!
0"
1:
1$
13
12
10
0.
1-
0,
1)
0(
0&
0%
#18555
1!
1"
b1111 6
#18560
0!
0"
1:
0$
01
15
04
03
0-
1&
1%
#18565
1!
1"
#18570
0!
0"
1:
11
13
00
0/
1.
1-
0)
#18575
1!
1"
b11000 6
#18580
0!
0"
1:
01
05
03
1/
0-
1)
0%
#18585
1!
1"
#18590
0!
0"
1:
1$
11
15
14
13
10
0.
0)
1(
1'
0&
1%
#18595
1!
1"
b10001100 6
#18600
0!
0"
1:
05
04
03
02
0/
1,
1)
0(
0'
0%
#18605
1!
1"
b10001011 6
#18610
0!
0"
1:
14
13
12
00
1/
0,
1*
0)
1(
1'
1%
#18615
1!
1"
b1111 6
#18620
0!
0"
1:
01
15
10
0/
1-
1)
0(
0%
#18625
1!
1"
#18630
0!
0"
1:
0$
05
04
03
02
1/
1(
#18635
1!
1"
#18640
0!
0"
1:
15
12
00
0-
1,
0)
0(
1%
#18645
1!
1"
#18650
0!
0"
1:
02
1+
1(
0'
1&
#18655
1!
1"
#18660
0!
0"
1:
1$
14
12
0/
1.
0+
0*
0&
#18665
1!
1"
#18670
0!
0"
1:
13
02
10
0.
1-
1+
1*
#18675
1!
1"
#18680
0!
0"
1:
11
04
03
00
1/
1.
0-
1)
0(
1'
0%
#18685
1!
1"
b1110111 6
#18690
0!
0"
1:
14
0/
0.
0+
0)
#18695
1!
1"
b100001 6
#18700
0!
0"
1:
0$
01
05
04
1.
1-
0,
1+
0*
0'
1%
#18705
1!
1"
#18710
0!
0"
1:
11
15
1/
1,
0+
1)
1(
1&
#18715
1!
1"
b1110111 6
#18720
0!
0"
1:
1$
01
14
10
0.
0-
0,
1*
0(
1'
0&
0%
#18725
1!
1"
#18730
0!
0"
1:
11
05
13
0/
1-
1,
0'
#18735
1!
1"
b111110 6
#18740
0!
0"
1:
03
1.
0-
1+
0*
1'
#18745
1!
1"
b11000011 6
#18750
0!
0"
1:
01
15
04
12
1/
0,
0)
0'
1%
#18755
1!
1"
#18760
0!
0"
1:
0$
05
14
13
00
0/
1,
1'
0%
#18765
1!
1"
#18770
0!
0"
1:
1$
11
15
04
03
1/
0.
0,
0+
1*
1(
#18775
1!
1"
b1111001 6
#18780
0!
0"
1:
05
1-
1,
1)
#18785
1!
1"
b100111 6
#18790
0!
0"
1:
0$
15
14
0/
1+
0*
0)
#18795
1!
1"
b1000010 6
#18800
0!
0"
1:
1$
05
04
13
1/
1.
0-
1*
0(
#18805
1!
1"
b10000101 6
#18810
0!
0"
1:
01
03
10
0/
1-
0+
1)
0'
1&
#18815
1!
1"
#18820
0!
0"
1:
11
14
02
00
0.
0-
0,
0*
1(
1'
0&
1%
#18825
1!
1"
b1110110 6
#18830
0!
0"
1:
0$
13
10
1.
1-
1,
0)
0(
0'
1&
#18835
1!
1"
b111110 6
#18840
0!
0"
1:
03
00
1/
0-
0,
1+
1'
0&
0%
#18845
1!
1"
b1110110 6
#18850
0!
0"
1:
04
13
12
10
0.
1*
1(
0'
1%
#18855
1!
1"
b10000101 6
#18860
0!
0"
1:
15
03
02
0/
1,
0+
0*
0(
0%
#18865
1!
1"
b1110111 6
#18870
0!
0"
1:
1$
01
05
13
1/
0,
1+
1(
1'
#18875
1!
1"
#18880
0!
0"
1:
15
03
12
00
0/
1.
1,
0+
1*
1)
0(
0'
#18885
1!
1"
#18890
0!
0"
1:
02
10
0*
1(
1&
1%
#18895
1!
1"
#18900
0!
0"
1:
0$
11
14
13
1/
0.
0)
0&
#18905
1!
1"
b11101110 6
#18910
0!
0"
1:
1$
01
04
12
1.
1-
1)
0(
1'
1&
#18915
1!
1"
#18920
0!
0"
1:
0$
14
00
0/
0.
0-
1+
0'
#18925
1!
1"
#18930
0!
0"
1:
1$
03
02
10
1/
1.
1-
0,
1'
0&
#18935
1!
1"
#18940
0!
0"
1:
11
04
13
0/
0+
1*
0)
1(
1&
#18945
1!
1"
b11001 6
#18950
0!
0"
1:
0$
14
03
0-
1+
0*
0'
#18955
1!
1"
b100011 6
#18960
0!
0"
1:
01
04
13
00
1/
1-
1,
1*
1)
0&
0%
#18965
1!
1"
#18970
0!
0"
1:
05
14
10
0.
0-
0,
0+
0*
0(
1'
#18975
1!
1"
#18980
0!
0"
1:
1$
15
03
12
00
0/
1.
1-
1+
1(
1&
#18985
1!
1"
#18990
0!
0"
1:
11
05
04
13
02
1/
0.
0+
1*
0)
0'
0&
#18995
1!
1"
b11011101 6
#19000
0!
0"
1:
01
03
10
0/
1+
0*
1%
#19005
1!
1"
#19010
0!
0"
1:
0$
13
12
00
1/
0-
1)
0%
#19015
1!
1"
#19020
0!
0"
1:
1$
15
14
02
10
0/
1-
1*
0)
1'
1%
#19025
1!
1"
#19030
0!
0"
1:
03
1/
1,
0*
0'
#19035
1!
1"
#19040
0!
0"
1:
05
04
13
0/
1.
0,
0+
1*
1)
0(
1&
#19045
1!
1"
#19050
0!
0"
1:
0$
15
00
0.
0*
0)
0&
#19055
1!
1"
#19060
0!
0"
1:
1$
11
05
03
12
10
1.
0-
1,
1)
#19065
1!
1"
b100111 6
#19070
0!
0"
1:
15
14
13
02
0.
0,
1+
1(
1'
#19075
1!
1"
b10101100 6
#19080
0!
0"
1:
01
03
12
00
1/
1-
0+
0'
0%
#19085
1!
1"
#19090
0!
0"
1:
0$
11
05
02
10
0/
1.
0-
1,
0(
1&
#19095
1!
1"
b1110110 6
#19100
0!
0"
1:
1$
00
1/
0,
1*
0)
1(
1'
0&
#19105
1!
1"
#19110
0!
0"
1:
15
04
12
10
1,
1+
0*
1)
0(
0'
1%
#19115
1!
1"
b111011 6
#19120
0!
0"
1:
0$
01
14
13
02
00
0/
1-
0)
#19125
1!
1"
#19130
0!
0"
1:
1$
03
12
0.
0-
0,
1(
1'
1&
0%
#19135
1!
1"
#19140
0!
0"
1:
0$
1,
0+
1*
0(
1%
11
#19145
1!
1"
b10100001 6
#19150
0!
0"
1:
1$
05
13
02
10
1/
1-
0,
0*
1(
0&
#19155
1!
1"
b111110 6
#19160
0!
0"
1:
01
15
12
00
0/
1*
0(
0%
#19165
1!
1"
#19170
0!
0"
1:
02
1/
1.
0-
1+
1)
1&
#19175
1!
1"
#19180
0!
0"
1:
0$
11
05
03
0/
0+
0)
1(
#19185
1!
1"
b1001000 6
#19190
0!
0"
1:
04
10
1/
1-
1,
1)
0'
#19195
1!
1"
b11010100 6
#19200
0!
0"
1:
1$
01
14
13
00
0/
0-
0,
1+
0*
0(
0&
#19205
1!
1"
#19210
0!
0"
1:
0$
11
15
04
03
0.
1-
1,
1'
#19215
1!
1"
b10001010 6
#19220
0!
0"
1:
1$
01
05
13
12
10
1.
1*
0)
1(
0'
1&
1%
#19225
1!
1"
#19230
0!
0"
1:
0$
11
15
03
02
0.
0(
0%
#19235
1!
1"
#19240
0!
0"
1:
1$
14
13
00
1/
1'
#19245
1!
1"
b100000 6
#19250
0!
0"
1:
0$
01
05
04
1.
0-
0,
0+
1)
1(
0'
0&
1%
#19255
1!
1"
#19260
0!
0"
1:
11
15
03
10
0.
0*
1&
#19265
1!
1"
b10001010 6
#19270
0!
0"
1:
01
05
12
00
0/
1.
1-
1+
0)
0(
1'
0&
0%
#19275
1!
1"
#19280
0!
0"
1:
1$
15
14
0.
0-
1,
1*
1)
1(
1%
#19285
1!
1"
#19290
0!
0"
1:
0$
02
1-
0+
0*
0(
#19295
1!
1"
#19300
0!
0"
1:
11
04
13
12
10
1/
1.
0-
0,
1(
1&
0%
#19305
1!
1"
b1111101 6
#19310
0!
0"
1:
05
0/
1,
1+
#19315
1!
1"
b11001101 6
#19320
0!
0"
1:
1$
00
1/
0,
0+
0)
0(
0&
1%
01
#19325
1!
1"
#19330
0!
0"
1:
0$
11
15
14
03
0/
1,
1+
1)
1(
0'
0%
#19335
1!
1"
b11110000 6
#19340
0!
0"
1:
1$
05
04
1-
0,
0+
1*
1&
#19345
1!
1"
b10110111 6
#19350
0!
0"
1:
01
15
14
02
10
0.
1+
0*
0(
1'
0&
1%
#19355
1!
1"
#19360
0!
0"
1:
05
12
00
0-
1*
0'
1&
#19365
1!
1"
#19370
0!
0"
1:
13
1.
0+
0)
1'
#19375
1!
1"
#19380
0!
0"
1:
0$
11
04
03
02
1/
0.
1-
1+
0*
1(
0&
#19385
1!
1"
b10100100 6
#19390
0!
0"
1:
01
15
12
10
1.
0-
1)
0'
1&
#19395
1!
1"
#19400
0!
0"
1:
1$
11
14
13
00
1-
1*
1'
#19405
1!
1"
b1001101 6
#19410
0!
0"
1:
01
04
10
1,
0+
0)
0(
0'
0%
#19415
1!
1"
#19420
0!
0"
1:
0$
05
14
03
02
0/
0.
0-
1+
#19425
1!
1"
#19430
0!
0"
1:
1$
04
00
1/
1-
0,
0+
1)
1(
1'
0&
#19435
1!
1"
#19440
0!
0"
1:
0$
15
10
0/
1.
1,
1+
0*
0)
0(
0'
1&
1%
#19445
1!
1"
#19450
0!
0"
1:
1$
14
13
12
1/
0.
0,
0+
1*
1)
1'
0%
#19455
1!
1"
#19460
0!
0"
1:
0$
05
03
02
0/
1.
0-
1+
0*
1(
1%
#19465
1!
1"
#19470
0!
0"
1:
11
15
04
13
1,
0+
0)
0(
0'
0&
0%
#19475
1!
1"
b11001100 6
#19480
0!
0"
1:
1$
01
14
12
1/
1-
0,
1'
1&
#19485
1!
1"
#19490
0!
0"
1:
11
05
04
03
1,
1+
1*
1(
1%
#19495
1!
1"
b10110111 6
#19500
0!
0"
1:
15
14
02
00
0,
0*
1)
0(
0&
#19505
1!
1"
b11001010 6
#19510
0!
0"
1:
01
13
10
0.
0-
1,
1*
0%
#19515
1!
1"
#19520
0!
0"
1:
11
12
1.
1-
0+
0'
1&
1%
#19525
1!
1"
b1111111 6
#19530
0!
0"
1:
01
05
03
00
0/
0.
1+
1(
0&
#19535
1!
1"
#19540
0!
0"
1:
0$
11
02
10
1/
1.
0-
0*
0)
1'
1&
0%
#19545
1!
1"
b11110011 6
#19550
0!
0"
1:
01
13
12
0,
0+
1*
0(
0'
0&
#19555
1!
1"
#19560
0!
0"
1:
04
03
02
0.
1-
1+
0*
1)
1(
#19565
1!
1"
#19570
0!
0"
1:
11
13
00
1.
1*
0)
0(
1'
#19575
1!
1"
b1011111 6
#19580
0!
0"
1:
12
10
0/
0.
0*
1(
1&
#19585
1!
1"
b11011111 6
#19590
0!
0"
1:
00
1/
1.
1*
1)
0'
1%
#19595
1!
1"
#19600
0!
0"
1:
01
15
14
03
02
10
0/
1,
0+
0*
0)
0&
0%
#19605
1!
1"
#19610
0!
0"
1:
1$
05
04
12
0.
0-
0,
1*
0(
1'
1%
#19615
1!
1"
#19620
0!
0"
1:
15
00
1/
1+
0*
0'
1&
0%
#19625
1!
1"
#19630
0!
0"
1:
0$
11
13
10
0/
1.
1-
1,
0+
1*
1)
1(
1'
1%
#19635
1!
1"
b1111101 6
#19640
0!
0"
1:
1$
0.
0-
0,
0*
0&
01
#19645
1!
1"
#19650
0!
0"
1:
0$
05
03
02
00
1.
1-
1,
1*
0'
0%
#19655
1!
1"
#19660
0!
0"
1:
11
14
13
10
1/
0-
0,
1+
0*
#19665
1!
1"
b1111 6
#19670
0!
0"
1:
01
04
03
12
00
0/
0.
1,
0+
0)
1'
1&
1%
#19675
1!
1"
#19680
0!
0"
1:
1$
15
14
02
10
1/
1-
1+
1)
0(
0&
#19685
1!
1"
#19690
0!
0"
1:
00
0/
1.
0+
1*
0)
0'
0%
11
#19695
1!
1"
b11001010 6
#19700
0!
0"
1:
01
05
13
12
10
1/
1+
0*
1)
1(
1'
1&
#19705
1!
1"
#19710
0!
0"
1:
0$
15
03
0/
0-
0,
0)
0(
0'
1%
#19715
1!
1"
#19720
0!
0"
1:
1/
0.
1*
1)
1(
0%
11
#19725
1!
1"
b10000001 6
#19730
0!
0"
1:
1$
05
04
13
00
0/
1.
1-
1,
0*
0(
1'
#19735
1!
1"
b11011111 6
#19740
0!
0"
1:
0$
02
1/
0-
0+
#19745
1!
1"
b100010 6
#19750
0!
0"
1:
1$
01
15
03
10
0/
0.
1-
0,
1*
1(
0'
1%
#19755
1!
1"
#19760
0!
0"
1:
00
1/
0*
0)
0(
1'
0&
11
#19765
1!
1"
b10001010 6
#19770
0!
0"
1:
14
13
10
1.
0-
1+
1*
0%
#19775
1!
1"
b10111111 6
#19780
0!
0"
1:
01
05
03
00
0/
1-
0+
1)
0'
1%
#19785
1!
1"
#19790
0!
0"
1:
15
04
13
12
10
1/
0.
1+
0*
1(
1'
1&
#19795
1!
1"
#19800
0!
0"
1:
14
03
00
1.
0-
0+
#19805
1!
1"
#19810
0!
0"
1:
0$
11
13
0/
1-
0)
0(
0%
#19815
1!
1"
b10000110 6
#19820
0!
0"
1:
1$
01
03
1/
0-
1,
1+
1*
#19825
1!
1"
#19830
0!
0"
1:
11
04
13
02
0.
0,
0*
1(
0'
0&
1%
#19835
1!
1"
b11001100 6
#19840
0!
0"
1:
0$
01
14
03
10
1.
1-
1,
1)
0(
1'
1&
0%
#19845
1!
1"
#19850
0!
0"
1:
11
05
04
00
0/
0.
0+
1*
1(
0'
1%
#19855
1!
1"
b1011100 6
#19860
0!
0"
1:
14
13
10
1/
0)
1'
0&
#19865
1!
1"
b1110110 6
#19870
0!
0"
1:
04
12
00
0/
1.
0,
0*
1)
0'
1&
0%
#19875
1!
1"
b11011111 6
#19880
0!
0"
1:
1$
01
15
14
03
1/
1,
1'
#19885
1!
1"
#19890
0!
0"
1:
0$
1*
0)
0&
11
#19895
1!
1"
b10000001 6
#19900
0!
0"
1:
05
04
13
0/
1+
0*
0(
1&
1%
#19905
1!
1"
b11011111 6
#19910
0!
0"
1:
1$
01
15
14
03
1/
0.
0-
0,
0+
1*
1)
1(
0%
#19915
1!
1"
#19920
0!
0"
1:
05
13
02
10
0/
1,
1+
0*
0)
0(
0'
0&
1%
#19925
1!
1"
#19930
0!
0"
1:
0$
15
03
12
00
1-
1'
1&
0%
#19935
1!
1"
#19940
0!
0"
1:
1$
05
04
02
10
1.
0+
1*
1)
0&
1%
#19945
1!
1"
#19950
0!
0"
1:
14
12
00
0-
0*
0)
0'
1&
#19955
1!
1"
#19960
0!
0"
1:
0$
15
13
10
1/
0.
1-
0,
1+
1)
1(
0%
#19965
1!
1"
#19970
0!
0"
1:
11
05
04
0/
0-
1*
0(
1'
1%
#19975
1!
1"
b10100 6
#19980
0!
0"
1:
14
02
00
1/
1,
0)
1(
0'
#19985
1!
1"
b1110110 6
#19990
0!
0"
1:
15
04
03
10
1-
0,
0+
0*
1)
0(
1'
#19995
1!
1"
b10001010 6
#20000
0!
0"
1:
14
12
00
0/
0-
1,
1(
0%
#20005
1!
1"
b10000001 6
#20010
0!
0"
1:
05
04
02
1-
#20015
1!
1"
b1011100 6
#20020
0!
0"
1:
1$
14
13
12
1.
1*
0)
0'
1%
#20025
1!
1"
b1000100 6
#20030
0!
0"
1:
0$
15
04
10
1/
0.
0-
1'
0&
0%
#20035
1!
1"
b1011100 6
#20040
0!
0"
1:
01
05
14
03
02
00
0/
1.
1)
0(
0'
1&
#20045
1!
1"
#20050
0!
0"
1:
11
15
04
12
10
1/
0.
1+
0*
0)
1'
0&
1%
#20055
1!
1"
b100010 6
#20060
0!
0"
1:
01
05
02
1.
0+
1*
1&
0%
#20065
1!
1"
#20070
0!
0"
1:
1$
11
13
00
1+
1)
0'
1%
#20075
1!
1"
#20080
0!
0"
1:
0$
01
03
12
10
0.
0,
0)
1(
1'
0&
0%
#20085
1!
1"
#20090
0!
0"
1:
1$
02
0/
1,
0+
0*
0(
0'
1%
#20095
1!
1"
#20100
0!
0"
1:
13
00
1.
0,
1)
1(
1'
0%
#20105
1!
1"
#20110
0!
0"
1:
0$
11
15
0.
1,
1+
1*
0'
1&
#20115
1!
1"
b11001100 6
#20120
0!
0"
1:
1$
12
10
1.
0+
1'
1%
#20125
1!
1"
b1011100 6
#20130
0!
0"
1:
03
0.
0*
0)
0&
0%
#20135
1!
1"
b100010 6
#20140
0!
0"
1:
01
14
02
0,
1+
1*
0'
1&
1%
#20145
1!
1"
#20150
0!
0"
1:
0$
11
04
12
1-
0*
1)
0(
0&
0%
#20155
1!
1"
#20160
0!
0"
1:
1$
00
1/
1.
1,
0+
1*
1'
1%
01
#20165
1!
1"
#20170
0!
0"
1:
0$
11
05
14
13
02
0.
0,
1+
0*
0)
1&
#20175
1!
1"
b1110110 6
#20180
0!
0"
1:
1$
01
15
1,
0+
1*
1)
#20185
1!
1"
#20190
0!
0"
1:
04
12
10
1.
0*
0'
0&
0%
#20195
1!
1"
#20200
0!
0"
1:
0$
11
14
0-
1*
#20205
1!
1"
b11010101 6
#20210
0!
0"
1:
01
05
04
02
0/
0)
1(
1%
#20215
1!
1"
#20220
0!
0"
1:
1$
14
12
0,
1)
0(
1'
1&
0%
#20225
1!
1"
#20230
0!
0"
1:
04
00
1/
0.
1-
1,
1+
0&
#20235
1!
1"
#20240
0!
0"
1:
0$
15
03
02
10
1.
0-
0,
0*
0)
1(
0'
1&
1%
#20245
1!
1"
#20250
0!
0"
1:
1$
0.
1-
0+
1*
1)
1'
0%
#20255
1!
1"
#20260
0!
0"
1:
0$
11
14
13
12
0/
1,
1+
0*
0)
0&
#20265
1!
1"
#20270
0!
0"
1:
05
03
02
1/
1.
0-
0,
0+
0(
#20275
1!
1"
b11111010 6
#20280
0!
0"
1:
01
15
0.
1-
1*
1)
1&
#20285
1!
1"
#20290
0!
0"
1:
1$
11
05
13
12
0/
0-
1+
0*
#20295
1!
1"
b11011010 6
#20300
0!
0"
1:
0$
01
15
04
1/
1.
1-
1,
0)
1(
0'
0&
1%
#20305
1!
1"
#20310
0!
0"
1:
1$
05
14
02
0.
1*
1)
1'
1&
#20315
1!
1"
#20320
0!
0"
1:
04
03
12
00
0/
0*
0(
0'
0&
0%
#20325
1!
1"
#20330
0!
0"
1:
0$
11
14
02
1/
1.
0,
1*
0)
1(
1'
#20335
1!
1"
b11111010 6
#20340
0!
0"
1:
1$
01
15
13
12
0.
1,
0+
0*
1)
0'
1%
#20345
1!
1"
#20350
0!
0"
1:
11
05
10
1+
1*
0)
0(
#20355
1!
1"
b11011010 6
#20360
0!
0"
1:
0$
15
02
0-
0,
0+
0*
1)
1(
0%
#20365
1!
1"
b11001011 6
#20370
0!
0"
1:
03
0/
1-
1,
1*
1&
#20375
1!
1"
b10001 6
#20380
0!
0"
1:
1$
04
13
00
1/
1.
0-
0,
1+
0*
0(
#20385
1!
1"
b11001100 6
#20390
0!
0"
1:
01
14
12
10
0/
1-
0+
1*
0)
1(
1'
#20395
1!
1"
#20400
0!
0"
1:
02
00
1/
0-
1,
1+
0(
0'
1%
#20405
1!
1"
#20410
0!
0"
1:
10
0/
1-
0,
0+
0*
1)
1'
11
#20415
1!
1"
b1001101 6
#20420
0!
0"
1:
01
05
12
00
1/
0.
0-
1,
1*
1(
0&
#20425
1!
1"
#20430
0!
0"
1:
10
0,
0*
0)
0(
0%
#20435
1!
1"
#20440
0!
0"
1:
15
0/
1*
1)
1(
1&
1%
#20445
1!
1"
#20450
0!
0"
1:
11
05
04
02
1-
0*
0%
#20455
1!
1"
b10100110 6
#20460
0!
0"
1:
0$
15
14
12
1/
1.
0-
1+
0)
0&
1%
#20465
1!
1"
b11000001 6
#20470
0!
0"
1:
01
05
03
0.
1-
0+
0(
0%
#20475
1!
1"
#20480
0!
0"
1:
1$
15
04
13
02
1*
0'
1&
1%
#20485
1!
1"
#20490
0!
0"
1:
0$
11
14
03
12
0/
0-
1+
0*
1)
1'
#20495
1!
1"
b11010010 6
#20500
0!
0"
1:
01
05
04
13
00
1/
1,
0'
0&
#20505
1!
1"
#20510
0!
0"
1:
1$
03
02
10
0/
1.
0,
0+
1*
1(
1'
#20515
1!
1"
#20520
0!
0"
1:
0$
11
14
13
12
00
1-
0*
0(
0%
#20525
1!
1"
b10001101 6
#20530
0!
0"
1:
1$
01
15
03
02
0.
0-
1,
1+
1*
0)
0'
#20535
1!
1"
#20540
0!
0"
1:
0$
11
04
13
10
1/
1.
1-
0+
0*
1(
1'
#20545
1!
1"
b11001100 6
#20550
0!
0"
1:
1$
01
05
14
00
0.
0-
0,
1+
1*
1)
0(
0'
1&
1%
#20555
1!
1"
#20560
0!
0"
1:
0$
11
15
04
03
0/
1,
0)
#20565
1!
1"
b10001010 6
#20570
0!
0"
1:
1$
01
05
13
12
1/
0,
0+
#20575
1!
1"
#20580
0!
0"
1:
15
1.
0*
#20585
1!
1"
#20590
0!
0"
1:
05
03
02
0.
1*
1)
1(
0%
#20595
1!
1"
#20600
0!
0"
1:
14
13
1-
0*
0)
0(
1%
#20605
1!
1"
#20610
0!
0"
1:
11
04
03
12
10
0/
1.
1,
1)
1(
0&
0%
#20615
1!
1"
b1111011 6
#20620
0!
0"
1:
0$
01
14
13
00
0.
0-
1+
1*
0)
0(
1&
1%
#20625
1!
1"
#20630
0!
0"
1:
15
04
10
1/
1-
0+
1)
0&
0%
#20635
1!
1"
#20640
0!
0"
1:
1$
05
14
00
1.
0-
0,
1+
0*
1(
1'
1&
#20645
1!
1"
#20650
0!
0"
1:
0$
11
03
10
0/
0+
1*
0)
#20655
1!
1"
b11011110 6
#20660
0!
0"
1:
1$
04
02
1/
1-
0(
0'
1%
#20665
1!
1"
b1110000 6
#20670
0!
0"
1:
0$
01
15
14
13
12
00
0/
1,
1+
1)
1'
#20675
1!
1"
#20680
0!
0"
1:
1$
03
1/
0.
0,
0+
0)
0&
#20685
1!
1"
#20690
0!
0"
1:
11
05
04
02
1,
1+
1)
0%
#20695
1!
1"
#20700
0!
0"
1:
01
13
12
0/
1.
0,
0+
0)
0'
1&
#20705
1!
1"
#20710
0!
0"
1:
0$
11
15
10
0-
1,
1+
1(
0&
#20715
1!
1"
b1100001 6
#20720
0!
0"
1:
01
02
1/
1-
0+
0(
1'
#20725
1!
1"
#20730
0!
0"
1:
1$
11
14
00
0/
0.
0-
0,
1)
1(
1&
1%
#20735
1!
1"
b10100110 6
#20740
0!
0"
1:
0$
01
05
04
03
1/
1-
1+
0)
0&
#20745
1!
1"
#20750
0!
0"
1:
15
14
13
10
1,
0+
0'
0%
#20755
1!
1"
#20760
0!
0"
1:
05
04
03
00
0/
1.
1'
1&
1%
#20765
1!
1"
#20770
0!
0"
1:
13
1/
0,
1)
0'
0%
#20775
1!
1"
#20780
0!
0"
1:
11
03
10
0/
0-
0*
1'
0&
1%
#20785
1!
1"
b1110000 6
#20790
0!
0"
1:
1$
15
13
1,
1*
0%
#20795
1!
1"
b11000010 6
#20800
0!
0"
1:
0$
01
03
12
1-
1+
0*
0(
1&
#20805
1!
1"
#20810
0!
0"
1:
05
14
02
0-
0,
0+
0'
1%
#20815
1!
1"
#20820
0!
0"
1:
11
15
12
1/
0.
1-
1+
1(
0&
0%
#20825
1!
1"
b11000101 6
#20830
0!
0"
1:
1$
01
04
13
00
0-
1*
1'
1%
#20835
1!
1"
#20840
0!
0"
1:
10
1-
0+
0*
0)
0(
0'
0%
#20845
1!
1"
#20850
0!
0"
1:
03
00
0-
1+
1'
1&
#20855
1!
1"
#20860
0!
0"
1:
0$
05
14
02
0/
1,
0+
1)
0'
0&
1%
#20865
1!
1"
#20870
0!
0"
1:
15
13
12
1+
1*
1(
1&
#20875
1!
1"
#20880
0!
0"
1:
1$
03
1/
1.
0+
0*
0&
#20885
1!
1"
#20890
0!
0"
1:
0$
11
13
0/
0,
1+
1*
0)
0(
#20895
1!
1"
b11000000 6
#20900
0!
0"
1:
01
03
02
1/
0.
1-
0+
1)
1(
#20905
1!
1"
#20910
0!
0"
1:
1$
04
12
10
0-
1,
0*
1'
0%
#20915
1!
1"
#20920
0!
0"
1:
14
1+
0)
1&
1%
#20925
1!
1"
#20930
0!
0"
1:
05
13
02
00
1.
1-
0,
0+
0'
0%
#20935
1!
1"
#20940
0!
0"
1:
04
03
1*
0(
1%
#20945
1!
1"
#20950
0!
0"
1:
0$
11
13
10
0/
0*
1)
1(
1'
0%
#20955
1!
1"
b1001100 6
#20960
0!
0"
1:
15
14
03
0-
1,
0&
1%
#20965
1!
1"
b10010011 6
#20970
0!
0"
1:
1$
00
1/
1-
0(
0'
0%
#20975
1!
1"
#20980
0!
0"
1:
01
13
12
10
0-
1+
1*
0)
1(
1'
1&
#20985
1!
1"
#20990
0!
0"
1:
0$
02
00
0/
1-
0*
1)
#20995
1!
1"
#21000
0!
0"
1:
04
03
12
0-
0,
1*
0)
#21005
1!
1"
#21010
0!
0"
1:
1$
11
14
02
10
1-
1,
0*
0'
0&
#21015
1!
1"
#21020
0!
0"
1:
05
1/
0.
0+
1*
1'
1%
#21025
1!
1"
b11111010 6
#21030
0!
0"
1:
0$
15
13
00
1.
1+
0*
0(
1&
#21035
1!
1"
b1110111 6
#21040
0!
0"
1:
10
0,
1)
1(
0'
0&
01
#21045
1!
1"
#21050
0!
0"
1:
1$
03
12
0/
0-
1,
0+
1*
0)
0(
1'
#21055
1!
1"
#21060
0!
0"
1:
05
13
0.
1+
0*
#21065
1!
1"
#21070
0!
0"
1:
11
04
03
02
00
0+
1*
1)
1(
0'
1&
0%
#21075
1!
1"
b10011110 6
#21080
0!
0"
1:
0$
01
14
13
10
1/
1.
1-
0,
1+
0*
0(
1'
0&
#21085
1!
1"
#21090
0!
0"
1:
11
15
04
00
0+
1*
0'
#21095
1!
1"
b11010000 6
#21100
0!
0"
1:
14
10
0-
1+
1(
1'
1%
#21105
1!
1"
b1110111 6
#21110
0!
0"
1:
1$
05
04
03
12
00
0.
1-
1,
0+
#21115
1!
1"
b1111011 6
#21120
0!
0"
1:
0$
14
13
02
10
0-
0,
0)
0(
1&
#21125
1!
1"
b100010 6
#21130
0!
0"
1:
15
04
12
00
0/
1.
1-
0'
0&
#21135
1!
1"
b1100001 6
#21140
0!
0"
1:
1$
05
02
10
1,
1+
0*
1)
1&
0%
#21145
1!
1"
b1001100 6
#21150
0!
0"
1:
01
15
12
0-
0,
1*
0)
0&
#21155
1!
1"
#21160
0!
0"
1:
14
0.
1-
0+
0*
1)
1(
1'
1%
#21165
1!
1"
#21170
0!
0"
1:
0$
05
04
03
02
00
1.
0-
1,
#21175
1!
1"
#21180
0!
0"
1:
1$
11
14
12
10
1/
1-
1+
0)
0(
0%
#21185
1!
1"
b110001 6
#21190
0!
0"
1:
04
02
00
0/
0-
#21195
1!
1"
b1100101 6
#21200
0!
0"
1:
0$
01
15
14
13
10
1/
0.
1-
0,
0+
#21205
1!
1"
#21210
0!
0"
1:
1$
11
05
12
00
0/
0-
1,
1*
1(
1&
1%
#21215
1!
1"
b10001101 6
#21220
0!
0"
1:
15
03
02
1/
1.
0,
1+
0*
0'
0%
#21225
1!
1"
b10010011 6
#21230
0!
0"
1:
0$
04
10
1-
1*
1)
#21235
1!
1"
b111101 6
#21240
0!
0"
1:
05
14
12
00
0.
0*
0)
0(
0&
#21245
1!
1"
b110001 6
#21250
0!
0"
1:
1$
15
13
10
0/
0-
1(
1'
1&
1%
#21255
1!
1"
b1010000 6
#21260
0!
0"
1:
0$
01
05
04
02
00
1/
1.
1-
1,
1)
#21265
1!
1"
#21270
0!
0"
1:
15
12
0/
0.
0-
0,
0+
0)
0(
0&
0%
#21275
1!
1"
#21280
0!
0"
1:
11
14
10
1*
1)
1&
#21285
1!
1"
b100001 6
#21290
0!
0"
1:
1$
01
05
02
1-
1+
0*
0)
1(
1%
#21295
1!
1"
#21300
0!
0"
1:
0$
11
15
04
12
00
1.
0-
0(
0'
0%
#21305
1!
1"
b1100001 6
#21310
0!
0"
1:
05
14
03
02
10
1/
1-
1,
0+
1*
1(
1'
1%
#21315
1!
1"
b110100 6
#21320
0!
0"
1:
1+
0*
1)
0(
0'
0%
#21325
1!
1"
#21330
0!
0"
1:
04
13
00
0.
0+
1'
1%
#21335
1!
1"
b10111101 6
#21340
0!
0"
1:
14
03
12
1.
0,
1+
0)
1(
0'
#21345
1!
1"
b110001 6
#21350
0!
0"
1:
04
13
0.
0-
1*
0&
0%
#21355
1!
1"
b1001110 6
#21360
0!
0"
1:
15
14
1.
0*
1)
1'
#21365
1!
1"
b101001 6
#21370
0!
0"
1:
04
03
10
1,
1*
0(
0'
1&
#21375
1!
1"
b10010110 6
#21380
0!
0"
1:
14
13
00
0/
0.
0,
0+
0*
1(
1'
#21385
1!
1"
b101001 6
#21390
0!
0"
1:
02
10
1/
1-
1,
1+
1*
0)
0'
1%
#21395
1!
1"
b1110111 6
#21400
0!
0"
1:
1$
01
05
03
12
0*
0(
1'
#21405
1!
1"
#21410
0!
0"
1:
15
04
1.
0-
1*
1)
0%
#21415
1!
1"
#21420
0!
0"
1:
0$
11
05
13
02
0/
0.
0+
0*
0)
1(
0&
1%
#21425
1!
1"
b10111101 6
#21430
0!
0"
1:
12
00
1/
1.
1)
0(
1&
0%
#21435
1!
1"
b1001110 6
#21440
0!
0"
1:
1$
01
15
03
02
10
0.
1-
0,
0'
0&
1%
#21445
1!
1"
#21450
0!
0"
1:
0$
11
05
1*
0)
1(
1'
0%
#21455
1!
1"
b1100101 6
#21460
0!
0"
1:
1$
15
14
13
0/
1.
0-
1+
1)
0'
1&
1%
#21465
1!
1"
b1110111 6
#21470
0!
0"
1:
0$
05
04
03
12
00
1/
0.
1-
0+
0*
0(
#21475
1!
1"
b10001011 6
#21480
0!
0"
1:
1$
01
15
02
0-
1,
1*
0)
0&
#21485
1!
1"
#21490
0!
0"
1:
0$
05
12
0/
1.
1+
1(
1&
0%
#21495
1!
1"
#21500
0!
0"
1:
11
15
0.
1-
1)
0(
1%
#21505
1!
1"
b10010110 6
#21510
0!
0"
1:
1$
05
13
0+
0)
1'
#21515
1!
1"
b1001110 6
#21520
0!
0"
1:
0$
10
0,
1+
1)
#21525
1!
1"
#21530
0!
0"
1:
14
03
02
0-
0+
0*
0)
0'
#21535
1!
1"
b110100 6
#21540
0!
0"
1:
00
1/
1.
1+
1*
1)
1(
1'
0&
01
#21545
1!
1"
#21550
0!
0"
1:
11
04
10
0/
1-
1,
0(
#21555
1!
1"
b1100101 6
#21560
0!
0"
1:
1$
01
12
00
1/
1&
#21565
1!
1"
#21570
0!
0"
1:
11
15
14
13
0/
0,
0+
1(
0'
#21575
1!
1"
b101001 6
#21580
0!
0"
1:
04
03
02
10
1/
0.
1+
1'
0&
#21585
1!
1"
b111101 6
#21590
0!
0"
1:
01
05
14
13
00
0-
1,
0+
0)
0(
0%
#21595
1!
1"
#21600
0!
0"
1:
15
03
12
0/
1.
1-
0*
0'
1&
#21605
1!
1"
#21610
0!
0"
1:
05
13
1/
0-
1+
1*
1)
0&
#21615
1!
1"
#21620
0!
0"
1:
11
04
02
10
0/
1-
0,
0+
0*
0)
1'
1%
#21625
1!
1"
b11100 6
#21630
0!
0"
1:
0$
15
14
00
0.
0-
1,
1+
1(
0'
1&
#21635
1!
1"
b1110111 6
#21640
0!
0"
1:
05
03
12
10
1/
1.
1*
1)
0(
1'
0%
#21645
1!
1"
b1101 6
#21650
0!
0"
1:
15
04
13
00
1-
0+
0*
0'
#21655
1!
1"
b11001100 6
#21660
0!
0"
1:
05
02
10
0.
1(
1'
0&
1%
#21665
1!
1"
b11100 6
#21670
0!
0"
1:
15
03
12
00
1.
0-
0,
1*
0)
#21675
1!
1"
b10010110 6
#21680
0!
0"
1:
1$
14
13
02
0/
0.
1,
1+
0*
1)
0%
#21685
1!
1"
b1110111 6
#21690
0!
0"
1:
0$
01
04
03
1/
1-
0,
1*
0)
0'
1%
#21695
1!
1"
#21700
0!
0"
1:
11
14
10
1,
0+
0*
1'
1&
#21705
1!
1"
b10110000 6
#21710
0!
0"
1:
1+
1*
1)
0(
0'
0%
#21715
1!
1"
#21720
0!
0"
1:
1$
01
05
04
13
12
00
1.
0+
0*
0)
1'
#21725
1!
1"
#21730
0!
0"
1:
03
02
10
0/
0.
0,
1*
1)
0'
0&
1%
#21735
1!
1"
#21740
0!
0"
1:
0$
00
0-
0*
1'
1&
#21745
1!
1"
#21750
0!
0"
1:
11
15
13
10
1.
1-
1+
1*
1(
0&
#21755
1!
1"
b100110 6
#21760
0!
0"
1:
1$
01
05
03
1&
#21765
1!
1"
#21770
0!
0"
1:
11
14
13
00
1,
0+
0)
0(
0'
#21775
1!
1"
b11110 6
#21780
0!
0"
1:
01
15
04
1/
0.
0*
1)
1(
0&
0%
#21785
1!
1"
#21790
0!
0"
1:
05
14
0/
1.
0-
0,
1+
1*
0)
1'
1%
#21795
1!
1"
#21800
0!
0"
1:
0$
11
04
1/
0.
1-
1,
1)
0'
1&
0%
#21805
1!
1"
b11100 6
#21810
0!
0"
1:
01
14
03
12
10
0-
0,
0+
0*
0(
1'
#21815
1!
1"
#21820
0!
0"
1:
11
02
00
0/
1.
1-
1+
0'
0&
#21825
1!
1"
b1010010 6
#21830
0!
0"
1:
1$
01
13
12
0-
0+
0)
1'
1&
1%
#21835
1!
1"
#21840
0!
0"
1:
15
04
02
10
0.
1-
1,
1+
1*
1)
1(
0&
0%
#21845
1!
1"
#21850
0!
0"
1:
0$
11
03
12
00
1/
1.
0-
0,
0*
0'
1&
1%
#21855
1!
1"
b10010110 6
#21860
0!
0"
1:
01
05
13
02
10
0/
0.
1,
0+
0)
1'
#21865
1!
1"
#21870
0!
0"
1:
11
15
03
00
1/
1*
1)
0(
0%
#21875
1!
1"
b10011010 6
#21880
0!
0"
1:
14
13
10
1.
1-
0*
1(
0&
1%
#21885
1!
1"
b1110111 6
#21890
0!
0"
1:
1$
01
12
00
0/
0.
0-
0)
0(
0'
1&
0%
#21895
1!
1"
#21900
0!
0"
1:
0$
11
04
10
1/
0,
1)
1(
0&
1%
#21905
1!
1"
b11001100 6
#21910
0!
0"
1:
01
14
03
02
1.
1-
1,
1*
1'
0%
#21915
1!
1"
#21920
0!
0"
1:
05
04
13
12
00
0.
0)
0(
1&
1%
#21925
1!
1"
#21930
0!
0"
1:
11
15
14
10
0/
1.
0,
0&
#21935
1!
1"
b11101101 6
#21940
0!
0"
1:
1$
01
05
03
1/
0.
1)
#21945
1!
1"
#21950
0!
0"
1:
11
15
04
13
00
0-
1,
1+
0'
0%
#21955
1!
1"
b11001100 6
#21960
0!
0"
1:
0$
01
14
03
10
0/
1.
0,
0+
0*
1&
1%
#21965
1!
1"
#21970
0!
0"
1:
1$
11
05
04
1/
0.
1,
1+
1*
0)
1(
0%
#21975
1!
1"
b11001001 6
#21980
0!
0"
1:
14
13
00
1.
1-
0,
0+
0*
1)
0(
1'
0&
#21985
1!
1"
b100 6
#21990
0!
0"
1:
0$
15
04
03
02
10
0.
1,
1(
1&
#21995
1!
1"
b10011010 6
#22000
0!
0"
1:
1$
05
14
13
12
00
1.
0-
1+
0'
1%
#22005
1!
1"
b100 6
#22010
0!
0"
1:
01
15
03
0/
1-
0,
0+
1*
0)
1'
0&
0%
#22015
1!
1"
#22020
0!
0"
1:
11
04
13
10
0.
0-
1+
1)
0(
1&
#22025
1!
1"
b10110110 6
#22030
0!
0"
1:
01
05
03
0+
0*
1(
0&
#22035
1!
1"
#22040
0!
0"
1:
0$
15
14
00
1.
1+
1*
1&
#22045
1!
1"
#22050
0!
0"
1:
1$
13
10
1/
0.
1-
1,
0)
0(
1%
#22055
1!
1"
#22060
0!
0"
1:
0$
05
03
00
1.
0,
0*
1)
1(
0'
0&
#22065
1!
1"
#22070
0!
0"
1:
04
02
10
0/
0+
0)
#22075
1!
1"
#22080
0!
0"
1:
1$
13
0-
1*
1)
1'
0%
#22085
1!
1"
#22090
0!
0"
1:
0$
11
15
12
0.
1-
1,
1+
0)
0(
0'
1&
1%
#22095
1!
1"
#22100
0!
0"
1:
05
00
1/
1.
0+
0*
1)
1(
1'
#22105
1!
1"
b1011100 6
#22110
0!
0"
1:
1$
01
15
14
03
0-
0,
#22115
1!
1"
#22120
0!
0"
1:
05
13
0/
1+
1*
0)
0'
0&
0%
#22125
1!
1"
#22130
0!
0"
1:
0$
11
04
03
02
1-
1,
0+
0(
1'
1&
#22135
1!
1"
b11110010 6
#22140
0!
0"
1:
1$
13
12
1/
0.
0,
0*
1%
#22145
1!
1"
b1011100 6
#22150
0!
0"
1:
01
15
03
0/
1.
1,
1*
1)
1(
0'
0&
#22155
1!
1"
#22160
0!
0"
1:
05
02
1/
0,
0)
1&
#22165
1!
1"
#22170
0!
0"
1:
0$
14
13
12
10
0/
0.
0-
1,
0*
0%
#22175
1!
1"
#22180
0!
0"
1:
1$
15
1/
0,
1+
1*
1)
1'
0&
#22185
1!
1"
#22190
0!
0"
1:
11
04
02
00
1.
1-
0)
0(
0'
#22195
1!
1"
b1110011 6
#22200
0!
0"
1:
0$
14
03
12
10
0.
0-
1,
1(
#22205
1!
1"
b1100100 6
#22210
0!
0"
1:
1$
13
02
00
0/
1'
1%
#22215
1!
1"
b1110111 6
#22220
0!
0"
1:
0$
05
12
10
1/
1-
0*
1)
0(
#22225
1!
1"
b1010 6
#22230
0!
0"
1:
15
03
02
00
1.
0-
0,
1*
1&
#22235
1!
1"
b11100011 6
#22240
0!
0"
1:
1$
01
05
04
10
0/
1-
1,
0+
0*
0)
0&
#22245
1!
1"
#22250
0!
0"
1:
14
0.
#22255
1!
1"
#22260
0!
0"
1:
11
15
00
1/
1.
0-
0,
1+
1*
1)
1(
0'
0%
#22265
1!
1"
#22270
0!
0"
1:
10
1-
1,
0+
0(
1%
#22275
1!
1"
#22280
0!
0"
1:
0$
01
04
13
1+
0*
0)
1(
#22285
1!
1"
#22290
0!
0"
1:
05
03
12
0-
0+
1*
1&
0%
#22295
1!
1"
#22300
0!
0"
1:
11
13
0/
0,
1)
1'
1%
#22305
1!
1"
b1011100 6
#22310
0!
0"
1:
03
1/
0.
1-
0*
0)
0&
#22315
1!
1"
b11011111 6
#22320
0!
0"
1:
1$
15
02
00
1.
0-
1,
1*
0(
1&
#22325
1!
1"
b11100110 6
#22330
0!
0"
1:
0$
14
13
12
1-
0,
1+
0*
1(
0&
#22335
1!
1"
b10000110 6
#22340
0!
0"
1:
1$
01
04
03
0.
0-
1,
1*
0'
0%
#22345
1!
1"
#22350
0!
0"
1:
0$
11
13
1.
0(
1'
1&
#22355
1!
1"
b1001110 6
#22360
0!
0"
1:
05
14
02
10
0/
0.
0,
0*
1)
1(
0'
#22365
1!
1"
b11100001 6
#22370
0!
0"
1:
1$
01
04
03
12
1-
1,
0)
0(
1%
#22375
1!
1"
#22380
0!
0"
1:
11
15
14
13
02
1/
1.
0+
1*
1)
0&
#22385
1!
1"
b1110111 6
#22390
0!
0"
1:
05
12
0/
0-
0,
1+
0*
1'
#22395
1!
1"
b1010110 6
#22400
0!
0"
1:
0$
02
1-
1*
0)
1&
0%
#22405
1!
1"
b11100001 6
#22410
0!
0"
1:
1$
04
03
12
1/
0.
0+
1(
#22415
1!
1"
b11011111 6
#22420
0!
0"
1:
01
02
0/
1.
1+
0&
#22425
1!
1"
#22430
0!
0"
1:
0$
14
12
1/
0-
1,
0*
0(
0'
1&
1%
#22435
1!
1"
#22440
0!
0"
1:
1$
11
15
0,
0+
0%
#22445
1!
1"
b1110000 6
#22450
0!
0"
1:
0$
01
05
04
13
02
0/
1-
1+
1)
1(
1'
0&
#22455
1!
1"
#22460
0!
0"
1:
11
03
00
0.
0-
1,
1*
0)
0'
1%
#22465
1!
1"
b1101110 6
#22470
0!
0"
1:
1$
14
13
1/
1-
0,
1)
#22475
1!
1"
b11100001 6
#22480
0!
0"
1:
01
15
03
10
0/
0+
0)
1'
1&
0%
#22485
1!
1"
#22490
0!
0"
1:
05
13
12
1,
0*
1)
0'
0&
1%
#22495
1!
1"
#22500
0!
0"
1:
0$
11
15
03
00
0-
0,
1*
0)
0(
1'
0%
#22505
1!
1"
b1110000 6
#22510
0!
0"
1:
05
13
1/
1.
1,
1+
0*
1)
1(
0'
1&
#22515
1!
1"
b1010110 6
#22520
0!
0"
1:
15
02
0/
0.
0+
1*
0)
0(
1%
#22525
1!
1"
b1001001 6
#22530
0!
0"
1:
01
05
03
12
1.
1-
0,
1)
1(
1'
0&
0%
#22535
1!
1"
#22540
0!
0"
1:
11
13
02
0-
1,
0*
0)
0'
#22545
1!
1"
b11100001 6
#22550
0!
0"
1:
01
04
12
10
1/
0.
1-
1*
1)
0(
1'
1%
#22555
1!
1"
#22560
0!
0"
1:
03
1.
0,
0*
0)
1(
0'
1&
#22565
1!
1"
#22570
0!
0"
1:
15
14
1,
1*
1)
0(
1'
0%
#22575
1!
1"
#22580
0!
0"
1:
1$
11
05
04
13
02
0.
0-
0,
0*
0'
0&
1%
#22585
1!
1"
b111 6
#22590
0!
0"
1:
0$
01
12
00
1+
0)
1'
1&
#22595
1!
1"
#22600
0!
0"
1:
1$
11
15
10
1.
1*
1)
1(
#22605
1!
1"
b1001110 6
#22610
0!
0"
1:
01
05
14
00
0/
1-
1,
0*
0)
0'
0&
#22615
1!
1"
#22620
0!
0"
1:
15
04
02
10
0.
0,
0+
1*
0(
0%
#22625
1!
1"
#22630
0!
0"
1:
11
05
14
00
1.
0*
1)
1(
1'
1%
#22635
1!
1"
b11100001 6
#22640
0!
0"
1:
0$
10
1/
1,
1+
0(
0'
1&
0%
01
#22645
1!
1"
#22650
0!
0"
1:
1$
15
04
00
0/
0.
1(
0&
1%
#22655
1!
1"
#22660
0!
0"
1:
03
10
1/
1.
0+
0)
0(
1'
0%
#22665
1!
1"
#22670
0!
0"
1:
0$
11
14
12
0.
0,
1+
1*
1)
1(
0'
1&
#22675
1!
1"
b10001100 6
#22680
0!
0"
1:
1$
05
04
02
00
1,
0)
0(
1'
#22685
1!
1"
b1001001 6
#22690
0!
0"
1:
0$
15
13
12
10
1.
0-
0,
0+
1)
0&
#22695
1!
1"
b1001110 6
#22700
0!
0"
1:
1$
01
05
03
02
00
0/
1-
1,
0*
0)
0'
#22705
1!
1"
#22710
0!
0"
1:
15
14
13
12
10
1/
0,
1+
1)
1'
1&
1%
#22715
1!
1"
#22720
0!
0"
1:
03
02
0/
0-
1,
1*
1(
0%
#22725
1!
1"
#22730
0!
0"
1:
05
12
00
0+
0*
0)
0(
0&
#22735
1!
1"
#22740
0!
0"
1:
15
13
10
0.
1-
#22745
1!
1"
#22750
0!
0"
1:
0$
1.
0-
1)
0'
11
#22755
1!
1"
b11100111 6
#22760
0!
0"
1:
05
02
1*
0)
1(
#22765
1!
1"
b1111010 6
#22770
0!
0"
1:
1$
03
12
00
1/
0.
1-
1)
1&
#22775
1!
1"
b10100101 6
#22780
0!
0"
1:
0$
13
1.
1+
0*
0)
0&
#22785
1!
1"
b10101111 6
#22790
0!
0"
1:
1$
15
03
10
1)
1%
#22795
1!
1"
b10001100 6
#22800
0!
0"
1:
01
05
04
13
02
0/
0.
0+
0(
#22805
1!
1"
#22810
0!
0"
1:
14
03
12
1/
1.
0,
1+
1*
1'
1&
0%
#22815
1!
1"
#22820
0!
0"
1:
11
04
13
02
00
0/
0-
1,
0&
#22825
1!
1"
b111 6
#22830
0!
0"
1:
01
14
03
0.
0,
0*
0'
1&
#22835
1!
1"
#22840
0!
0"
1:
0$
13
10
1.
0+
1*
0)
1'
1%
#22845
1!
1"
#22850
0!
0"
1:
11
03
12
00
0.
1-
1,
0&
#22855
1!
1"
b10100101 6
#22860
0!
0"
1:
15
02
10
1.
0-
0,
0'
1&
#22865
1!
1"
b1101101 6
#22870
0!
0"
1:
05
04
12
00
1-
1,
1+
1)
1'
#22875
1!
1"
b10011001 6
#22880
0!
0"
1:
1$
01
15
14
10
1/
0.
0+
0*
#22885
1!
1"
#22890
0!
0"
1:
11
05
02
0-
0,
1+
1*
1(
0&
0%
#22895
1!
1"
b11110100 6
#22900
0!
0"
1:
0$
15
13
12
00
1.
1-
1,
0+
0*
0(
1%
#22905
1!
1"
b11100111 6
#22910
0!
0"
1:
1$
04
03
02
10
0/
1+
0%
#22915
1!
1"
b1110010 6
#22920
0!
0"
1:
01
12
0.
0)
1(
0'
1%
#22925
1!
1"
#22930
0!
0"
1:
0$
11
05
14
02
00
0-
0,
0+
1)
1'
0%
#22935
1!
1"
b10111101 6
#22940
0!
0"
1:
1$
01
12
1/
1.
1+
1*
0'
1&
#22945
1!
1"
#22950
0!
0"
1:
0$
0.
1-
1,
0)
1'
1%
11
#22955
1!
1"
b10100101 6
#22960
0!
0"
1:
13
1.
0*
0'
0%
#22965
1!
1"
b10011011 6
#22970
0!
0"
1:
1$
01
04
10
0,
0+
0&
1%
#22975
1!
1"
#22980
0!
0"
1:
0$
11
14
00
1+
0(
1'
1&
#22985
1!
1"
#22990
0!
0"
1:
1$
01
15
03
02
10
0.
1,
1)
#22995
1!
1"
#23000
0!
0"
1:
0$
05
04
0/
1.
0+
1*
1(
0'
#23005
1!
1"
#23010
0!
0"
1:
13
12
00
1/
0.
0-
0*
0)
0%
#23015
1!
1"
#23020
0!
0"
1:
11
14
02
1-
1*
1)
0(
1%
#23025
1!
1"
b11101111 6
#23030
0!
0"
1:
04
03
10
1.
0-
1+
0)
1(
1'
0&
#23035
1!
1"
b11100 6
#23040
0!
0"
1:
1$
01
15
14
12
0/
1-
0,
0+
0(
0'
#23045
1!
1"
#23050
0!
0"
1:
13
00
1,
0*
1(
1'
1&
#23055
1!
1"
#23060
0!
0"
1:
0$
11
03
0.
0-
0,
1+
1*
1)
#23065
1!
1"
b10001100 6
#23070
0!
0"
1:
1$
02
10
1.
1-
1,
0*
0)
0'
0&
0%
#23075
1!
1"
b11100011 6
#23080
0!
0"
1:
01
05
04
13
0.
0,
0+
1*
1)
0(
1'
1%
#23085
1!
1"
#23090
0!
0"
1:
11
15
14
03
12
1/
0-
0*
0)
0'
#23095
1!
1"
b10001100 6
#23100
0!
0"
1:
01
05
13
1-
1,
1)
1'
#23105
1!
1"
#23110
0!
0"
1:
0$
11
15
03
02
0/
1.
0-
1+
1*
0)
1(
0'
1&
#23115
1!
1"
b11100011 6
#23120
0!
0"
1:
1$
01
05
12
1/
1-
0,
0+
1)
0(
1'
#23125
1!
1"
#23130
0!
0"
1:
0$
11
13
00
0/
0-
0*
0)
1(
0'
0&
0%
#23135
1!
1"
b11001111 6
#23140
0!
0"
1:
04
03
0.
1+
0(
1%
#23145
1!
1"
b11 6
#23150
0!
0"
1:
1$
01
14
13
10
1/
1-
1*
1)
1&
#23155
1!
1"
#23160
0!
0"
1:
0$
11
04
03
0/
1.
1,
0+
0)
0&
0%
#23165
1!
1"
#23170
0!
0"
1:
01
14
1+
0*
1)
1(
1'
#23175
1!
1"
#23180
0!
0"
1:
1$
11
13
02
1/
1*
0)
1&
#23185
1!
1"
b11101111 6
#23190
0!
0"
1:
0$
01
15
04
03
12
00
0/
0-
0+
1)
0'
1%
#23195
1!
1"
#23200
0!
0"
1:
10
1-
1+
0*
1'
0%
#23205
1!
1"
#23210
0!
0"
1:
1$
11
05
14
13
00
0)
0'
#23215
1!
1"
b11001111 6
#23220
0!
0"
1:
01
15
04
03
02
10
1/
0.
0-
0(
#23225
1!
1"
#23230
0!
0"
1:
11
05
12
00
0/
1*
1)
1(
1'
1%
#23235
1!
1"
b11 6
#23240
0!
0"
1:
0$
01
14
13
02
10
1.
0,
0*
0)
0'
0&
0%
#23245
1!
1"
#23250
0!
0"
1:
11
03
12
00
0+
1*
1'
1&
#23255
1!
1"
b10011011 6
#23260
0!
0"
1:
1$
01
15
02
10
0*
1)
0(
0&
1%
#23265
1!
1"
#23270
0!
0"
1:
11
05
12
00
1/
0.
1-
1,
1*
0)
0'
1&
#23275
1!
1"
b10000101 6
#23280
0!
0"
1:
0$
01
15
04
02
10
0/
1.
1)
1(
0&
#23285
1!
1"
#23290
0!
0"
1:
14
13
00
1/
0,
0*
1'
1&
#23295
1!
1"
#23300
0!
0"
1:
11
04
03
12
10
0/
0.
0-
1+
0'
0%
#23305
1!
1"
b1111 6
#23310
0!
0"
1:
1$
05
02
1.
1*
1%
#23315
1!
1"
b11100 6
#23320
0!
0"
1:
0$
01
13
12
0.
1,
0)
1'
#23325
1!
1"
#23330
0!
0"
1:
1$
02
1.
0*
0(
#23335
1!
1"
#23340
0!
0"
1:
0$
14
03
12
00
0+
1*
1(
0'
0&
0%
#23345
1!
1"
#23350
0!
0"
1:
1$
15
04
02
10
1/
1-
0,
1)
1&
1%
#23355
1!
1"
#23360
0!
0"
1:
0$
05
13
12
00
0/
0-
1+
0*
0)
0(
0&
#23365
1!
1"
#23370
0!
0"
1:
1$
03
0+
1*
1(
1'
1&
0%
#23375
1!
1"
#23380
0!
0"
1:
0$
11
15
14
13
02
10
1/
0.
1,
1+
1)
1%
#23385
1!
1"
b1000100 6
#23390
0!
0"
1:
05
03
12
0/
1.
1-
0+
0*
0)
#23395
1!
1"
b10000101 6
#23400
0!
0"
1:
1$
15
02
0-
1+
1)
#23405
1!
1"
b11100011 6
#23410
0!
0"
1:
01
05
04
13
0,
0)
0'
0&
0%
#23415
1!
1"
#23420
0!
0"
1:
14
03
12
00
1/
0.
1-
1,
1%
#23425
1!
1"
#23430
0!
0"
1:
11
04
13
10
0/
0-
1*
1'
1&
0%
#23435
1!
1"
b1011010 6
#23440
0!
0"
1:
0$
15
02
00
1-
0,
0*
1)
0(
0&
1%
#23445
1!
1"
b111100 6
#23450
0!
0"
1:
03
12
10
0-
1,
1*
0)
1(
1&
#23455
1!
1"
b111010 6
#23460
0!
0"
1:
13
02
00
1/
0,
0+
1)
0&
#23465
1!
1"
b111100 6
#23470
0!
0"
1:
12
10
0*
0)
0'
1&
#23475
1!
1"
b11001111 6
#23480
0!
0"
1:
1$
05
14
0/
1.
1-
1,
1+
1*
1'
0&
0%
#23485
1!
1"
b110101 6
#23490
0!
0"
1:
0$
01
15
04
03
00
1/
0.
0+
0*
0'
#23495
1!
1"
#23500
0!
0"
1:
14
02
0/
1&
#23505
1!
1"
#23510
0!
0"
1:
04
13
1.
0,
1+
1)
#23515
1!
1"
#23520
0!
0"
1:
11
05
12
10
1/
1,
0+
0&
#23525
1!
1"
b1011010 6
#23530
0!
0"
1:
14
02
00
0.
0-
0,
1+
1*
0(
1&
#23535
1!
1"
b11101111 6
#23540
0!
0"
1:
15
04
03
10
0/
0+
0*
1'
#23545
1!
1"
b100101 6
#23550
0!
0"
1:
05
14
13
00
1-
1,
0)
0&
#23555
1!
1"
b11101111 6
#23560
0!
0"
1:
1$
15
04
12
10
1.
0,
1&
#23565
1!
1"
b11001111 6
#23570
0!
0"
1:
0$
14
02
0-
1(
0'
0&
#23575
1!
1"
b1110001 6
#23580
0!
0"
1:
1$
01
03
00
0.
1-
1*
1&
1%
#23585
1!
1"
#23590
0!
0"
1:
04
1.
0-
1+
1)
0%
#23595
1!
1"
#23600
0!
0"
1:
0$
05
14
13
10
1/
0+
0*
0)
0&
1%
#23605
1!
1"
#23610
0!
0"
1:
1$
11
15
04
12
0(
1&
0%
#23615
1!
1"
b1001000 6
#23620
0!
0"
1:
0$
00
0/
0.
1*
1'
01
#23625
1!
1"
#23630
0!
0"
1:
1$
14
10
1/
1,
1+
1(
0&
1%
#23635
1!
1"
#23640
0!
0"
1:
05
03
02
0/
1.
1-
0*
1)
0(
#23645
1!
1"
#23650
0!
0"
1:
11
15
04
12
00
1/
0-
0)
1(
0'
0%
#23655
1!
1"
b111010 6
#23660
0!
0"
1:
0$
05
14
13
10
0/
1-
0,
0+
1'
1&
#23665
1!
1"
b110101 6
#23670
0!
0"
1:
15
03
02
00
1/
0-
1+
1*
0'
1%
#23675
1!
1"
b1111101 6
#23680
0!
0"
1:
01
04
12
10
0/
1-
1,
0+
#23685
1!
1"
#23690
0!
0"
1:
14
00
1/
0-
1+
#23695
1!
1"
#23700
0!
0"
1:
11
05
04
13
10
0/
1-
0+
0*
1)
1'
0%
#23705
1!
1"
b1011010 6
#23710
0!
0"
1:
1$
01
03
00
1/
0,
1+
0(
#23715
1!
1"
#23720
0!
0"
1:
15
13
02
10
0.
0-
0+
0'
1%
#23725
1!
1"
#23730
0!
0"
1:
0$
05
03
12
1(
0%
#23735
1!
1"
#23740
0!
0"
1:
11
15
02
1,
1*
0)
0(
1%
#23745
1!
1"
b110110 6
#23750
0!
0"
1:
1$
01
14
13
12
00
0/
1-
1+
1(
0&
#23755
1!
1"
#23760
0!
0"
1:
0$
11
05
02
10
1.
0,
0*
1)
0(
1'
#23765
1!
1"
b10101110 6
#23770
0!
0"
1:
1/
1*
0)
0'
0%
#23775
1!
1"
#23780
0!
0"
1:
1$
00
0/
0-
0*
1&
01
#23785
1!
1"
#23790
0!
0"
1:
11
15
12
10
0.
1-
1,
0+
1%
#23795
1!
1"
b10110101 6
#23800
0!
0"
1:
01
04
03
1/
1.
0,
1+
1*
1)
1'
#23805
1!
1"
#23810
0!
0"
1:
05
13
02
00
0.
0+
0*
0)
0&
0%
#23815
1!
1"
#23820
0!
0"
1:
14
03
12
0/
0-
1)
1%
#23825
1!
1"
#23830
0!
0"
1:
0$
11
15
04
02
1.
1-
1,
1+
1(
0'
1&
#23835
1!
1"
b110110 6
#23840
0!
0"
1:
1$
01
14
12
10
1/
0,
0+
1*
0)
0%
#23845
1!
1"
#23850
0!
0"
1:
0$
05
04
13
0-
1,
0(
1'
0&
1%
#23855
1!
1"
#23860
0!
0"
1:
1$
15
03
02
1+
0*
1)
1(
#23865
1!
1"
#23870
0!
0"
1:
11
14
0.
0,
0+
1*
0(
0%
#23875
1!
1"
b1111101 6
#23880
0!
0"
1:
0$
01
05
13
0/
1.
1-
1,
1+
0*
0)
#23885
1!
1"
#23890
0!
0"
1:
1$
00
1/
0.
0-
1*
1)
0'
1&
11
#23895
1!
1"
b10101110 6
#23900
0!
0"
1:
0$
0/
1.
1-
0,
0*
0)
0&
#23905
1!
1"
#23910
0!
0"
1:
15
04
1/
0.
1'
1&
1%
#23915
1!
1"
b1001111 6
#23920
0!
0"
1:
14
12
0/
1.
1,
0+
1)
1(
0'
0%
#23925
1!
1"
b10110101 6
#23930
0!
0"
1:
1$
10
0-
0)
1'
0&
#23935
1!
1"
#23940
0!
0"
1:
03
02
0.
0,
1+
1)
0(
0'
#23945
1!
1"
b10101 6
#23950
0!
0"
1:
0$
05
04
13
12
00
1-
1,
0+
0)
1(
1'
1&
1%
#23955
1!
1"
b11001 6
#23960
0!
0"
1:
1$
01
15
02
1/
1.
0-
0,
1+
1*
1)
0(
0&
#23965
1!
1"
#23970
0!
0"
1:
0$
12
0/
0.
1,
0+
0*
0)
1(
1&
0%
#23975
1!
1"
#23980
0!
0"
1:
05
14
03
1/
1.
0,
1)
1%
#23985
1!
1"
#23990
0!
0"
1:
1$
11
04
0.
1-
1*
0(
0&
0%
#23995
1!
1"
b11 6
#24000
0!
0"
1:
0$
14
02
0/
0-
1,
1+
1&
#24005
1!
1"
b11001010 6
#24010
0!
0"
1:
04
12
10
1/
0,
0+
0)
0&
1%
#24015
1!
1"
b11 6
#24020
0!
0"
1:
01
13
1-
1,
0*
1)
1(
0'
1&
0%
#24025
1!
1"
#24030
0!
0"
1:
1$
15
14
03
0-
0,
0&
1%
#24035
1!
1"
#24040
0!
0"
1:
02
1-
1+
1*
1&
#24045
1!
1"
#24050
0!
0"
1:
0$
11
05
04
00
0-
0*
0)
0(
1'
#24055
1!
1"
b10100001 6
#24060
0!
0"
1:
15
10
0/
1.
0+
1*
0'
0&
0%
#24065
1!
1"
b110110 6
#24070
0!
0"
1:
05
13
1,
1'
1&
#24075
1!
1"
b11110010 6
#24080
0!
0"
1:
01
03
12
00
1/
0.
1+
0*
1)
0'
0&
#24085
1!
1"
#24090
0!
0"
1:
1$
11
15
13
1-
0,
0+
1*
0)
1'
1&
#24095
1!
1"
b11101011 6
#24100
0!
0"
1:
01
03
02
1,
1+
1)
1%
#24105
1!
1"
#24110
0!
0"
1:
0$
11
05
14
13
10
0-
0,
0)
0&
#24115
1!
1"
b1001010 6
#24120
0!
0"
1:
1$
04
03
0/
1.
1-
1,
0+
1)
1&
#24125
1!
1"
b10100001 6
#24130
0!
0"
1:
0$
01
14
0.
0-
0,
0*
0&
0%
#24135
1!
1"
#24140
0!
0"
1:
15
12
00
1/
1.
1-
1,
0)
1(
1%
#24145
1!
1"
#24150
0!
0"
1:
1$
05
04
02
10
0/
0-
1*
1)
0(
1&
#24155
1!
1"
#24160
0!
0"
1:
15
14
0,
#24165
1!
1"
#24170
0!
0"
1:
0$
04
12
00
1-
1+
0*
0%
#24175
1!
1"
#24180
0!
0"
1:
1$
05
14
10
1/
0.
0-
1,
0)
1(
0'
0&
#24185
1!
1"
#24190
0!
0"
1:
0$
11
15
04
00
0,
1*
1)
#24195
1!
1"
b10000011 6
#24200
0!
0"
1:
1$
01
05
13
10
0/
1.
1-
0*
0(
#24205
1!
1"
#24210
0!
0"
1:
00
0-
1,
0+
0)
1&
1%
11
#24215
1!
1"
b11001 6
#24220
0!
0"
1:
0$
15
03
10
1/
0,
1+
1*
1'
0%
#24225
1!
1"
b10000011 6
#24230
0!
0"
1:
14
02
0/
0.
0*
0&
#24235
1!
1"
b10101 6
#24240
0!
0"
1:
1$
01
05
13
0+
1(
1%
#24245
1!
1"
#24250
0!
0"
1:
11
03
00
1/
1.
1-
1,
1+
1*
0(
1&
#24255
1!
1"
b11001010 6
#24260
0!
0"
1:
0$
12
10
0,
0+
0'
#24265
1!
1"
b11100110 6
#24270
0!
0"
1:
1$
01
02
0.
1)
1(
#24275
1!
1"
#24280
0!
0"
1:
0$
04
00
0/
1,
1+
0*
0(
1'
#24285
1!
1"
#24290
0!
0"
1:
11
15
14
12
10
0,
0&
#24295
1!
1"
b1 6
#24300
0!
0"
1:
01
04
02
00
1/
1.
0-
1*
0'
1&
0%
#24305
1!
1"
#24310
0!
0"
1:
11
05
14
12
0/
1,
0)
0&
1%
#24315
1!
1"
b11100110 6
#24320
0!
0"
1:
1$
01
13
02
1/
0.
1-
0*
1'
1&
#24325
1!
1"
#24330
0!
0"
1:
0$
15
04
03
12
10
0-
0,
0+
1*
1(
0'
0%
#24335
1!
1"
#24340
0!
0"
1:
11
05
14
13
00
1-
1)
0&
#24345
1!
1"
b111010 6
#24350
0!
0"
1:
04
0/
1.
0-
1,
1+
0*
0(
#24355
1!
1"
b10100 6
#24360
0!
0"
1:
1$
01
15
14
1/
0.
1-
0+
1*
0)
1&
#24365
1!
1"
#24370
0!
0"
1:
0$
11
05
03
10
1.
1+
0*
1(
#24375
1!
1"
b11100110 6
#24380
0!
0"
1:
01
04
13
1*
0(
1'
1%
#24385
1!
1"
#24390
0!
0"
1:
03
02
00
0/
0-
0+
0'
0&
0%
#24395
1!
1"
#24400
0!
0"
1:
1$
11
15
14
12
10
0.
1-
1'
1%
#24405
1!
1"
b1 6
#24410
0!
0"
1:
0$
05
1/
0-
0,
1+
1)
0'
0%
#24415
1!
1"
b1011001 6
#24420
0!
0"
1:
15
13
02
00
0/
1.
1,
1'
1%
#24425
1!
1"
b1110001 6
#24430
0!
0"
1:
1$
03
1/
1-
0+
0*
1&
0%
#24435
1!
1"
b10101 6
#24440
0!
0"
1:
10
0.
0,
1*
0)
0'
0&
#24445
1!
1"
#24450
0!
0"
1:
0$
05
04
13
12
0/
1.
0-
0*
1(
#24455
1!
1"
b10100 6
#24460
0!
0"
1:
15
14
1/
0.
1+
1)
0(
1%
#24465
1!
1"
b10110101 6
#24470
0!
0"
1:
01
02
0/
1.
1-
0+
0)
1(
1'
0%
#24475
1!
1"
#24480
0!
0"
1:
11
05
04
03
12
1/
0-
1,
1+
1*
1)
1%
#24485
1!
1"
b11 6
#24490
0!
0"
1:
1$
01
14
0/
0'
#24495
1!
1"
#24500
0!
0"
1:
0$
11
13
1/
0,
0+
0*
0)
1'
1&
#24505
1!
1"
b111010 6
#24510
0!
0"
1:
1$
04
02
0/
0(
0'
#24515
1!
1"
b1011010 6
#24520
0!
0"
1:
15
14
03
12
00
1/
0.
1-
1,
1*
1)
1(
0%
#24525
1!
1"
b1 6
#24530
0!
0"
1:
01
04
02
10
0/
0-
0,
1+
0(
1'
0&
#24535
1!
1"
#24540
0!
0"
1:
0$
14
13
12
1.
1-
1,
0+
0*
0)
0'
1&
#24545
1!
1"
#24550
0!
0"
1:
05
04
03
00
0-
1+
1)
1(
1'
0&
1%
#24555
1!
1"
#24560
0!
0"
1:
1$
13
10
0.
1-
0,
0+
0)
0(
0'
#24565
1!
1"
#24570
0!
0"
1:
15
03
1/
0-
1,
1&
#24575
1!
1"
#24580
0!
0"
1:
14
13
02
00
0/
1.
0,
1+
1*
1(
0%
#24585
1!
1"
#24590
0!
0"
1:
0$
03
12
1/
0.
1-
0+
0*
1)
0(
1'
1%
#24595
1!
1"
#24600
0!
0"
1:
11
05
04
1.
0-
1,
0)
0'
0&
#24605
1!
1"
b1001 6
#24610
0!
0"
1:
1$
02
10
1+
1*
1)
1&
#24615
1!
1"
b1001011 6
#24620
0!
0"
1:
01
13
00
1-
0,
1'
0&
#24625
1!
1"
#24630
0!
0"
1:
0$
0/
0.
0+
0*
0)
1(
0'
1&
11
#24635
1!
1"
b1011010 6
#24640
0!
0"
1:
1$
01
15
12
10
1/
1+
1)
#24645
1!
1"
#24650
0!
0"
1:
0$
11
05
03
02
0+
1*
0)
0(
1'
#24655
1!
1"
b1001011 6
#24660
0!
0"
1:
15
0/
1.
1,
1+
0*
0'
#24665
1!
1"
b110011 6
#24670
0!
0"
1:
1$
14
12
00
1/
0-
0+
1)
1(
0&
#24675
1!
1"
b1 6
#24680
0!
0"
1:
0$
01
05
0/
1-
1+
1*
0(
1'
1&
#24685
1!
1"
#24690
0!
0"
1:
11
04
13
02
1/
0.
0-
0,
0+
0*
0)
0&
#24695
1!
1"
b1011010 6
#24700
0!
0"
1:
01
15
14
03
10
1+
1&
0%
#24705
1!
1"
#24710
0!
0"
1:
11
04
13
12
0/
1*
1)
1(
0'
0&
1%
#24715
1!
1"
b10101011 6
#24720
0!
0"
1:
01
14
1/
1,
0+
0*
0)
1'
1&
#24725
1!
1"
#24730
0!
0"
1:
11
02
1+
1)
0(
0'
0%
#24735
1!
1"
b1110001 6
#24740
0!
0"
1:
12
00
0/
1.
0,
1*
1'
0&
#24745
1!
1"
b10110101 6
#24750
0!
0"
1:
1$
01
05
04
0.
1-
0+
0*
0)
1(
0'
1&
#24755
1!
1"
#24760
0!
0"
1:
14
03
1/
0-
1,
1*
1)
0(
0&
#24765
1!
1"
#24770
0!
0"
1:
0$
11
15
02
1-
0*
1(
1'
1%
#24775
1!
1"
b10101 6
#24780
0!
0"
1:
1$
04
0/
1.
1+
1*
0(
0'
1&
0%
#24785
1!
1"
b110011 6
#24790
0!
0"
1:
0$
05
13
10
0,
0*
1%
#24795
1!
1"
b11111100 6
#24800
0!
0"
1:
01
15
0-
1,
0+
#24805
1!
1"
#24810
0!
0"
1:
1$
05
14
03
12
00
1-
0,
1+
0)
#24815
1!
1"
#24820
0!
0"
1:
0$
11
13
02
1/
0.
0-
0+
1*
1(
1'
0&
#24825
1!
1"
b10011110 6
#24830
0!
0"
1:
01
03
1-
1,
1)
0(
0'
0%
#24835
1!
1"
#24840
0!
0"
1:
11
15
13
0/
0,
1(
1'
1&
1%
#24845
1!
1"
b1110001 6
#24850
0!
0"
1:
01
05
04
03
12
10
1,
0*
0)
0(
0&
#24855
1!
1"
#24860
0!
0"
1:
11
15
14
02
1.
0,
1+
1*
1)
1(
#24865
1!
1"
b10101 6
#24870
0!
0"
1:
12
1,
0*
0)
0'
1&
#24875
1!
1"
b1 6
#24880
0!
0"
1:
1$
01
05
04
13
02
0.
0-
0,
1*
0(
#24885
1!
1"
#24890
0!
0"
1:
0$
15
14
03
1.
1-
0&
0%
#24895
1!
1"
#24900
0!
0"
1:
1$
04
12
1,
0+
1)
1(
1'
#24905
1!
1"
#24910
0!
0"
1:
0$
11
14
02
1/
0.
0*
0)
0(
0'
1%
#24915
1!
1"
b11011101 6
#24920
0!
0"
1:
1$
01
04
00
1.
0-
1+
1)
1'
1&
#24925
1!
1"
#24930
0!
0"
1:
0$
11
05
14
13
12
10
0.
0)
0'
#24935
1!
1"
b10110110 6
#24940
0!
0"
1:
1$
15
02
1.
1-
0,
0+
1*
1)
1'
#24945
1!
1"
b1110001 6
#24950
0!
0"
1:
01
05
03
12
00
0.
0-
1,
0*
1(
#24955
1!
1"
#24960
0!
0"
1:
0$
11
04
02
10
0/
1.
1*
0)
0%
#24965
1!
1"
b11010010 6
#24970
0!
0"
1:
15
13
12
00
0.
1-
0,
0(
0&
1%
#24975
1!
1"
b10101011 6
#24980
0!
0"
1:
05
14
03
02
10
0-
1(
1&
0%
#24985
1!
1"
b11100001 6
#24990
0!
0"
1:
1$
01
15
04
13
12
00
1-
1+
0'
1%
#24995
1!
1"
#25000
0!
0"
1:
14
03
10
1/
0+
0%
#25005
1!
1"
#25010
0!
0"
1:
05
04
0/
1.
0-
1)
0&
1%
#25015
1!
1"
#25020
0!
0"
1:
0$
11
15
14
00
1/
1-
1+
0)
1'
0%
#25025
1!
1"
b1 6
#25030
0!
0"
1:
1$
01
05
04
13
02
0/
0-
1,
0+
0'
#25035
1!
1"
#25040
0!
0"
1:
0$
11
15
12
10
0,
1+
0*
1)
1&
#25045
1!
1"
b1101000 6
#25050
0!
0"
1:
1$
01
03
02
0+
1*
0)
0(
1'
1%
#25055
1!
1"
#25060
0!
0"
1:
0$
11
05
14
12
00
0.
1+
0*
1)
#25065
1!
1"
b11101110 6
#25070
0!
0"
1:
01
15
04
13
02
1.
1-
0+
1*
0)
0&
0%
#25075
1!
1"
#25080
0!
0"
1:
11
05
1/
0.
1+
1(
0'
#25085
1!
1"
b11111100 6
#25090
0!
0"
1:
15
0/
1,
0*
1)
0(
1'
1&
#25095
1!
1"
b1001011 6
#25100
0!
0"
1:
14
1/
1.
0,
0+
0&
1%
#25105
1!
1"
b1110001 6
#25110
0!
0"
1:
01
04
03
12
10
0-
1,
1(
1&
0%
#25115
1!
1"
#25120
0!
0"
1:
11
05
14
0.
1-
0)
0&
1%
#25125
1!
1"
b11101110 6
#25130
0!
0"
1:
1$
04
13
00
0-
1+
1*
0'
0%
#25135
1!
1"
b1100001 6
#25140
0!
0"
1:
0$
15
14
10
0/
1.
0+
0*
1)
1'
1%
#25145
1!
1"
b10010010 6
#25150
0!
0"
1:
05
02
00
0.
1-
0)
0'
1&
0%
#25155
1!
1"
b10011110 6
#25160
0!
0"
1:
1$
10
1/
1.
0-
0,
1+
1*
1)
0(
1'
0&
1%
#25165
1!
1"
#25170
0!
0"
1:
01
15
04
12
00
0/
1-
1(
1&
0%
#25175
1!
1"
#25180
0!
0"
1:
05
02
10
0.
0(
1%
#25185
1!
1"
#25190
0!
0"
1:
0$
11
14
0+
0'
0%
#25195
1!
1"
#25200
0!
0"
1:
15
04
03
00
1.
1+
0)
1'
0&
1%
#25205
1!
1"
b1110010 6
#25210
0!
0"
1:
01
14
10
0.
0-
0*
1(
#25215
1!
1"
#25220
0!
0"
1:
1$
13
1/
1-
1,
1*
1)
0'
#25225
1!
1"
#25230
0!
0"
1:
05
04
03
00
1.
0,
0+
0*
0)
1'
1&
0%
#25235
1!
1"
#25240
0!
0"
1:
13
12
0-
1+
0(
0&
1%
#25245
1!
1"
#25250
0!
0"
1:
0$
11
14
03
10
0.
1*
1)
0'
1&
#25255
1!
1"
b100110 6
#25260
0!
0"
1:
04
02
0/
1-
1,
0)
1(
1'
0&
#25265
1!
1"
b11010010 6
#25270
0!
0"
1:
1$
14
1.
0,
0*
1)
0'
0%
#25275
1!
1"
b11100001 6
#25280
0!
0"
1:
15
04
13
12
00
1/
0.
0+
0)
1'
1&
#25285
1!
1"
b1101000 6
#25290
0!
0"
1:
05
14
02
0/
1.
0-
1,
1+
1)
0(
0'
1%
#25295
1!
1"
b10011110 6
#25300
0!
0"
1:
01
15
10
0.
0&
#25305
1!
1"
#25310
0!
0"
1:
04
03
12
00
1.
0,
0+
1(
1'
0%
#25315
1!
1"
#25320
0!
0"
1:
0$
14
13
02
1-
0)
0'
1%
#25325
1!
1"
#25330
0!
0"
1:
11
05
04
12
10
0-
1,
1+
1&
#25335
1!
1"
b10110100 6
#25340
0!
0"
1:
1$
01
14
03
1/
0,
1)
0(
0%
#25345
1!
1"
#25350
0!
0"
1:
11
15
04
13
02
00
1,
1*
1'
0&
1%
#25355
1!
1"
b1001011 6
#25360
0!
0"
1:
0$
01
05
0/
0.
0+
0*
1&
#25365
1!
1"
#25370
0!
0"
1:
1$
03
12
1/
1.
0,
0)
0'
#25375
1!
1"
#25380
0!
0"
1:
15
14
13
10
0/
0.
1-
1,
1+
1*
1(
1'
0%
#25385
1!
1"
#25390
0!
0"
1:
0$
11
05
04
03
00
1/
0,
0'
0&
1%
#25395
1!
1"
b10110001 6
#25400
0!
0"
1:
1$
15
14
0/
1.
0-
1,
0*
0(
1'
1&
0%
#25405
1!
1"
b1 6
#25410
0!
0"
1:
13
0.
0,
1*
1%
#25415
1!
1"
b10010010 6
#25420
0!
0"
1:
01
05
04
02
10
1.
0*
1)
#25425
1!
1"
#25430
0!
0"
1:
0$
0.
1-
1,
0)
1(
0%
#25435
1!
1"
#25440
0!
0"
1:
15
12
00
1.
0-
0,
0+
1*
0(
0'
#25445
1!
1"
#25450
0!
0"
1:
02
1-
1,
0*
1(
#25455
1!
1"
#25460
0!
0"
1:
1$
11
14
10
1+
1*
0(
0&
1%
#25465
1!
1"
b1111001 6
#25470
0!
0"
1:
01
05
03
0,
0*
1)
1(
0%
#25475
1!
1"
#25480
0!
0"
1:
11
15
04
00
0.
0-
1,
#25485
1!
1"
b10101101 6
#25490
0!
0"
1:
14
12
10
1.
1-
0+
0(
1&
#25495
1!
1"
b1 6
#25500
0!
0"
1:
01
04
00
1/
0.
0-
0,
1*
0)
0&
1%
#25505
1!
1"
#25510
0!
0"
1:
13
02
10
1,
1+
1)
#25515
1!
1"
#25520
0!
0"
1:
11
14
03
00
0/
0,
0+
0*
1(
1'
1&
#25525
1!
1"
b10000100 6
#25530
0!
0"
1:
0$
05
13
12
1.
1,
1+
0(
0'
0&
#25535
1!
1"
b10100101 6
#25540
0!
0"
1:
1$
01
15
04
0.
0+
1(
1'
#25545
1!
1"
#25550
0!
0"
1:
11
14
03
1/
1*
0)
0(
0%
#25555
1!
1"
b10010000 6
#25560
0!
0"
1:
0$
10
0/
1-
1+
0*
1)
0'
01
#25565
1!
1"
#25570
0!
0"
1:
05
04
13
1.
0-
0,
0+
1*
1(
1'
1&
1%
#25575
1!
1"
#25580
0!
0"
1:
1$
11
15
14
02
1/
0.
1,
1+
0(
#25585
1!
1"
b1111001 6
#25590
0!
0"
1:
01
03
12
0/
1.
0,
0)
#25595
1!
1"
#25600
0!
0"
1:
11
05
04
02
00
0+
0*
1)
1(
0&
0%
#25605
1!
1"
b11010010 6
#25610
0!
0"
1:
0$
15
14
13
0.
1-
1,
1+
1*
1&
#25615
1!
1"
b1111001 6
#25620
0!
0"
1:
1$
01
05
04
12
10
1/
1.
0,
0)
0'
#25625
1!
1"
#25630
0!
0"
1:
0$
11
15
14
03
00
0/
0-
0*
1)
1'
#25635
1!
1"
b10010000 6
#25640
0!
0"
1:
04
1-
1*
#25645
1!
1"
b11111011 6
#25650
0!
0"
1:
1$
01
05
14
13
1/
0.
0-
1,
0+
0'
0&
1%
#25655
1!
1"
#25660
0!
0"
1:
11
04
0(
0%
#25665
1!
1"
b110 6
#25670
0!
0"
1:
0$
03
0/
1+
0*
1(
1'
1&
#25675
1!
1"
b11110011 6
#25680
0!
0"
1:
01
13
10
1.
1-
0,
1*
0(
0&
1%
#25685
1!
1"
#25690
0!
0"
1:
1$
15
02
00
0.
1,
0+
0*
1(
0'
1&
#25695
1!
1"
#25700
0!
0"
1:
14
0-
1+
0)
0&
#25705
1!
1"
#25710
0!
0"
1:
0$
11
04
1.
1-
1)
0(
#25715
1!
1"
b1101111 6
#25720
0!
0"
1:
01
12
0-
0+
1*
0)
0%
#25725
1!
1"
#25730
0!
0"
1:
05
03
10
1+
1)
#25735
1!
1"
#25740
0!
0"
1:
1$
15
14
1/
1-
0,
0)
1(
1'
#25745
1!
1"
#25750
0!
0"
1:
05
0-
1,
0+
0*
0'
#25755
1!
1"
#25760
0!
0"
1:
0$
11
13
02
00
1-
0,
1)
0(
1'
1&
#25765
1!
1"
b110100 6
#25770
0!
0"
1:
01
15
04
03
0/
0.
1+
1%
#25775
1!
1"
#25780
0!
0"
1:
1$
11
05
13
12
0+
1(
#25785
1!
1"
b110 6
#25790
0!
0"
1:
14
03
1.
1,
1+
0)
#25795
1!
1"
b11110110 6
#25800
0!
0"
1:
0$
15
04
0-
0+
1*
1)
0(
#25805
1!
1"
b110000 6
#25810
0!
0"
1:
1$
05
13
10
1-
1+
0*
0)
0&
#25815
1!
1"
b110 6
#25820
0!
0"
1:
01
15
14
03
00
1/
0.
0-
0+
1)
0'
1&
#25825
1!
1"
#25830
0!
0"
1:
11
04
10
1+
1*
0)
1'
0%
#25835
1!
1"
b110000 6
#25840
0!
0"
1:
0$
01
05
13
02
1-
0+
0&
1%
#25845
1!
1"
#25850
0!
0"
1:
11
14
0/
1.
0-
0,
1)
1(
0'
1&
#25855
1!
1"
b1110011 6
#25860
0!
0"
1:
01
15
04
03
12
00
1/
1-
1,
1'
0&
#25865
1!
1"
#25870
0!
0"
1:
1$
05
02
10
0.
0,
0)
0(
0'
1&
#25875
1!
1"
#25880
0!
0"
1:
0$
14
13
12
0-
1,
1+
0*
1)
1'
0&
0%
#25885
1!
1"
#25890
0!
0"
1:
11
15
04
02
0/
0+
0)
0'
1&
1%
#25895
1!
1"
b1101111 6
#25900
0!
0"
1:
1$
05
14
12
00
1/
0,
1+
1(
#25905
1!
1"
b1100101 6
#25910
0!
0"
1:
15
03
02
0/
1-
1,
0+
1)
1'
#25915
1!
1"
b1101111 6
#25920
0!
0"
1:
05
12
10
1/
1.
0-
1*
0&
#25925
1!
1"
b111101 6
#25930
0!
0"
1:
01
15
04
13
00
0.
0*
0(
0%
#25935
1!
1"
#25940
0!
0"
1:
11
05
03
0/
1.
0,
1+
1(
0'
1%
#25945
1!
1"
b11110011 6
#25950
0!
0"
1:
14
13
02
10
1/
0.
1-
1,
0+
1*
0)
0(
1&
0%
#25955
1!
1"
b1110011 6
#25960
0!
0"
1:
01
04
03
0/
0-
0,
1)
1(
1%
#25965
1!
1"
#25970
0!
0"
1:
15
0*
0%
#25975
1!
1"
#25980
0!
0"
1:
0$
05
12
1.
1+
1*
0(
#25985
1!
1"
#25990
0!
0"
1:
1$
15
14
00
1/
1-
0+
0*
1(
#25995
1!
1"
#26000
0!
0"
1:
0$
11
05
13
0.
0-
0)
#26005
1!
1"
b1100101 6
#26010
0!
0"
1:
1$
01
15
10
1.
1-
1*
1%
#26015
1!
1"
#26020
0!
0"
1:
0/
0.
0-
1,
1+
0*
1)
0%
#26025
1!
1"
#26030
0!
0"
1:
05
03
00
1/
1-
0+
1'
0&
1%
#26035
1!
1"
#26040
0!
0"
1:
0$
15
13
0/
0,
1+
1*
0(
#26045
1!
1"
#26050
0!
0"
1:
1$
05
04
10
1/
0-
1,
0*
1(
1&
0%
#26055
1!
1"
#26060
0!
0"
1:
03
02
1.
1-
0+
1*
0)
0'
#26065
1!
1"
#26070
0!
0"
1:
0$
11
14
13
12
0.
0-
0*
0(
1'
1%
#26075
1!
1"
#26080
0!
0"
1:
1$
04
03
02
00
1.
0,
1(
0'
#26085
1!
1"
b11010010 6
#26090
0!
0"
1:
10
1-
1+
1)
1'
0&
0%
01
#26095
1!
1"
#26100
0!
0"
1:
0$
11
14
13
0+
1*
0)
0(
0'
1&
#26105
1!
1"
b1110011 6
#26110
0!
0"
1:
01
15
03
12
0.
1+
0*
1'
1%
#26115
1!
1"
#26120
0!
0"
1:
1$
11
05
04
00
0/
1.
0-
#26125
1!
1"
b11110011 6
#26130
0!
0"
1:
15
13
10
1)
1(
0%
#26135
1!
1"
b110 6
#26140
0!
0"
1:
01
05
03
02
00
1/
0.
1-
1,
0+
1*
0)
0'
0&
1%
#26145
1!
1"
#26150
0!
0"
1:
15
14
13
0/
1.
0,
0(
#26155
1!
1"
#26160
0!
0"
1:
0$
11
05
03
10
0.
0-
1+
0*
1)
1'
1&
#26165
1!
1"
b10010010 6
#26170
0!
0"
1:
15
04
00
1.
1,
1*
1(
0'
0&
#26175
1!
1"
b10111 6
#26180
0!
0"
1:
01
13
1/
1-
0+
0*
0)
1&
#26185
1!
1"
#26190
0!
0"
1:
11
05
14
12
0/
0.
0,
1+
1*
1)
0(
0%
#26195
1!
1"
b100100 6
#26200
0!
0"
1:
1$
01
04
03
02
1.
0*
0&
#26205
1!
1"
#26210
0!
0"
1:
0$
15
14
12
10
1/
0-
1&
1%
#26215
1!
1"
#26220
0!
0"
1:
1$
05
00
0.
1-
0+
1*
0)
#26225
1!
1"
#26230
0!
0"
1:
15
04
13
02
0/
1+
0&
0%
#26235
1!
1"
#26240
0!
0"
1:
0$
14
03
1/
1.
0*
1(
1'
1%
#26245
1!
1"
#26250
0!
0"
1:
11
04
13
12
0+
1*
0(
1&
0%
#26255
1!
1"
b110 6
#26260
0!
0"
1:
1$
14
02
10
0.
0-
1+
1)
0'
1%
#26265
1!
1"
b10100101 6
#26270
0!
0"
1:
0$
01
05
04
03
00
0/
1-
0*
1'
0&
#26275
1!
1"
#26280
0!
0"
1:
11
14
12
1/
1.
0-
1*
1(
1&
0%
#26285
1!
1"
b111101 6
#26290
0!
0"
1:
1$
15
13
02
0/
1-
0*
0&
1%
#26295
1!
1"
b10100101 6
#26300
0!
0"
1:
0$
01
05
04
10
0.
0+
1*
0(
1&
#26305
1!
1"
#26310
0!
0"
1:
1$
11
15
03
12
1/
1.
1+
0&
#26315
1!
1"
b1011010 6
#26320
0!
0"
1:
01
05
14
02
00
0/
1,
0)
1&
0%
#26325
1!
1"
#26330
0!
0"
1:
11
04
13
1/
0-
0,
1)
0'
0&
#26335
1!
1"
b1011011 6
#26340
0!
0"
1:
01
15
12
10
0/
0*
0)
1(
#26345
1!
1"
#26350
0!
0"
1:
0$
11
05
14
00
0.
1,
0+
1*
1)
1'
1&
#26355
1!
1"
b100100 6
#26360
0!
0"
1:
1$
01
15
03
1/
1.
1-
0,
0*
0'
#26365
1!
1"
#26370
0!
0"
1:
0$
10
0.
1,
0&
1%
11
#26375
1!
1"
b10101100 6
#26380
0!
0"
1:
1$
04
13
00
0-
0,
1+
1*
0)
0(
1&
#26385
1!
1"
b110 6
#26390
0!
0"
1:
05
03
1.
1-
0+
#26395
1!
1"
b1001100 6
#26400
0!
0"
1:
01
14
13
10
0.
1+
0*
1'
0&
0%
#26405
1!
1"
#26410
0!
0"
1:
0$
11
03
02
00
1.
0-
1,
1*
1)
1(
0'
#26415
1!
1"
b101011 6
#26420
0!
0"
1:
01
15
04
10
0+
0)
0(
1'
1%
#26425
1!
1"
#26430
0!
0"
1:
1$
05
1-
1+
1)
1(
0'
1&
#26435
1!
1"
#26440
0!
0"
1:
11
15
13
00
0,
0+
0*
0)
0(
#26445
1!
1"
b10001110 6
#26450
0!
0"
1:
0$
01
05
14
03
10
0-
1,
1+
1*
0&
#26455
1!
1"
#26460
0!
0"
1:
1$
1-
0+
1)
1'
1&
0%
11
#26465
1!
1"
b101011 6
#26470
0!
0"
1:
01
15
04
12
00
0/
0.
0-
1+
0)
1(
0'
0&
#26475
1!
1"
#26480
0!
0"
1:
13
02
0+
#26485
1!
1"
#26490
0!
0"
1:
0$
11
05
14
03
10
1-
1+
0(
#26495
1!
1"
#26500
0!
0"
1:
01
13
1/
0-
0,
0+
0*
1&
#26505
1!
1"
#26510
0!
0"
1:
11
15
04
03
00
1-
1*
1)
0&
1%
#26515
1!
1"
b1010000 6
#26520
0!
0"
1:
05
13
0/
1.
1+
0*
1'
#26525
1!
1"
b1011011 6
#26530
0!
0"
1:
1$
01
14
03
1,
0+
1*
0)
1(
0'
#26535
1!
1"
#26540
0!
0"
1:
0$
13
1/
0.
0,
1+
1)
0(
1&
0%
#26545
1!
1"
#26550
0!
0"
1:
1$
11
04
03
10
0/
0-
0)
1(
0&
1%
#26555
1!
1"
b11100110 6
#26560
0!
0"
1:
01
15
12
1.
1-
1,
0*
0(
1'
#26565
1!
1"
#26570
0!
0"
1:
11
05
00
1/
0.
1(
0%
#26575
1!
1"
b1001100 6
#26580
0!
0"
1:
0$
1.
0,
1*
1&
#26585
1!
1"
#26590
0!
0"
1:
1$
15
02
10
0-
0+
1)
0(
0'
#26595
1!
1"
b1010000 6
#26600
0!
0"
1:
0$
00
0.
1-
1+
0*
1(
0&
01
#26605
1!
1"
#26610
0!
0"
1:
11
13
1,
0+
0)
1'
1&
1%
#26615
1!
1"
b10001110 6
#26620
0!
0"
1:
1$
05
14
12
0/
1.
1*
0'
0&
0%
#26625
1!
1"
b100100 6
#26630
0!
0"
1:
0$
15
04
02
1+
0*
1)
0(
1'
#26635
1!
1"
b10001110 6
#26640
0!
0"
1:
1$
05
12
1/
0-
0,
1(
0'
1&
1%
#26645
1!
1"
b1110 6
#26650
0!
0"
1:
14
02
10
1-
0(
1'
0&
#26655
1!
1"
b11011111 6
#26660
0!
0"
1:
0$
01
15
00
0.
0-
0+
1*
0)
#26665
1!
1"
#26670
0!
0"
1:
05
10
1.
1+
1)
1(
0'
1&
#26675
1!
1"
#26680
0!
0"
1:
1$
04
03
12
0/
1-
1,
0+
0)
0&
0%
#26685
1!
1"
#26690
0!
0"
1:
11
13
02
0,
1+
0*
1)
1'
1%
#26695
1!
1"
b11000111 6
#26700
0!
0"
1:
0$
01
12
00
0.
0-
0'
1&
0%
#26705
1!
1"
#26710
0!
0"
1:
1$
15
10
1.
1,
0+
0)
0(
1'
0&
1%
#26715
1!
1"
#26720
0!
0"
1:
0$
11
05
00
0.
0,
1+
1*
1)
1&
0%
#26725
1!
1"
b1110 6
#26730
0!
0"
1:
01
15
14
03
1-
0*
0)
0'
0&
#26735
1!
1"
#26740
0!
0"
1:
11
02
10
1.
0-
1,
1*
1)
1&
#26745
1!
1"
b111010 6
#26750
0!
0"
1:
1$
05
04
12
1-
0*
1'
0&
1%
#26755
1!
1"
b1001100 6
#26760
0!
0"
1:
0$
01
15
14
1/
1*
0)
1&
#26765
1!
1"
#26770
0!
0"
1:
04
13
02
00
0/
0.
0-
0+
1(
0'
0&
#26775
1!
1"
#26780
0!
0"
1:
1$
03
1/
1.
1-
0,
0*
0(
0%
#26785
1!
1"
#26790
0!
0"
1:
0$
05
0/
1,
1*
1(
1'
1&
#26795
1!
1"
#26800
0!
0"
1:
1$
14
13
1/
0-
0*
1)
0&
1%
#26805
1!
1"
#26810
0!
0"
1:
11
15
03
0/
0.
1-
1+
0)
0'
1&
0%
#26815
1!
1"
b111010 6
#26820
0!
0"
1:
01
04
13
12
1/
0-
0+
1'
0&
1%
#26825
1!
1"
#26830
0!
0"
1:
05
03
10
1.
1-
0'
1&
0%
#26835
1!
1"
#26840
0!
0"
1:
0$
11
14
02
0.
0-
1+
1*
0(
0&
#26845
1!
1"
b101011 6
#26850
0!
0"
1:
1$
04
13
0/
1.
1-
0+
0*
1&
1%
#26855
1!
1"
b11000111 6
#26860
0!
0"
1:
01
14
03
00
1/
0-
0,
1*
1)
1(
1'
#26865
1!
1"
#26870
0!
0"
1:
0$
11
15
04
12
10
0.
1-
1+
0'
0&
0%
#26875
1!
1"
b1100001 6
#26880
0!
0"
1:
1$
14
13
1.
0-
0+
0*
1&
#26885
1!
1"
b11000110 6
#26890
0!
0"
1:
0$
03
02
00
0/
0.
1-
1+
0)
0&
1%
#26895
1!
1"
b111010 6
#26900
0!
0"
1:
1$
01
13
12
1/
1.
0-
0+
1)
0(
1'
1&
#26905
1!
1"
#26910
0!
0"
1:
10
0.
1+
1(
#26915
1!
1"
#26920
0!
0"
1:
0$
05
04
0/
1.
1-
1,
0+
0'
0%
#26925
1!
1"
#26930
0!
0"
1:
1$
15
03
02
1/
0.
0-
1+
0)
0(
1'
1%
#26935
1!
1"
#26940
0!
0"
1:
05
14
0/
1.
1-
0+
1)
0'
0&
0%
#26945
1!
1"
#26950
0!
0"
1:
15
04
13
00
1/
0-
1+
1*
0)
1(
1&
1%
#26955
1!
1"
#26960
0!
0"
1:
0$
05
10
0.
0+
0*
1)
0&
0%
#26965
1!
1"
#26970
0!
0"
1:
15
03
00
1-
0,
1+
1*
0(
1&
1%
#26975
1!
1"
#26980
0!
0"
1:
11
13
12
0-
0+
0*
0)
1(
1'
0%
#26985
1!
1"
b1110110 6
#26990
0!
0"
1:
05
1,
1+
1*
1)
0'
0&
1%
#26995
1!
1"
b11101 6
#27000
0!
0"
1:
1$
01
03
0/
1.
0,
0)
1'
0%
#27005
1!
1"
#27010
0!
0"
1:
0$
14
13
02
10
1/
1-
0*
1%
#27015
1!
1"
#27020
0!
0"
1:
1$
15
04
03
00
0/
0.
0-
1)
0(
0'
1&
0%
#27025
1!
1"
#27030
0!
0"
1:
11
05
10
1/
1-
0+
1*
0)
0&
1%
#27035
1!
1"
b10011101 6
#27040
0!
0"
1:
0/
1.
0-
1,
1+
1&
#27045
1!
1"
#27050
0!
0"
1:
01
14
12
00
0.
0+
1)
#27055
1!
1"
#27060
0!
0"
1:
0$
11
15
13
10
1/
0*
1'
0&
0%
#27065
1!
1"
b10100011 6
#27070
0!
0"
1:
1$
01
04
00
0/
1+
1*
0)
0'
1%
#27075
1!
1"
#27080
0!
0"
1:
03
1-
0,
0+
1(
1'
0%
#27085
1!
1"
#27090
0!
0"
1:
05
02
1.
1,
1+
0*
1)
0'
#27095
1!
1"
#27100
0!
0"
1:
15
10
0.
1*
0)
1%
#27105
1!
1"
#27110
0!
0"
1:
0$
11
13
00
1/
1.
0+
1'
0%
#27115
1!
1"
b10000111 6
#27120
0!
0"
1:
10
0/
0,
1+
0'
1&
1%
01
#27125
1!
1"
#27130
0!
0"
1:
1$
11
14
03
0-
0*
0(
0&
0%
#27135
1!
1"
b1001000 6
#27140
0!
0"
1:
0$
05
13
1/
1-
1,
1*
1(
1'
1%
#27145
1!
1"
b11011111 6
#27150
0!
0"
1:
1$
15
03
12
0/
0-
0+
0*
0(
0%
#27155
1!
1"
b10010 6
#27160
0!
0"
1:
01
13
0.
1-
1+
1)
0'
1%
#27165
1!
1"
#27170
0!
0"
1:
11
04
03
00
1(
1'
1&
#27175
1!
1"
b1111001 6
#27180
0!
0"
1:
0$
13
02
10
0-
1*
0(
0%
#27185
1!
1"
b10000111 6
#27190
0!
0"
1:
1$
05
12
1/
1-
0,
0)
1(
1%
#27195
1!
1"
b11010000 6
#27200
0!
0"
1:
01
03
00
0/
1,
1)
0(
0'
0&
#27205
1!
1"
#27210
0!
0"
1:
14
13
02
1.
0-
0,
0+
0)
1&
0%
#27215
1!
1"
#27220
0!
0"
1:
0$
10
0.
1,
1)
1%
11
#27225
1!
1"
b11011111 6
#27230
0!
0"
1:
00
0,
0)
1(
#27235
1!
1"
#27240
0!
0"
1:
1$
15
03
1-
0(
1'
0&
#27245
1!
1"
b1001000 6
#27250
0!
0"
1:
01
05
13
1/
0-
0*
1(
0'
0%
#27255
1!
1"
#27260
0!
0"
1:
0$
11
15
04
10
1,
1*
1'
1&
#27265
1!
1"
b10000111 6
#27270
0!
0"
1:
12
0/
0,
0*
1)
0(
0'
1%
#27275
1!
1"
b1110110 6
#27280
0!
0"
1:
1$
05
03
02
00
1/
1.
1-
1+
1*
0)
1(
1'
0&
0%
#27285
1!
1"
b100101 6
#27290
0!
0"
1:
0$
15
12
0+
1)
0(
0'
1&
1%
#27295
1!
1"
b1111001 6
#27300
0!
0"
1:
14
10
0/
0)
#27305
1!
1"
b10010 6
#27310
0!
0"
1:
1$
01
04
1/
0.
1+
1)
0%
#27315
1!
1"
#27320
0!
0"
1:
0$
00
1.
0+
0*
0)
1(
1'
#27325
1!
1"
#27330
0!
0"
1:
02
0-
1+
0'
1%
#27335
1!
1"
#27340
0!
0"
1:
1$
10
0/
0.
0+
1*
1'
0&
0%
11
#27345
1!
1"
b10 6
#27350
0!
0"
1:
0$
05
14
00
0*
0(
1%
#27355
1!
1"
b10101 6
#27360
0!
0"
1:
13
10
1.
1,
1+
1*
1(
0'
1&
#27365
1!
1"
b11011111 6
#27370
0!
0"
1:
01
15
03
00
1/
0.
0,
0+
0(
#27375
1!
1"
#27380
0!
0"
1:
11
04
12
10
0/
1-
1)
1(
1'
#27385
1!
1"
b1111001 6
#27390
0!
0"
1:
05
13
0-
0&
#27395
1!
1"
b11010000 6
#27400
0!
0"
1:
15
03
00
1/
1-
1,
1+
0(
0'
1&
0%
#27405
1!
1"
b1111001 6
#27410
0!
0"
1:
1$
14
13
0/
1.
0+
1(
1'
0&
#27415
1!
1"
b1101011 6
#27420
0!
0"
1:
0$
01
04
03
02
10
0.
0,
0(
0'
#27425
1!
1"
#27430
0!
0"
1:
1$
1.
1+
0*
0)
1(
1'
1%
11
#27435
1!
1"
b10 6
#27440
0!
0"
1:
0$
01
05
14
13
12
1/
0.
0+
1)
0(
0'
#27445
1!
1"
#27450
0!
0"
1:
11
04
03
1.
0-
0)
1(
1'
1&
0%
#27455
1!
1"
b11111000 6
#27460
0!
0"
1:
1$
01
15
1-
1+
1*
0(
0'
1%
#27465
1!
1"
#27470
0!
0"
1:
0$
11
14
02
00
0.
0-
1,
0+
0*
1(
1'
0&
0%
#27475
1!
1"
b11011100 6
#27480
0!
0"
1:
1$
05
1.
0,
1+
1)
0(
#27485
1!
1"
b10101 6
#27490
0!
0"
1:
0$
12
0.
1,
1*
0)
0'
1%
#27495
1!
1"
b1001000 6
#27500
0!
0"
1:
15
04
13
1-
0,
1)
#27505
1!
1"
b1110110 6
#27510
0!
0"
1:
1$
05
10
0/
1.
0-
1(
1'
1&
0%
#27515
1!
1"
b1101111 6
#27520
0!
0"
1:
15
1/
1-
1,
0+
0)
0'
0&
#27525
1!
1"
b1110110 6
#27530
0!
0"
1:
0$
00
0/
0-
0*
1)
0(
1'
01
#27535
1!
1"
#27540
0!
0"
1:
1$
05
14
03
10
0.
0,
1+
1*
0)
1&
#27545
1!
1"
#27550
0!
0"
1:
0$
11
15
13
1/
1.
1-
1,
1)
0&
1%
#27555
1!
1"
b1101011 6
#27560
0!
0"
1:
01
05
03
02
00
0.
0+
0)
1(
1&
#27565
1!
1"
#27570
0!
0"
1:
1$
15
12
10
1.
0-
0,
0'
0%
#27575
1!
1"
#27580
0!
0"
1:
0$
11
05
04
13
0/
0.
1-
1)
0(
0&
#27585
1!
1"
b1101111 6
#27590
0!
0"
1:
1$
01
15
02
00
1/
0-
1,
1+
1(
1&
1%
#27595
1!
1"
#27600
0!
0"
1:
0$
11
14
03
0/
1.
0+
0)
0&
#27605
1!
1"
b11011100 6
#27610
0!
0"
1:
1$
10
1/
1+
0*
1)
0(
1&
01
#27615
1!
1"
#27620
0!
0"
1:
0$
11
04
12
00
0/
0.
0,
0+
1*
0)
1(
1'
0&
#27625
1!
1"
b1111001 6
#27630
0!
0"
1:
01
13
10
1+
1&
0%
#27635
1!
1"
#27640
0!
0"
1:
11
05
14
03
02
00
1/
1,
0+
0(
1%
#27645
1!
1"
b10100110 6
#27650
0!
0"
1:
04
13
10
0/
1+
#27655
1!
1"
b11101011 6
#27660
0!
0"
1:
1$
01
14
03
12
00
1-
0'
0&
0%
#27665
1!
1"
#27670
0!
0"
1:
0-
0+
#27675
1!
1"
#27680
0!
0"
1:
0$
11
15
04
02
1)
1(
1'
1&
#27685
1!
1"
b1011111 6
#27690
0!
0"
1:
1$
05
14
13
1/
1-
0,
1+
0*
0(
0'
#27695
1!
1"
b1100001 6
#27700
0!
0"
1:
0$
01
15
03
0/
1.
0-
0+
1*
0)
1'
#27705
1!
1"
#27710
0!
0"
1:
11
05
04
13
10
1/
1-
1(
0'
0&
1%
#27715
1!
1"
b10101010 6
#27720
0!
0"
1:
1$
01
15
14
00
0.
1,
1+
0*
1&
0%
#27725
1!
1"
#27730
0!
0"
1:
11
05
04
12
10
1.
0-
0,
0+
1'
#27735
1!
1"
b10110111 6
#27740
0!
0"
1:
15
14
02
00
0.
1+
1*
1)
0&
1%
#27745
1!
1"
b111 6
#27750
0!
0"
1:
01
12
0/
1&
0%
#27755
1!
1"
#27760
0!
0"
1:
11
05
1/
1-
1,
0+
0*
0&
1%
#27765
1!
1"
b110011 6
#27770
0!
0"
1:
01
15
04
0/
0-
1+
0'
#27775
1!
1"
#27780
0!
0"
1:
05
14
10
1/
1.
0+
1*
1&
0%
#27785
1!
1"
#27790
0!
0"
1:
04
02
00
1-
1+
0*
0)
0(
1'
0&
1%
#27795
1!
1"
#27800
0!
0"
1:
0$
11
15
14
0.
0,
0+
1)
0'
0%
#27805
1!
1"
b11100000 6
#27810
0!
0"
1:
01
04
03
10
0-
1,
1+
#27815
1!
1"
#27820
0!
0"
1:
11
14
13
00
1.
0,
0)
1'
1&
#27825
1!
1"
#27830
0!
0"
1:
1$
01
04
03
0.
1,
0&
#27835
1!
1"
#27840
0!
0"
1:
0$
11
05
14
13
12
0/
1-
0+
1(
0'
1&
1%
#27845
1!
1"
b110011 6
#27850
0!
0"
1:
1$
01
15
03
02
1.
0-
1)
0(
1'
0%
#27855
1!
1"
#27860
0!
0"
1:
11
12
1/
0,
1+
0)
0&
#27865
1!
1"
b10011010 6
#27870
0!
0"
1:
01
04
02
1,
1)
0'
#27875
1!
1"
#27880
0!
0"
1:
0$
11
05
10
0/
0,
1'
1%
#27885
1!
1"
b10110110 6
#27890
0!
0"
1:
01
15
0.
1-
1,
0+
0'
1&
0%
#27895
1!
1"
#27900
0!
0"
1:
11
14
13
00
1/
1.
1(
1'
1%
#27905
1!
1"
b11100000 6
#27910
0!
0"
1:
1$
01
03
12
0/
0.
1+
1*
0(
0'
0&
0%
#27915
1!
1"
#27920
0!
0"
1:
11
04
02
10
0-
0*
0)
1&
#27925
1!
1"
b1011111 6
#27930
0!
0"
1:
14
13
12
00
1.
#27935
1!
1"
b1101011 6
#27940
0!
0"
1:
05
1/
1-
0,
0+
1*
1(
1'
#27945
1!
1"
b110011 6
#27950
0!
0"
1:
01
02
0/
1,
1+
0*
1)
0(
0'
0&
1%
#27955
1!
1"
#27960
0!
0"
1:
15
03
10
0-
0,
1*
1'
1&
0%
#27965
1!
1"
#27970
0!
0"
1:
05
04
12
0.
0*
0)
1(
1%
#27975
1!
1"
#27980
0!
0"
1:
0$
15
02
0+
0(
0'
#27985
1!
1"
#27990
0!
0"
1:
11
13
12
1/
1.
1,
1+
1*
1(
#27995
1!
1"
b11110010 6
#28000
0!
0"
1:
1$
01
05
14
00
0/
1-
0+
0*
1'
0%
#28005
1!
1"
#28010
0!
0"
1:
15
1/
0-
0(
0'
1%
#28015
1!
1"
#28020
0!
0"
1:
04
03
0.
1-
0,
1+
#28025
1!
1"
#28030
0!
0"
1:
05
02
10
0-
1,
1)
1'
0&
0%
#28035
1!
1"
#28040
0!
0"
1:
0$
11
15
0/
1-
0,
0+
1&
#28045
1!
1"
b1011111 6
#28050
0!
0"
1:
1$
14
12
1/
1.
0-
0)
0'
0&
#28055
1!
1"
b10011010 6
#28060
0!
0"
1:
01
04
13
00
0/
0.
1+
1)
#28065
1!
1"
#28070
0!
0"
1:
02
1/
1-
1,
0)
1(
#28075
1!
1"
#28080
0!
0"
1:
0$
11
14
0/
0-
1)
1'
1&
#28085
1!
1"
b11100 6
#28090
0!
0"
1:
05
1-
0,
0)
1%
#28095
1!
1"
b11100101 6
#28100
0!
0"
1:
1$
1.
0-
0+
1)
0'
01
#28105
1!
1"
#28110
0!
0"
1:
11
04
10
1/
1,
1*
0)
0(
1'
0%
#28115
1!
1"
b110100 6
#28120
0!
0"
1:
03
12
1-
0,
1)
0'
1%
#28125
1!
1"
b10111100 6
#28130
0!
0"
1:
0$
14
13
02
0/
0-
0*
1(
1'
#28135
1!
1"
b1010111 6
#28140
0!
0"
1:
1$
01
15
03
0.
1-
1,
1+
1*
0)
0'
0&
0%
#28145
1!
1"
#28150
0!
0"
1:
11
05
04
00
1.
0+
0*
1'
1&
1%
#28155
1!
1"
b10100000 6
#28160
0!
0"
1:
0$
14
12
10
0.
1)
0(
0&
0%
#28165
1!
1"
b111110 6
#28170
0!
0"
1:
02
1/
1+
1(
0'
1&
1%
#28175
1!
1"
b10110011 6
#28180
0!
0"
1:
01
12
00
0/
1.
0-
0+
1*
0(
1'
0&
#28185
1!
1"
#28190
0!
0"
1:
1$
04
02
10
0,
1+
0)
1(
0'
#28195
1!
1"
#28200
0!
0"
1:
0$
14
13
00
1/
0.
0+
0*
1)
0(
1&
#28205
1!
1"
#28210
0!
0"
1:
11
04
03
0/
1+
1'
#28215
1!
1"
b10100000 6
#28220
0!
0"
1:
15
14
12
1/
1.
0)
0'
#28225
1!
1"
b10011010 6
#28230
0!
0"
1:
1$
01
05
04
13
1-
0+
1*
1(
1'
0%
#28235
1!
1"
#28240
0!
0"
1:
15
14
03
02
0-
1,
1+
0'
0&
1%
#28245
1!
1"
#28250
0!
0"
1:
0$
0/
1-
0+
0(
1'
0%
11
#28255
1!
1"
b11011100 6
#28260
0!
0"
1:
1$
13
12
10
0-
1+
1)
1(
1&
1%
#28265
1!
1"
b11100 6
#28270
0!
0"
1:
0$
01
05
04
03
02
00
1/
0,
0+
#28275
1!
1"
#28280
0!
0"
1:
11
15
0/
1,
1+
0(
0&
0%
#28285
1!
1"
b1111001 6
#28290
0!
0"
1:
05
14
12
1/
0.
0*
1&
1%
#28295
1!
1"
b111110 6
#28300
0!
0"
1:
1$
10
1-
0,
0+
1*
0'
0&
01
#28305
1!
1"
#28310
0!
0"
1:
0$
11
15
04
13
02
1+
1(
1&
#28315
1!
1"
b11010111 6
#28320
0!
0"
1:
12
00
1.
1,
0+
0*
1'
0&
0%
#28325
1!
1"
b10000100 6
#28330
0!
0"
1:
01
14
03
02
0/
0-
0,
0)
0'
#28335
1!
1"
#28340
0!
0"
1:
1$
04
13
12
1,
1*
1)
1%
#28345
1!
1"
#28350
0!
0"
1:
05
02
0.
1-
0,
0*
0)
0(
1'
1&
0%
#28355
1!
1"
#28360
0!
0"
1:
0$
11
15
03
0-
1*
1)
#28365
1!
1"
b1111001 6
#28370
0!
0"
1:
01
14
13
12
1/
1.
1,
1+
0)
1(
0&
1%
#28375
1!
1"
#28380
0!
0"
1:
05
02
10
0.
0,
0*
1)
1&
#28385
1!
1"
#28390
0!
0"
1:
1$
15
03
12
0/
1*
0)
0(
0'
0&
0%
#28395
1!
1"
#28400
0!
0"
1:
00
1/
1-
1,
1)
1(
#28405
1!
1"
#28410
0!
0"
1:
0$
13
10
1.
0-
0,
0+
1'
1&
1%
#28415
1!
1"
#28420
0!
0"
1:
05
04
03
02
1-
1,
0*
0)
0(
0&
#28425
1!
1"
#28430
0!
0"
1:
14
13
12
0/
0.
0-
1+
0'
1&
#28435
1!
1"
#28440
0!
0"
1:
1$
00
11
#28445
1!
1"
b110011 6
#28450
0!
0"
1:
0$
04
1/
1.
0,
1*
1)
1(
0%
#28455
1!
1"
b110000 6
#28460
0!
0"
1:
1$
15
03
02
10
0.
1,
0*
0)
1'
0&
#28465
1!
1"
b11111010 6
#28470
0!
0"
1:
0$
01
13
12
0/
1-
0,
0+
1*
0(
1&
#28475
1!
1"
#28480
0!
0"
1:
11
14
03
00
0-
0*
1)
#28485
1!
1"
b10011010 6
#28490
0!
0"
1:
05
04
13
02
10
1/
1.
0'
0&
#28495
1!
1"
b110100 6
#28500
0!
0"
1:
12
00
0/
1*
0)
1(
1'
#28505
1!
1"
b110000 6
#28510
0!
0"
1:
15
14
03
1/
1-
0*
0(
1&
1%
#28515
1!
1"
b10011010 6
#28520
0!
0"
1:
1$
05
04
10
0.
1)
1(
0'
#28525
1!
1"
b11001011 6
#28530
0!
0"
1:
01
02
00
1.
1*
0)
0&
#28535
1!
1"
#28540
0!
0"
1:
0.
0-
0%
#28545
1!
1"
#28550
0!
0"
1:
15
14
13
10
1.
1-
1+
0*
1)
0(
#28555
1!
1"
#28560
0!
0"
1:
04
03
12
00
0-
1,
0+
1*
1(
1'
#28565
1!
1"
#28570
0!
0"
1:
11
13
0/
1-
1+
0)
0'
1&
#28575
1!
1"
b10001011 6
#28580
0!
0"
1:
05
14
03
10
1/
0,
0+
0*
1)
0&
1%
#28585
1!
1"
b111110 6
#28590
0!
0"
1:
01
15
02
0/
0(
1&
0%
#28595
1!
1"
#28600
0!
0"
1:
05
04
12
1/
0.
1+
1'
0&
1%
#28605
1!
1"
#28610
0!
0"
1:
0$
11
14
02
1,
1*
1&
#28615
1!
1"
b10110011 6
#28620
0!
0"
1:
13
0/
1.
0,
0*
1(
0'
0&
#28625
1!
1"
b1000 6
#28630
0!
0"
1:
1$
01
04
03
00
1/
0.
1*
0)
#28635
1!
1"
#28640
0!
0"
1:
15
1.
0-
1,
0*
1)
#28645
1!
1"
#28650
0!
0"
1:
05
14
12
10
0/
0.
1*
0)
0(
1'
0%
#28655
1!
1"
#28660
0!
0"
1:
11
15
04
13
02
00
1.
0,
0+
0*
1(
0'
1&
#28665
1!
1"
b1111100 6
#28670
0!
0"
1:
0$
01
05
14
03
1-
1'
#28675
1!
1"
#28680
0!
0"
1:
1$
11
04
0.
0-
1)
#28685
1!
1"
b10101111 6
#28690
0!
0"
1:
01
15
13
10
1,
1*
0)
0(
#28695
1!
1"
#28700
0!
0"
1:
00
1/
1.
1)
0'
0&
1%
11
#28705
1!
1"
b100 6
#28710
0!
0"
1:
0$
01
05
14
03
12
10
0.
1-
0,
0*
0)
1(
1'
1&
0%
#28715
1!
1"
#28720
0!
0"
1:
15
04
02
0-
1,
1*
0(
0&
#28725
1!
1"
#28730
0!
0"
1:
1$
13
12
00
0/
1-
1+
1(
0'
1&
1%
#28735
1!
1"
#28740
0!
0"
1:
05
14
02
10
0-
0,
1)
0(
0&
#28745
1!
1"
#28750
0!
0"
1:
0$
04
03
1.
1-
0+
0)
1(
1'
1&
0%
#28755
1!
1"
#28760
0!
0"
1:
1$
1/
0.
0-
0*
0&
1%
11
#28765
1!
1"
b10101111 6
#28770
0!
0"
1:
0$
01
15
14
13
0/
1.
1-
1)
0(
1&
0%
#28775
1!
1"
#28780
0!
0"
1:
05
00
1/
0.
0-
1*
0)
1(
#28785
1!
1"
#28790
0!
0"
1:
1$
15
12
10
0/
1,
1+
0*
1)
0(
0'
0&
1%
#28795
1!
1"
#28800
0!
0"
1:
0$
11
05
02
00
1/
1.
1-
0,
1*
1(
1'
0%
#28805
1!
1"
b1010001 6
#28810
0!
0"
1:
1$
04
03
0/
0.
0-
0+
0*
0)
0(
0'
1&
#28815
1!
1"
b10101111 6
#28820
0!
0"
1:
0$
01
15
10
1-
1+
1*
1'
0&
1%
#28825
1!
1"
#28830
0!
0"
1:
11
14
1/
0-
0*
1(
#28835
1!
1"
b11010110 6
#28840
0!
0"
1:
1$
12
00
0/
1,
1*
0%
#28845
1!
1"
b11 6
#28850
0!
0"
1:
10
1-
0+
0*
0'
1%
01
#28855
1!
1"
#28860
0!
0"
1:
0$
1+
1*
0%
11
#28865
1!
1"
#28870
0!
0"
1:
01
05
13
02
00
1/
1.
0-
0,
1&
1%
#28875
1!
1"
#28880
0!
0"
1:
1$
04
10
0/
1-
1,
0+
0*
0(
0&
#28885
1!
1"
#28890
0!
0"
1:
11
14
03
12
0.
1+
1(
1&
#28895
1!
1"
b10101011 6
#28900
0!
0"
1:
0$
0-
1)
#28905
1!
1"
#28910
0!
0"
1:
1$
01
15
04
00
1-
0,
1'
0&
#28915
1!
1"
#28920
0!
0"
1:
05
14
13
02
10
1.
0-
1,
1&
0%
#28925
1!
1"
#28930
0!
0"
1:
0$
15
04
1*
0'
0&
1%
#28935
1!
1"
#28940
0!
0"
1:
1$
05
14
00
0.
1-
0*
0)
0(
1'
0%
#28945
1!
1"
#28950
0!
0"
1:
0$
11
15
12
10
0,
1*
1)
0'
#28955
1!
1"
b11110101 6
#28960
0!
0"
1:
1$
00
1.
1,
0+
0*
0)
1'
1&
#28965
1!
1"
#28970
0!
0"
1:
0$
04
1/
0.
0-
0,
1+
1)
1(
0'
1%
#28975
1!
1"
b111001 6
#28980
0!
0"
1:
05
14
03
02
1.
1,
1'
0&
#28985
1!
1"
b111000 6
#28990
0!
0"
1:
12
0/
1*
0)
0(
0'
0%
#28995
1!
1"
b10101011 6
#29000
0!
0"
1:
1$
01
13
02
10
0.
1-
0+
1)
1(
1'
1%
#29005
1!
1"
#29010
0!
0"
1:
03
12
0,
0*
0)
0(
0%
#29015
1!
1"
#29020
0!
0"
1:
11
13
02
1/
0-
1+
1*
1)
1(
0'
1%
#29025
1!
1"
b11100 6
#29030
0!
0"
1:
01
04
03
12
00
1'
1&
0%
#29035
1!
1"
#29040
0!
0"
1:
0$
11
14
10
1.
1-
0*
0'
1%
#29045
1!
1"
b10101011 6
#29050
0!
0"
1:
15
02
0/
1,
0(
0&
#29055
1!
1"
b1110000 6
#29060
0!
0"
1:
1$
01
05
13
0.
0,
1*
0)
1(
1&
0%
#29065
1!
1"
#29070
0!
0"
1:
0$
04
03
12
00
1/
0-
0+
1)
0(
1'
1%
#29075
1!
1"
#29080
0!
0"
1:
15
10
0/
1,
0*
0'
0&
#29085
1!
1"
#29090
0!
0"
1:
1$
11
05
14
02
00
1/
1.
0,
1*
1'
1&
#29095
1!
1"
b1001 6
#29100
0!
0"
1:
01
13
12
1-
1,
0)
0&
0%
#29105
1!
1"
#29110
0!
0"
1:
0$
11
04
03
10
0.
1+
1&
#29115
1!
1"
b11101 6
#29120
0!
0"
1:
1$
01
02
00
0/
1.
0,
1)
1%
#29125
1!
1"
#29130
0!
0"
1:
15
10
1,
0+
0*
0'
#29135
1!
1"
#29140
0!
0"
1:
14
00
0.
0-
0,
1+
1(
1'
0&
#29145
1!
1"
#29150
0!
0"
1:
0$
13
12
1/
1.
1-
0+
0(
0'
1&
0%
#29155
1!
1"
#29160
0!
0"
1:
1$
11
04
10
0/
0.
0)
1%
#29165
1!
1"
b111001 6
#29170
0!
0"
1:
0$
01
14
03
1/
1,
0&
0%
#29175
1!
1"
#29180
0!
0"
1:
05
13
1*
1)
1(
1'
1%
#29185
1!
1"
#29190
0!
0"
1:
11
04
02
0/
1.
0*
0(
#29195
1!
1"
b0 6
#29200
0!
0"
1:
01
03
12
00
1/
0,
1+
1*
0)
1&
0%
#29205
1!
1"
#29210
0!
0"
1:
1$
11
14
13
0/
0.
1,
0*
1%
#29215
1!
1"
b11101100 6
#29220
0!
0"
1:
0$
01
15
03
0-
0,
0+
1)
1(
0%
#29225
1!
1"
#29230
0!
0"
1:
11
04
1*
0)
0(
0&
1%
#29235
1!
1"
b11100011 6
#29240
0!
0"
1:
1$
13
02
10
1/
1-
1+
1)
#29245
1!
1"
b1101001 6
#29250
0!
0"
1:
01
14
03
12
00
0/
1.
0-
0+
0*
0)
1(
0'
1&
#29255
1!
1"
#29260
0!
0"
1:
04
13
0.
1-
1,
1+
1*
1)
1'
0&
#29265
1!
1"
#29270
0!
0"
1:
14
03
1.
0-
0*
0'
#29275
1!
1"
#29280
0!
0"
1:
0$
05
04
02
10
1/
0.
1-
0,
0+
1*
#29285
1!
1"
#29290
0!
0"
1:
15
14
12
0-
1,
0*
0)
0%
#29295
1!
1"
#29300
0!
0"
1:
0/
1-
1+
1'
1&
1%
#29305
1!
1"
#29310
0!
0"
1:
1$
11
05
04
1/
1.
0-
0+
1)
0(
0&
0%
#29315
1!
1"
b11101 6
#29320
0!
0"
1:
01
15
02
00
0/
0.
1-
0,
1*
0)
#29325
1!
1"
#29330
0!
0"
1:
05
13
10
1/
0-
1,
1+
0*
1&
1%
#29335
1!
1"
#29340
0!
0"
1:
15
14
0/
1)
0'
0&
0%
#29345
1!
1"
#29350
0!
0"
1:
0$
03
00
1-
0+
0)
1%
#29355
1!
1"
#29360
0!
0"
1:
1$
04
1/
1.
0,
1)
0%
#29365
1!
1"
#29370
0!
0"
1:
05
13
10
0.
1,
1+
1*
1'
1%
#29375
1!
1"
#29380
0!
0"
1:
0$
03
12
00
1.
0*
0)
1(
0%
#29385
1!
1"
#29390
0!
0"
1:
1$
14
13
0-
0,
0+
1*
1&
#29395
1!
1"
#29400
0!
0"
1:
0$
15
04
02
0/
0*
0&
1%
#29405
1!
1"
#29410
0!
0"
1:
11
03
10
0.
1*
0'
0%
#29415
1!
1"
b1000010 6
#29420
0!
0"
1:
01
05
12
1.
1-
0*
1&
#29425
1!
1"
#29430
0!
0"
1:
1$
15
14
13
00
0(
1'
0&
#29435
1!
1"
#29440
0!
0"
1:
05
03
10
0.
1,
1+
1)
0'
1&
1%
#29445
1!
1"
#29450
0!
0"
1:
0$
11
15
00
1/
0,
0+
0)
1(
1'
#29455
1!
1"
b11111000 6
#29460
0!
0"
1:
1$
01
05
04
10
1.
1+
1*
0(
0'
0&
0%
#29465
1!
1"
#29470
0!
0"
1:
0$
15
14
13
02
00
0.
1,
0+
1)
#29475
1!
1"
#29480
0!
0"
1:
04
03
10
0,
1+
0)
1'
1%
#29485
1!
1"
#29490
0!
0"
1:
05
14
13
12
00
0/
1.
1,
0+
0*
0'
0%
#29495
1!
1"
#29500
0!
0"
1:
1$
11
15
04
02
10
1/
0.
0,
1*
1)
1'
1&
#29505
1!
1"
b1101001 6
#29510
0!
0"
1:
0$
05
14
12
0/
1.
0-
1+
0*
0'
0&
#29515
1!
1"
b110011 6
#29520
0!
0"
1:
1$
03
02
1/
0.
1-
1,
1*
0)
1(
1%
#29525
1!
1"
b1100 6
#29530
0!
0"
1:
0$
04
13
1.
0,
1)
0%
#29535
1!
1"
b0 6
#29540
0!
0"
1:
1$
00
0.
0-
0+
0*
0(
#29545
1!
1"
#29550
0!
0"
1:
0$
15
03
12
0/
1.
1,
1+
1*
0)
1(
1'
1&
#29555
1!
1"
b1111011 6
#29560
0!
0"
1:
05
1/
0.
0,
0+
0(
1%
#29565
1!
1"
b11101 6
#29570
0!
0"
1:
01
15
14
13
02
1.
1+
1)
0'
#29575
1!
1"
#29580
0!
0"
1:
04
12
1-
1,
0+
0*
0)
1'
0&
#29585
1!
1"
#29590
0!
0"
1:
1$
11
05
03
02
0/
0-
0,
1*
1(
#29595
1!
1"
b10000010 6
#29600
0!
0"
1:
14
13
12
1/
0.
0*
1)
0(
1&
#29605
1!
1"
b110011 6
#29610
0!
0"
1:
0$
03
0/
0)
#29615
1!
1"
b11111011 6
#29620
0!
0"
1:
13
02
10
1.
1-
1+
1*
0'
#29625
1!
1"
b11001011 6
#29630
0!
0"
1:
1$
01
15
04
12
0-
1,
0+
1)
1(
#29635
1!
1"
#29640
0!
0"
1:
0$
05
14
03
02
0.
0,
1+
0)
1'
#29645
1!
1"
#29650
0!
0"
1:
1$
04
12
00
1,
0*
1)
0(
0'
0%
#29655
1!
1"
#29660
0!
0"
1:
0$
15
02
10
1/
0+
1'
0&
1%
#29665
1!
1"
#29670
0!
0"
1:
11
12
1.
1-
1+
1*
0)
0'
1&
#29675
1!
1"
b1111011 6
#29680
0!
0"
1:
1$
01
05
14
13
00
0.
0-
0*
1(
0&
0%
#29685
1!
1"
#29690
0!
0"
1:
15
03
0+
1&
#29695
1!
1"
#29700
0!
0"
1:
0$
11
05
02
0/
1-
0,
1+
1%
#29705
1!
1"
b1100 6
#29710
0!
0"
1:
1$
13
12
10
1.
0-
0+
1)
0(
0&
0%
#29715
1!
1"
b10000010 6
#29720
0!
0"
1:
0$
01
15
00
1/
0.
1+
1*
1(
1&
1%
#29725
1!
1"
#29730
0!
0"
1:
04
03
02
0/
1-
1,
0+
0(
1'
#29735
1!
1"
#29740
0!
0"
1:
1$
14
13
10
1/
1.
0-
0*
1(
0'
0&
0%
#29745
1!
1"
#29750
0!
0"
1:
0$
11
04
03
1-
1+
0)
1'
1%
#29755
1!
1"
b10010111 6
#29760
0!
0"
1:
1$
05
14
0-
0,
0+
1)
1&
0%
#29765
1!
1"
b1100 6
#29770
0!
0"
1:
0$
15
0'
0&
1%
#29775
1!
1"
b1110000 6
#29780
0!
0"
1:
1$
01
05
13
00
0.
1&
0%
#29785
1!
1"
#29790
0!
0"
1:
0$
04
12
10
1*
0(
0&
#29795
1!
1"
#29800
0!
0"
1:
11
15
00
1.
1,
0*
#29805
1!
1"
b11010101 6
#29810
0!
0"
1:
1$
14
03
10
0.
0,
1+
1(
#29815
1!
1"
b1000100 6
#29820
0!
0"
1:
0$
05
04
13
1-
1*
0)
0(
1'
1&
1%
#29825
1!
1"
b10111001 6
#29830
0!
0"
1:
1$
15
02
00
0/
1.
1,
0+
1)
0'
0%
#29835
1!
1"
b10000010 6
#29840
0!
0"
1:
0$
01
05
10
0.
0,
1+
0&
1%
#29845
1!
1"
#29850
0!
0"
1:
1$
14
00
1/
1.
0-
1,
0*
0)
1(
1&
0%
#29855
1!
1"
#29860
0!
0"
1:
11
04
03
12
10
0/
0.
1-
0+
1*
1'
#29865
1!
1"
b11101 6
#29870
0!
0"
1:
0$
15
13
0-
1+
0'
1%
#29875
1!
1"
b11010101 6
#29880
0!
0"
1:
02
00
1/
1.
0*
0(
0%
#29885
1!
1"
b110110 6
#29890
0!
0"
1:
01
14
03
0.
0,
0+
1*
1(
1'
1%
#29895
1!
1"
#29900
0!
0"
1:
1$
11
05
13
12
0/
1-
1)
0(
0'
#29905
1!
1"
b10000010 6
#29910
0!
0"
1:
0$
04
03
10
1/
1.
0-
1+
0)
0&
#29915
1!
1"
b11101 6
#29920
0!
0"
1:
1$
01
14
1,
0*
1(
1&
0%
#29925
1!
1"
#29930
0!
0"
1:
0$
15
04
13
00
0/
1-
0+
1)
0(
1%
#29935
1!
1"
#29940
0!
0"
1:
11
05
02
1/
0-
0,
1*
1(
#29945
1!
1"
b11011100 6
#29950
0!
0"
1:
1$
10
0/
0.
1,
0)
0(
0%
#29955
1!
1"
#29960
0!
0"
1:
01
15
1/
1.
1+
0*
1(
1%
#29965
1!
1"
#29970
0!
0"
1:
05
14
03
12
0.
0+
1*
1'
0%
#29975
1!
1"
#29980
0!
0"
1:
0$
11
15
04
13
0/
1.
1+
1)
1%
#29985
1!
1"
b110111 6
#29990
0!
0"
1:
1$
05
14
00
0*
0&
#29995
1!
1"
b10000010 6
#30000
0!
0"
1:
0$
04
03
0,
0+
1*
0)
#30005
1!
1"
b11101 6
#30010
0!
0"
1:
13
1/
1-
1,
1+
0*
1)
0'
1&
0%
#30015
1!
1"
b11001000 6
#30020
0!
0"
1:
14
10
0+
0&
1%
#30025
1!
1"
b10000010 6
#30030
0!
0"
1:
15
02
00
0/
0,
1+
0(
1'
1&
0%
#30035
1!
1"
b1010011 6
#30040
0!
0"
1:
03
10
1/
1,
1(
0'
0&
#30045
1!
1"
b1110000 6
#30050
0!
0"
1:
05
13
00
0/
0.
0-
1*
1'
1&
#30055
1!
1"
b11001011 6
#30060
0!
0"
1:
1$
01
15
04
03
12
10
1.
0,
0)
0(
0'
#30065
1!
1"
#30070
0!
0"
1:
0$
11
02
00
0.
1-
1,
0+
0*
1)
1(
#30075
1!
1"
b10100011 6
#30080
0!
0"
1:
05
13
10
1/
1.
0-
0,
1+
0)
1'
0&
#30085
1!
1"
b1100101 6
#30090
0!
0"
1:
14
12
00
0.
1-
1,
0+
1)
0(
0'
1&
#30095
1!
1"
b10000010 6
#30100
0!
0"
1:
01
15
03
02
0,
1+
1(
0&
1%
#30105
1!
1"
#30110
0!
0"
1:
1$
11
04
12
10
1.
0-
1,
0+
1*
0)
1'
0%
#30115
1!
1"
b1111011 6
#30120
0!
0"
1:
0$
14
13
00
0/
0.
0,
0*
0(
0'
1&
1%
#30125
1!
1"
b11110101 6
#30130
0!
0"
1:
01
04
03
1,
1*
1)
1'
#30135
1!
1"
#30140
0!
0"
1:
1$
11
05
14
1/
1.
0,
0*
1(
#30145
1!
1"
b11111011 6
#30150
0!
0"
1:
01
15
04
0/
1,
1+
0(
0'
#30155
1!
1"
#30160
0!
0"
1:
02
1/
1-
0,
1*
1(
0&
#30165
1!
1"
#30170
0!
0"
1:
0$
05
13
12
10
0/
0-
0)
1'
#30175
1!
1"
#30180
0!
0"
1:
1$
1/
0.
1-
0+
0*
0(
0'
1&
0%
11
#30185
1!
1"
b10110100 6
#30190
0!
0"
1:
0$
15
14
02
0/
1*
1)
0&
1%
#30195
1!
1"
b1010011 6
#30200
0!
0"
1:
1$
01
05
04
03
12
1/
1.
0*
1(
1&
0%
#30205
1!
1"
#30210
0!
0"
1:
11
15
14
00
0/
0.
0-
1+
1*
0(
0&
1%
#30215
1!
1"
b10110100 6
#30220
0!
0"
1:
0$
01
05
04
1,
0*
0)
1'
0%
#30225
1!
1"
#30230
0!
0"
1:
1$
11
15
13
10
1.
1-
0+
1(
#30235
1!
1"
b110111 6
#30240
0!
0"
1:
0$
14
02
0.
0,
1)
0'
1&
#30245
1!
1"
b1010011 6
#30250
0!
0"
1:
03
12
1/
1+
0)
1'
0&
1%
#30255
1!
1"
b10110100 6
#30260
0!
0"
1:
1$
01
13
02
00
0/
0+
1)
0(
#30265
1!
1"
#30270
0!
0"
1:
0$
11
05
04
03
1/
1.
0-
1,
1+
0'
1&
#30275
1!
1"
b10000101 6
#30280
0!
0"
1:
1$
01
15
14
13
12
0/
0,
0+
1*
#30285
1!
1"
#30290
0!
0"
1:
11
05
04
03
02
10
0*
1'
0%
#30295
1!
1"
#30300
0!
0"
1:
0$
01
12
1/
0.
1-
1+
0'
0&
#30305
1!
1"
#30310
0!
0"
1:
1$
14
13
02
0-
1*
0)
1(
1&
#30315
1!
1"
#30320
0!
0"
1:
0$
15
04
03
00
0/
1.
1-
1,
0+
0*
1)
0(
1'
1%
#30325
1!
1"
#30330
0!
0"
1:
11
05
13
12
10
0.
1+
1*
0)
1(
0&
#30335
1!
1"
b11000100 6
#30340
0!
0"
1:
01
14
00
0-
0*
0(
#30345
1!
1"
#30350
0!
0"
1:
11
15
04
03
1.
1)
1(
0%
#30355
1!
1"
b11101110 6
#30360
0!
0"
1:
1$
13
10
0.
0,
1*
1&
1%
#30365
1!
1"
b110111 6
#30370
0!
0"
1:
14
03
02
1.
1-
1,
0+
0(
0'
0&
#30375
1!
1"
b11101 6
#30380
0!
0"
1:
0$
01
04
12
0.
0,
1'
1&
0%
#30385
1!
1"
#30390
0!
0"
1:
11
13
00
1/
1.
1,
0*
0'
0&
#30395
1!
1"
b110111 6
#30400
0!
0"
1:
05
14
0/
0.
0,
1'
#30405
1!
1"
b10000010 6
#30410
0!
0"
1:
15
04
03
02
1,
1*
0)
1(
#30415
1!
1"
b10100011 6
#30420
0!
0"
1:
1$
1/
1)
0'
1&
1%
01
#30425
1!
1"
#30430
0!
0"
1:
11
05
13
10
0,
0(
1'
0&
#30435
1!
1"
b1011 6
#30440
0!
0"
1:
01
15
14
03
12
00
0/
1.
0-
1+
1(
0'
0%
#30445
1!
1"
#30450
0!
0"
1:
11
05
10
1-
1,
0)
0(
1'
1&
#30455
1!
1"
b11001011 6
#30460
0!
0"
1:
0$
01
15
13
1/
0.
0,
0*
1)
1(
0'
0&
#30465
1!
1"
#30470
0!
0"
1:
1$
05
04
02
0/
1.
0-
1,
0+
1*
0(
1&
1%
#30475
1!
1"
#30480
0!
0"
1:
0$
11
03
12
0.
0)
1(
0&
0%
#30485
1!
1"
b11011101 6
#30490
0!
0"
1:
14
13
1/
1-
0,
1+
0*
1)
1%
#30495
1!
1"
b10000010 6
#30500
0!
0"
1:
15
02
00
0/
1*
0)
0(
1'
#30505
1!
1"
b1010011 6
#30510
0!
0"
1:
1$
01
05
04
12
10
1,
0*
1)
0%
#30515
1!
1"
#30520
0!
0"
1:
00
1.
0-
0+
1(
1%
11
#30525
1!
1"
b11010101 6
#30530
0!
0"
1:
0$
01
14
10
0.
1-
0,
1+
1*
0%
#30535
1!
1"
#30540
0!
0"
1:
1$
1/
1,
0(
0'
11
#30545
1!
1"
b10000010 6
#30550
0!
0"
1:
0$
03
0,
0*
0)
1'
1%
#30555
1!
1"
b11001011 6
#30560
0!
0"
1:
1$
0/
0-
1*
1)
0'
1&
0%
01
#30565
1!
1"
#30570
0!
0"
1:
13
1.
1-
1,
0+
1'
0&
1%
#30575
1!
1"
#30580
0!
0"
1:
04
03
02
00
0.
0-
0*
1(
1&
#30585
1!
1"
#30590
0!
0"
1:
0$
15
14
12
1/
0,
0)
0(
0'
0&
0%
#30595
1!
1"
#30600
0!
0"
1:
11
04
10
1-
1,
1)
1'
#30605
1!
1"
b11101110 6
#30610
0!
0"
1:
05
13
02
0/
0-
0,
1*
0'
1%
#30615
1!
1"
b11100001 6
#30620
0!
0"
1:
15
14
00
1/
1.
1-
1,
1+
1&
0%
#30625
1!
1"
b1010011 6
#30630
0!
0"
1:
05
10
0.
0-
1(
1'
1%
#30635
1!
1"
b1111101 6
#30640
0!
0"
1:
00
0,
0+
0*
0)
0(
0%
#30645
1!
1"
#30650
0!
0"
1:
1$
01
04
03
12
10
1.
1-
1,
1+
1*
1)
1(
0'
#30655
1!
1"
#30660
0!
0"
1:
0$
14
13
02
0/
0.
0-
0+
0)
0(
1'
0&
1%
#30665
1!
1"
#30670
0!
0"
1:
15
03
1/
1.
1)
#30675
1!
1"
#30680
0!
0"
1:
11
05
12
00
0/
0*
0'
#30685
1!
1"
b11011101 6
#30690
0!
0"
1:
1$
01
04
13
1+
1*
1'
1&
#30695
1!
1"
#30700
0!
0"
1:
10
0.
1-
0,
0+
0*
0)
1(
0'
0&
0%
#30705
1!
1"
#30710
0!
0"
1:
15
14
02
00
1/
1,
1+
1*
1)
1'
1&
1%
#30715
1!
1"
#30720
0!
0"
1:
0$
11
04
1.
0-
0+
0)
0(
0'
0&
0%
#30725
1!
1"
b11111111 6
#30730
0!
0"
1:
01
14
0.
1+
1)
1&
#30735
1!
1"
#30740
0!
0"
1:
05
04
03
0/
1-
0)
1%
#30745
1!
1"
#30750
0!
0"
1:
1$
0-
0,
0*
1)
1'
0&
#30755
1!
1"
#30760
0!
0"
1:
0$
15
13
10
1*
1(
0'
#30765
1!
1"
#30770
0!
0"
1:
1$
14
03
1/
1-
0*
0)
0(
1&
0%
#30775
1!
1"
#30780
0!
0"
1:
0$
05
12
0/
0-
1*
1%
#30785
1!
1"
#30790
0!
0"
1:
11
15
04
13
00
1-
1,
0*
1(
0&
#30795
1!
1"
b11011010 6
#30800
0!
0"
1:
01
14
10
0-
0,
1*
1)
0(
0%
#30805
1!
1"
#30810
0!
0"
1:
04
02
00
1.
1-
0)
1&
#30815
1!
1"
#30820
0!
0"
1:
1/
0-
0*
0&
1%
11
#30825
1!
1"
b11111111 6
#30830
0!
0"
1:
12
10
0/
1-
1,
0+
1'
1&
0%
#30835
1!
1"
b11011010 6
#30840
0!
0"
1:
1$
0.
0,
1+
1)
1(
0&
#30845
1!
1"
#30850
0!
0"
1:
0$
05
03
00
1.
1,
1*
0(
1%
#30855
1!
1"
b11011101 6
#30860
0!
0"
1:
14
13
10
0*
#30865
1!
1"
b11110100 6
#30870
0!
0"
1:
1$
01
15
04
00
0-
0,
0+
0'
1&
0%
#30875
1!
1"
#30880
0!
0"
1:
0$
03
10
1/
1-
1,
1(
#30885
1!
1"
#30890
0!
0"
1:
1$
11
14
00
0/
0,
1+
1*
0)
1'
1%
#30895
1!
1"
b10010100 6
#30900
0!
0"
1:
0$
01
04
13
02
1/
0.
0*
1)
0%
#30905
1!
1"
#30910
0!
0"
1:
1$
14
12
0/
1.
0-
0+
1*
0(
0'
0&
#30915
1!
1"
#30920
0!
0"
1:
05
03
02
1-
0)
1(
#30925
1!
1"
#30930
0!
0"
1:
04
13
10
0.
1,
1&
#30935
1!
1"
#30940
0!
0"
1:
15
1/
0,
0(
1'
0&
1%
#30945
1!
1"
#30950
0!
0"
1:
0$
11
14
03
12
0/
1.
0-
1)
#30955
1!
1"
#30960
0!
0"
1:
1$
01
05
13
02
1/
0.
1,
1+
#30965
1!
1"
#30970
0!
0"
1:
0$
11
15
03
12
00
0/
0'
1&
0%
#30975
1!
1"
#30980
0!
0"
1:
1.
0)
1(
#30985
1!
1"
#30990
0!
0"
1:
05
13
10
0*
1)
0(
0&
1%
#30995
1!
1"
b11110100 6
#31000
0!
0"
1:
01
15
04
02
0.
0,
0+
0)
1'
1&
#31005
1!
1"
#31010
0!
0"
1:
11
05
00
1/
1.
1-
1,
1*
1)
0'
0%
#31015
1!
1"
b10000100 6
#31020
0!
0"
1:
1$
01
14
12
10
1+
0*
0)
1'
#31025
1!
1"
#31030
0!
0"
1:
15
02
00
0/
0-
0+
1*
1)
1(
0&
1%
#31035
1!
1"
#31040
0!
0"
1:
11
05
04
10
0.
1-
1+
0*
0'
1&
0%
#31045
1!
1"
#31050
0!
0"
1:
01
15
03
00
1/
0)
1'
0&
#31055
1!
1"
#31060
0!
0"
1:
0$
11
05
14
13
10
0+
1*
0(
1&
1%
#31065
1!
1"
b111111 6
#31070
0!
0"
1:
1$
04
00
1.
1)
1(
0'
0%
#31075
1!
1"
b10000100 6
#31080
0!
0"
1:
15
12
0.
0,
0*
0)
0(
1'
1%
#31085
1!
1"
b11011010 6
#31090
0!
0"
1:
0$
0/
1.
1,
1*
1)
1(
0'
#31095
1!
1"
#31100
0!
0"
1:
1$
01
05
14
03
02
10
1/
0.
0-
1+
0&
0%
#31105
1!
1"
#31110
0!
0"
1:
11
15
13
12
00
1-
0,
0+
0*
0)
1%
#31115
1!
1"
b1101100 6
#31120
0!
0"
1:
0$
05
0/
1.
1,
1'
0%
#31125
1!
1"
b1010 6
#31130
0!
0"
1:
01
04
02
0.
0,
1+
1)
1%
#31135
1!
1"
#31140
0!
0"
1:
1$
14
1/
0-
0+
1*
0)
0(
1&
#31145
1!
1"
#31150
0!
0"
1:
0$
11
03
12
10
0/
1.
1-
1,
1+
0*
1)
0%
#31155
1!
1"
b11110011 6
#31160
0!
0"
1:
01
04
00
1/
0-
1*
0)
1(
0'
0&
1%
#31165
1!
1"
#31170
0!
0"
1:
1$
13
10
0/
0.
1&
#31175
1!
1"
#31180
0!
0"
1:
0$
14
03
00
1.
1-
0,
0+
0*
0&
#31185
1!
1"
#31190
0!
0"
1:
04
0.
1+
1*
1'
1&
0%
#31195
1!
1"
#31200
0!
0"
1:
1$
11
14
13
02
0-
1,
1)
#31205
1!
1"
b111111 6
#31210
0!
0"
1:
15
04
12
1/
1-
0,
0*
0(
0'
0&
1%
#31215
1!
1"
b1110001 6
#31220
0!
0"
1:
01
05
0/
0+
0)
1'
0%
#31225
1!
1"
#31230
0!
0"
1:
0$
11
15
14
02
1/
0-
1,
0'
1&
1%
#31235
1!
1"
b11110000 6
#31240
0!
0"
1:
1$
01
05
03
0/
1.
1-
1'
0%
#31245
1!
1"
#31250
0!
0"
1:
11
15
04
13
0&
1%
#31255
1!
1"
b11011110 6
#31260
0!
0"
1:
05
14
03
12
10
0.
0,
1+
1*
0'
0%
#31265
1!
1"
b11100 6
#31270
0!
0"
1:
0$
01
04
1.
1,
1&
1%
#31275
1!
1"
#31280
0!
0"
1:
11
14
02
00
0.
0-
0+
#31285
1!
1"
b1000 6
#31290
0!
0"
1:
01
15
12
10
1-
0,
1+
0*
1(
1'
0&
#31295
1!
1"
#31300
0!
0"
1:
05
04
13
02
0+
1)
0(
1&
#31305
1!
1"
#31310
0!
0"
1:
1$
15
14
03
12
1*
1(
#31315
1!
1"
#31320
0!
0"
1:
05
04
02
00
0-
0'
0&
0%
#31325
1!
1"
#31330
0!
0"
1:
0$
11
12
1/
1+
1'
1%
#31335
1!
1"
b10101010 6
#31340
0!
0"
1:
01
15
13
02
0/
1.
1,
0(
0'
1&
0%
#31345
1!
1"
#31350
0!
0"
1:
11
14
12
1/
0+
0)
1(
1'
0&
1%
#31355
1!
1"
b11001001 6
#31360
0!
0"
1:
10
0/
0,
1+
0'
0%
01
#31365
1!
1"
#31370
0!
0"
1:
1$
05
04
02
00
1-
0+
0*
0(
1'
1&
#31375
1!
1"
#31380
0!
0"
1:
0$
15
12
10
0.
1+
1)
0&
1%
#31385
1!
1"
#31390
0!
0"
1:
1$
05
14
0-
1,
0'
#31395
1!
1"
#31400
0!
0"
1:
0$
11
15
00
1.
1-
1(
1'
0%
#31405
1!
1"
#31410
0!
0"
1:
02
0(
0'
#31415
1!
1"
b11110000 6
#31420
0!
0"
1:
1$
01
05
03
12
10
1/
0.
0,
0+
1'
1&
1%
#31425
1!
1"
#31430
0!
0"
1:
00
0/
1.
1*
1(
11
#31435
1!
1"
b11100 6
#31440
0!
0"
1:
0$
04
13
10
0.
0-
1+
0)
0(
#31445
1!
1"
b11010101 6
#31450
0!
0"
1:
1$
01
03
1.
1,
0+
1(
0%
#31455
1!
1"
#31460
0!
0"
1:
15
13
00
1/
0*
1)
0(
0&
#31465
1!
1"
#31470
0!
0"
1:
0$
11
14
10
0.
#31475
1!
1"
b11001100 6
#31480
0!
0"
1:
1$
05
1.
1+
1(
1%
#31485
1!
1"
b10001011 6
#31490
0!
0"
1:
0$
15
00
1-
0,
#31495
1!
1"
b11001100 6
#31500
0!
0"
1:
10
0-
0)
1&
01
#31505
1!
1"
#31510
0!
0"
1:
11
05
0/
1,
1)
0(
0%
#31515
1!
1"
b10001011 6
#31520
0!
0"
1:
15
04
03
02
1/
0.
1-
0,
1*
0'
0&
1%
#31525
1!
1"
b11000000 6
#31530
0!
0"
1:
1$
01
05
13
0/
1.
0-
1'
0%
#31535
1!
1"
#31540
0!
0"
1:
14
03
12
0.
1-
1,
0+
0*
1(
#31545
1!
1"
#31550
0!
0"
1:
13
02
1/
0,
0)
0'
1%
#31555
1!
1"
#31560
0!
0"
1:
15
03
1.
0-
0(
1&
#31565
1!
1"
#31570
0!
0"
1:
0$
0.
1-
1,
1+
1*
1(
0&
#31575
1!
1"
#31580
0!
0"
1:
1$
11
05
13
12
0/
0*
#31585
1!
1"
b10001011 6
#31590
0!
0"
1:
01
04
02
00
1/
1.
0-
0,
0(
1'
1&
#31595
1!
1"
#31600
0!
0"
1:
0$
12
10
0+
1*
1)
0%
#31605
1!
1"
#31610
0!
0"
1:
15
02
0/
1-
1,
1+
0*
1(
1%
#31615
1!
1"
#31620
0!
0"
1:
1$
05
14
00
0.
0-
1*
0'
0%
#31625
1!
1"
#31630
0!
0"
1:
0$
11
04
10
1-
0,
0+
0*
1'
1%
#31635
1!
1"
b10000100 6
#31640
0!
0"
1:
1$
15
03
12
00
1/
1+
#31645
1!
1"
b111001 6
#31650
0!
0"
1:
01
05
13
10
1.
1,
0+
1*
0)
0(
0'
0%
#31655
1!
1"
#31660
0!
0"
1:
11
14
03
00
0-
0,
1+
0*
1)
1'
0&
1%
#31665
1!
1"
b11100 6
#31670
0!
0"
1:
0$
01
15
10
0.
1,
1*
#31675
1!
1"
#31680
0!
0"
1:
1$
11
05
04
00
0/
1-
0)
1(
0'
1&
#31685
1!
1"
b10110001 6
#31690
0!
0"
1:
01
15
13
02
10
1.
0+
0(
0%
#31695
1!
1"
#31700
0!
0"
1:
11
05
03
1/
0.
0-
0,
0*
1'
0&
1%
#31705
1!
1"
b1101001 6
#31710
0!
0"
1:
0$
0/
1-
1,
1*
1)
1(
0'
0%
#31715
1!
1"
#31720
0!
0"
1:
13
12
0,
0)
0(
1'
1&
1%
#31725
1!
1"
b111 6
#31730
0!
0"
1:
01
15
14
03
02
00
1.
0-
1,
1+
1)
1(
0'
0&
0%
#31735
1!
1"
#31740
0!
0"
1:
1$
05
04
13
10
0.
1-
0,
0+
0)
0(
1&
#31745
1!
1"
#31750
0!
0"
1:
0$
1/
0-
1+
0*
1(
0&
11
#31755
1!
1"
b1001001 6
#31760
0!
0"
1:
1$
15
14
03
0/
0(
1'
#31765
1!
1"
b10011001 6
#31770
0!
0"
1:
04
12
00
1.
1-
1,
0+
1*
1)
0'
#31775
1!
1"
b111001 6
#31780
0!
0"
1:
05
02
1/
0.
0,
1+
0*
0)
1(
1'
1&
1%
#31785
1!
1"
b11011100 6
#31790
0!
0"
1:
0$
01
15
14
12
0/
1.
1*
1)
0(
0&
#31795
1!
1"
#31800
0!
0"
1:
1$
05
13
02
1/
0.
1,
0+
0)
1(
0'
1&
#31805
1!
1"
#31810
0!
0"
1:
15
10
0-
0,
0*
0(
1'
0&
#31815
1!
1"
#31820
0!
0"
1:
0$
11
05
03
0/
1-
1+
1*
1)
1(
0'
1&
0%
#31825
1!
1"
b100001 6
#31830
0!
0"
1:
13
12
1,
0+
0*
0)
0(
#31835
1!
1"
b100110 6
#31840
0!
0"
1:
1$
03
0,
1)
0&
1%
#31845
1!
1"
b11 6
#31850
0!
0"
1:
01
04
02
00
1*
1'
1&
0%
#31855
1!
1"
#31860
0!
0"
1:
0$
1/
1.
0-
1,
1+
1%
11
#31865
1!
1"
b11011100 6
#31870
0!
0"
1:
1$
01
14
12
10
0/
0*
1(
#31875
1!
1"
#31880
0!
0"
1:
0$
11
04
13
02
00
1/
0.
0,
0'
0%
#31885
1!
1"
b1001001 6
#31890
0!
0"
1:
1$
01
15
14
03
0/
1-
1,
0(
1'
0&
1%
#31895
1!
1"
#31900
0!
0"
1:
0$
11
05
04
13
1/
1.
1*
0)
0'
#31905
1!
1"
#31910
0!
0"
1:
1$
01
12
0/
0-
0*
1'
0%
#31915
1!
1"
#31920
0!
0"
1:
1/
0.
0,
1*
1)
1&
1%
11
#31925
1!
1"
b111 6
#31930
0!
0"
1:
01
15
02
1.
1-
0+
0)
0'
0%
#31935
1!
1"
#31940
0!
0"
1:
0$
11
05
14
03
12
10
0/
1)
0&
#31945
1!
1"
b10111000 6
#31950
0!
0"
1:
01
15
04
13
00
0-
1,
1+
0)
1'
1&
1%
#31955
1!
1"
#31960
0!
0"
1:
05
02
10
1/
0.
1-
0+
0&
0%
#31965
1!
1"
#31970
0!
0"
1:
1$
11
14
03
1.
0,
1+
0*
1)
1(
1&
1%
#31975
1!
1"
b110100 6
#31980
0!
0"
1:
01
15
12
00
0.
0+
1*
0'
#31985
1!
1"
#31990
0!
0"
1:
0$
11
05
10
1+
0)
0(
0%
#31995
1!
1"
b10111000 6
#32000
0!
0"
1:
01
15
13
02
00
1.
1,
0+
1'
1%
#32005
1!
1"
#32010
0!
0"
1:
11
04
03
12
10
0/
0-
0,
1+
1)
1(
0&
0%
#32015
1!
1"
b111001 6
#32020
0!
0"
1:
1$
14
13
00
1/
0.
1,
0+
0*
0)
0(
0'
1%
#32025
1!
1"
b10101111 6
#32030
0!
0"
1:
0$
01
05
04
03
02
10
0/
1.
1-
0,
1*
1)
0%
#32035
1!
1"
#32040
0!
0"
1:
11
15
13
00
1/
0.
0-
1+
0)
1(
1&
#32045
1!
1"
b11110000 6
#32050
0!
0"
1:
05
12
10
1.
1)
0(
0&
#32055
1!
1"
b111 6
#32060
0!
0"
1:
1$
01
14
03
00
0.
1-
0+
0)
1'
1&
1%
#32065
1!
1"
#32070
0!
0"
1:
0$
11
15
0/
1.
1)
1(
0%
#32075
1!
1"
b10110111 6
#32080
0!
0"
1:
1$
01
05
02
10
0-
1,
1+
0(
0'
0&
#32085
1!
1"
#32090
0!
0"
1:
04
12
00
0*
1(
1&
1%
#32095
1!
1"
#32100
0!
0"
1:
15
02
10
0.
0,
0+
0)
0(
0%
#32105
1!
1"
#32110
0!
0"
1:
11
05
13
1.
1+
1'
0&
#32115
1!
1"
b1 6
#32120
0!
0"
1:
0$
01
03
12
1/
0+
1(
1%
#32125
1!
1"
#32130
0!
0"
1:
15
13
02
0.
1,
1+
1*
1)
1&
#32135
1!
1"
#32140
0!
0"
1:
1$
03
00
1.
0+
#32145
1!
1"
#32150
0!
0"
1:
0$
05
13
10
0/
0.
0)
0%
#32155
1!
1"
#32160
0!
0"
1:
15
14
00
1.
0,
1+
0*
0(
0'
0&
#32165
1!
1"
#32170
0!
0"
1:
1$
11
03
10
1/
1*
1(
1'
1&
1%
#32175
1!
1"
b10011001 6
#32180
0!
0"
1:
0$
01
05
04
00
0.
1-
0+
0*
1)
0'
#32185
1!
1"
#32190
0!
0"
1:
1$
11
14
12
0/
1,
1+
1*
0(
0&
0%
#32195
1!
1"
b10111000 6
#32200
0!
0"
1:
0$
02
10
0-
0,
1%
#32205
1!
1"
b100101 6
#32210
0!
0"
1:
1$
12
00
1-
0+
0*
0)
1(
1'
1&
0%
#32215
1!
1"
b10111000 6
#32220
0!
0"
1:
0$
10
1,
1+
1*
0'
01
#32225
1!
1"
#32230
0!
0"
1:
15
02
1/
1)
0(
0&
#32235
1!
1"
#32240
0!
0"
1:
11
04
12
00
0/
0,
0+
0*
0)
1(
1'
1%
#32245
1!
1"
b111001 6
#32250
0!
0"
1:
1$
01
05
02
10
1/
1+
1*
0'
1&
0%
#32255
1!
1"
#32260
0!
0"
1:
15
13
00
0/
1,
0+
#32265
1!
1"
#32270
0!
0"
1:
05
14
12
10
1.
1)
0(
0&
#32275
1!
1"
#32280
0!
0"
1:
15
03
00
0.
0)
1(
1'
1&
#32285
1!
1"
#32290
0!
0"
1:
04
13
02
10
1/
1.
0,
0*
0(
1%
#32295
1!
1"
#32300
0!
0"
1:
05
14
03
12
00
0/
0.
1,
1*
0'
0&
0%
#32305
1!
1"
#32310
0!
0"
1:
0$
15
04
02
1.
0-
0,
0*
1)
1(
1'
#32315
1!
1"
#32320
0!
0"
1:
1$
11
05
0.
1-
1*
0)
0(
1&
1%
#32325
1!
1"
b1011000 6
#32330
0!
0"
1:
01
13
10
0-
1,
1)
0'
0&
#32335
1!
1"
#32340
0!
0"
1:
0$
11
15
14
1/
1.
1-
0*
0)
1'
#32345
1!
1"
#32350
0!
0"
1:
05
04
0-
0,
1)
1(
0%
#32355
1!
1"
b1 6
#32360
0!
0"
1:
14
12
0/
0)
1%
#32365
1!
1"
b1001000 6
#32370
0!
0"
1:
1$
01
04
02
00
1/
1-
1+
0%
#32375
1!
1"
#32380
0!
0"
1:
11
14
03
10
0.
0-
1,
0'
1%
#32385
1!
1"
b100101 6
#32390
0!
0"
1:
0$
01
13
00
0,
1*
1)
1'
1&
0%
#32395
1!
1"
#32400
0!
0"
1:
11
04
0/
1-
0*
0)
0'
1%
#32405
1!
1"
b1 6
#32410
0!
0"
1:
1$
01
15
12
1/
1,
1*
0(
#32415
1!
1"
#32420
0!
0"
1:
0$
11
02
1.
0-
0,
#32425
1!
1"
b1011000 6
#32430
0!
0"
1:
03
12
10
0/
1-
1,
0+
0*
0&
#32435
1!
1"
b110011 6
#32440
0!
0"
1:
13
02
0,
1*
1)
1&
0%
#32445
1!
1"
b1011000 6
#32450
0!
0"
1:
01
05
14
03
00
0.
0-
1(
1'
0&
#32455
1!
1"
#32460
0!
0"
1:
13
10
1.
1-
0*
0)
0(
0'
1%
#32465
1!
1"
#32470
0!
0"
1:
04
0.
1,
1+
1)
1(
1&
0%
#32475
1!
1"
#32480
0!
0"
1:
1$
15
14
03
0+
0)
0(
1'
0&
1%
#32485
1!
1"
#32490
0!
0"
1:
12
1.
1)
1&
0%
#32495
1!
1"
#32500
0!
0"
1:
05
04
0.
0,
1+
1(
#32505
1!
1"
#32510
0!
0"
1:
11
15
14
02
00
1/
1.
1,
1*
0&
1%
#32515
1!
1"
b101110 6
#32520
0!
0"
1:
0$
04
13
0-
0,
0+
0)
0%
#32525
1!
1"
b1011000 6
#32530
0!
0"
1:
03
0.
1-
1,
1+
0*
1)
1&
1%
#32535
1!
1"
b11000000 6
#32540
0!
0"
1:
1$
14
10
1.
0,
0+
1*
0'
0%
#32545
1!
1"
b101110 6
#32550
0!
0"
1:
0$
01
05
04
13
12
0/
0-
1+
0)
1'
0&
#32555
1!
1"
#32560
0!
0"
1:
15
14
02
00
1/
1)
1%
#32565
1!
1"
#32570
0!
0"
1:
11
05
04
12
0.
1-
1,
0+
0*
0'
0%
#32575
1!
1"
b1111010 6
#32580
0!
0"
1:
15
02
1.
0-
1+
1*
#32585
1!
1"
b11001111 6
#32590
0!
0"
1:
01
05
14
12
10
1-
0,
0+
0*
0)
0(
1'
#32595
1!
1"
#32600
0!
0"
1:
11
04
02
00
0/
1+
1*
1)
1(
1&
1%
#32605
1!
1"
b1 6
#32610
0!
0"
1:
1$
01
15
03
10
1/
0*
0%
#32615
1!
1"
#32620
0!
0"
1:
0$
11
05
14
12
00
0.
0-
0)
0(
0'
#32625
1!
1"
b11001 6
#32630
0!
0"
1:
1$
01
15
04
10
1-
1,
1)
1(
1'
1%
#32635
1!
1"
#32640
0!
0"
1:
13
1.
0+
1*
0%
#32645
1!
1"
#32650
0!
0"
1:
0$
11
14
03
02
00
0.
0-
0,
0*
0)
0'
#32655
1!
1"
b101110 6
#32660
0!
0"
1:
13
12
0&
#32665
1!
1"
b10111011 6
#32670
0!
0"
1:
05
1.
1-
1+
1*
0(
#32675
1!
1"
b1001000 6
#32680
0!
0"
1:
04
0.
0-
1,
0*
1)
1(
1&
1%
#32685
1!
1"
b1111010 6
#32690
0!
0"
1:
1$
15
14
03
0/
1.
0+
1*
0(
1'
0%
#32695
1!
1"
b11111110 6
#32700
0!
0"
1:
0$
1/
1-
1(
#32705
1!
1"
#32710
0!
0"
1:
1$
01
05
0/
0.
0,
1+
0(
#32715
1!
1"
#32720
0!
0"
1:
0$
11
04
13
02
10
1.
1,
0+
0*
0)
0&
#32725
1!
1"
b1 6
#32730
0!
0"
1:
14
12
1(
#32735
1!
1"
b1001000 6
#32740
0!
0"
1:
1$
01
15
02
00
1/
0-
0,
1*
0'
1%
#32745
1!
1"
#32750
0!
0"
1:
0$
11
05
03
10
1+
0*
1)
1'
1&
0%
#32755
1!
1"
b100101 6
#32760
0!
0"
1:
01
15
13
12
0+
0(
0'
0&
#32765
1!
1"
#32770
0!
0"
1:
11
03
02
00
0/
1,
1+
1(
1&
#32775
1!
1"
b101110 6
#32780
0!
0"
1:
05
04
13
12
0)
#32785
1!
1"
b1111010 6
#32790
0!
0"
1:
1$
1-
0,
0+
1*
0(
1'
0&
01
#32795
1!
1"
#32800
0!
0"
1:
0$
11
15
14
03
02
10
1/
0.
0-
1)
1&
1%
#32805
1!
1"
b101110 6
#32810
0!
0"
1:
1$
12
0*
0'
#32815
1!
1"
b11111110 6
#32820
0!
0"
1:
04
1.
1-
1,
1+
1*
0%
#32825
1!
1"
b1000110 6
#32830
0!
0"
1:
01
05
14
13
00
0/
0.
0+
0)
1(
1%
#32835
1!
1"
#32840
0!
0"
1:
10
1.
0-
0,
1+
0*
0(
1'
#32845
1!
1"
#32850
0!
0"
1:
0$
04
02
0.
1,
0+
1)
1(
0'
0&
#32855
1!
1"
#32860
0!
0"
1:
15
14
1/
0,
1+
1*
1'
1&
#32865
1!
1"
#32870
0!
0"
1:
1$
03
12
00
1.
1-
0+
0*
#32875
1!
1"
#32880
0!
0"
1:
0$
11
05
13
02
10
1+
0)
0&
0%
#32885
1!
1"
b11101000 6
#32890
0!
0"
1:
15
03
00
0/
0.
0-
1,
0+
1%
#32895
1!
1"
b101110 6
#32900
0!
0"
1:
05
04
10
1.
1+
1*
1)
0(
0%
#32905
1!
1"
b1011000 6
#32910
0!
0"
1:
1$
01
14
13
00
0.
0+
0)
1(
0'
#32915
1!
1"
#32920
0!
0"
1:
15
12
10
1/
0,
0*
1)
1'
1&
1%
#32925
1!
1"
#32930
0!
0"
1:
02
00
0/
1.
1-
1*
0)
0(
0%
#32935
1!
1"
#32940
0!
0"
1:
04
12
10
0*
0'
0&
#32945
1!
1"
#32950
0!
0"
1:
14
00
1/
0-
1,
1)
1'
#32955
1!
1"
#32960
0!
0"
1:
05
02
10
0,
1+
1*
0)
1(
1%
#32965
1!
1"
#32970
0!
0"
1:
15
0.
1,
0*
1)
0(
0'
1&
#32975
1!
1"
#32980
0!
0"
1:
04
12
1*
1'
#32985
1!
1"
#32990
0!
0"
1:
02
00
1.
0,
#32995
1!
1"
#33000
0!
0"
1:
14
03
10
1,
0+
0*
0)
1(
0&
0%
#33005
1!
1"
#33010
0!
0"
1:
0$
05
04
00
0/
0.
1+
#33015
1!
1"
#33020
0!
0"
1:
1$
15
14
13
10
1.
1*
1)
0'
1&
#33025
1!
1"
#33030
0!
0"
1:
0$
11
04
12
1-
0,
0*
0)
0(
1'
0&
#33035
1!
1"
#33040
0!
0"
1:
14
03
02
00
1/
0.
0-
0+
1*
1)
#33045
1!
1"
b10111 6
#33050
0!
0"
1:
1$
01
13
10
1,
1+
0*
0)
1(
0'
1&
1%
#33055
1!
1"
#33060
0!
0"
1:
0$
00
0/
1-
0,
1)
0(
0&
0%
11
#33065
1!
1"
b11011111 6
#33070
0!
0"
1:
1$
05
03
12
10
1/
0+
1*
1(
1'
1%
#33075
1!
1"
b11001 6
#33080
0!
0"
1:
01
04
0/
1+
0*
0)
0(
0'
1&
#33085
1!
1"
#33090
0!
0"
1:
15
13
02
0-
1)
1(
1'
#33095
1!
1"
#33100
0!
0"
1:
0$
11
14
03
12
00
1-
1,
1*
0)
0'
0%
#33105
1!
1"
b11001011 6
#33110
0!
0"
1:
04
02
10
1/
0,
0+
0*
1)
0(
1'
0&
#33115
1!
1"
b1010000 6
#33120
0!
0"
1:
05
12
0/
1.
0-
1,
1+
0'
1&
1%
#33125
1!
1"
b11010001 6
#33130
0!
0"
1:
15
14
02
00
1/
1-
0,
1*
0)
1(
1'
0&
#33135
1!
1"
b10111 6
#33140
0!
0"
1:
1$
01
05
04
13
12
0-
1,
0+
0*
1)
0(
1&
#33145
1!
1"
#33150
0!
0"
1:
15
14
03
10
0,
1*
0'
0&
0%
#33155
1!
1"
#33160
0!
0"
1:
11
04
13
0.
1-
0*
0)
1(
1&
#33165
1!
1"
b110011 6
#33170
0!
0"
1:
0$
14
02
0-
1,
1)
1'
0&
1%
#33175
1!
1"
b11011111 6
#33180
0!
0"
1:
1$
01
04
12
00
1-
0,
1+
1*
0)
0(
1&
0%
#33185
1!
1"
#33190
0!
0"
1:
05
14
03
1.
1,
1)
0'
0&
1%
#33195
1!
1"
#33200
0!
0"
1:
0$
11
04
0/
0,
0+
0)
1'
0%
#33205
1!
1"
b11111110 6
#33210
0!
0"
1:
14
13
10
1/
0-
1,
1)
1(
1&
1%
#33215
1!
1"
b10010110 6
#33220
0!
0"
1:
03
02
00
0/
0'
0&
0%
#33225
1!
1"
#33230
0!
0"
1:
1$
04
12
1/
0.
1-
0,
0*
0)
1&
1%
#33235
1!
1"
b11111110 6
#33240
0!
0"
1:
01
15
10
1+
0(
0&
0%
#33245
1!
1"
#33250
0!
0"
1:
05
13
02
00
0/
1.
0-
0+
1(
1&
#33255
1!
1"
#33260
0!
0"
1:
0$
11
15
14
03
12
0.
1,
1+
1*
1)
1%
#33265
1!
1"
b11001011 6
#33270
0!
0"
1:
1$
04
1/
1-
0,
0*
0)
0(
0%
#33275
1!
1"
b1000110 6
#33280
0!
0"
1:
01
05
14
13
02
10
0/
1.
1)
1'
0&
1%
#33285
1!
1"
#33290
0!
0"
1:
11
15
00
1/
0.
0+
1*
1(
0'
1&
0%
#33295
1!
1"
b11011111 6
#33300
0!
0"
1:
01
05
04
1+
0*
0)
0&
#33305
1!
1"
#33310
0!
0"
1:
0$
11
03
0-
1,
0+
1)
0(
1%
#33315
1!
1"
b101011 6
#33320
0!
0"
1:
01
14
13
12
0/
1.
0)
1'
#33325
1!
1"
#33330
0!
0"
1:
1$
03
02
10
1/
1-
0,
1*
1)
0%
#33335
1!
1"
#33340
0!
0"
1:
15
04
12
0/
0.
1+
0)
1(
#33345
1!
1"
#33350
0!
0"
1:
0$
05
13
02
1.
0-
1,
0+
1%
#33355
1!
1"
#33360
0!
0"
1:
1$
15
03
00
1/
1+
0*
1&
0%
#33365
1!
1"
#33370
0!
0"
1:
05
12
0/
1*
0(
0&
#33375
1!
1"
#33380
0!
0"
1:
0$
02
1/
0,
0+
0'
1&
1%
#33385
1!
1"
#33390
0!
0"
1:
1$
11
15
14
1-
0*
1)
1(
1'
0&
0%
#33395
1!
1"
b1101001 6
#33400
0!
0"
1:
0$
04
13
0-
1,
1+
#33405
1!
1"
b11001010 6
#33410
0!
0"
1:
01
05
03
10
0/
0+
0)
0(
1&
#33415
1!
1"
#33420
0!
0"
1:
11
13
00
0.
1-
0,
1(
0'
#33425
1!
1"
b101010 6
#33430
0!
0"
1:
1$
15
03
0-
1*
0(
0&
#33435
1!
1"
#33440
0!
0"
1:
01
05
14
13
10
1.
1,
0*
1'
1%
#33445
1!
1"
#33450
0!
0"
1:
0$
03
0.
1-
1*
1)
1(
0'
1&
0%
#33455
1!
1"
#33460
0!
0"
1:
04
12
00
1/
1.
1+
0*
0)
0(
1'
0&
#33465
1!
1"
#33470
0!
0"
1:
1$
13
02
0.
0+
1*
1)
0'
1&
1%
#33475
1!
1"
#33480
0!
0"
1:
0$
11
14
03
12
0-
0*
0)
1'
0%
#33485
1!
1"
b10101 6
#33490
0!
0"
1:
15
10
1.
1-
1+
0'
#33495
1!
1"
b11001011 6
#33500
0!
0"
1:
01
04
02
00
0.
0,
1*
1)
1(
1%
#33505
1!
1"
#33510
0!
0"
1:
1$
13
1,
0+
0*
0)
1'
#33515
1!
1"
#33520
0!
0"
1:
11
05
12
10
0/
1.
0-
0,
1+
1*
0(
0%
#33525
1!
1"
b11011010 6
#33530
0!
0"
1:
01
14
03
00
1,
0+
0*
1(
0&
#33535
1!
1"
#33540
0!
0"
1:
0$
11
15
1-
0,
1*
1)
0(
0'
1&
1%
#33545
1!
1"
b11001011 6
#33550
0!
0"
1:
04
10
0.
0-
0*
0)
1(
0&
#33555
1!
1"
b1000110 6
#33560
0!
0"
1:
01
14
02
00
1.
1,
1+
1'
1&
0%
#33565
1!
1"
#33570
0!
0"
1:
11
12
1-
0,
1*
#33575
1!
1"
b11001011 6
#33580
0!
0"
1:
1$
13
02
1/
0.
1,
0+
0&
1%
#33585
1!
1"
b110110 6
#33590
0!
0"
1:
0$
04
03
12
1.
0-
1)
0'
1&
#33595
1!
1"
b1000110 6
#33600
0!
0"
1:
1$
05
10
0.
1-
1+
0)
0(
0&
0%
#33605
1!
1"
b11111110 6
#33610
0!
0"
1:
01
15
14
0/
0-
0+
0*
1(
1&
#33615
1!
1"
#33620
0!
0"
1:
0$
11
05
04
02
1-
1+
1*
0(
#33625
1!
1"
b1111011 6
#33630
0!
0"
1:
1$
13
1/
1.
0-
0,
0+
0*
1(
#33635
1!
1"
b101010 6
#33640
0!
0"
1:
0$
12
1-
1,
1'
1%
#33645
1!
1"
b11011010 6
#33650
0!
0"
1:
01
15
14
1+
1*
1)
#33655
1!
1"
#33660
0!
0"
1:
1$
11
05
0.
0-
0,
0*
0(
0'
#33665
1!
1"
b10010110 6
#33670
0!
0"
1:
0$
01
15
04
02
1.
1,
0+
1*
1'
#33675
1!
1"
#33680
0!
0"
1:
11
03
0.
0,
0'
0%
#33685
1!
1"
b101010 6
#33690
0!
0"
1:
14
00
1.
0*
1(
1'
1%
#33695
1!
1"
b10100 6
#33700
0!
0"
1:
1$
05
04
12
10
0/
0.
1*
#33705
1!
1"
b11111110 6
#33710
0!
0"
1:
0$
01
15
14
13
00
1/
1.
1+
0*
0(
0'
0&
#33715
1!
1"
#33720
0!
0"
1:
1$
05
03
02
0.
1-
1,
1*
0)
1(
1'
1&
0%
#33725
1!
1"
#33730
0!
0"
1:
0$
11
04
13
0/
1.
0,
0*
1%
#33735
1!
1"
b101010 6
#33740
0!
0"
1:
1$
15
1/
1,
0'
0&
#33745
1!
1"
b111 6
#33750
0!
0"
1:
0$
05
14
0/
0+
1)
0(
#33755
1!
1"
b1100101 6
#33760
0!
0"
1:
15
04
03
10
1/
1*
1&
#33765
1!
1"
b101010 6
#33770
0!
0"
1:
05
14
00
0.
0-
0,
1+
0*
0)
1(
1'
0&
#33775
1!
1"
b1110100 6
#33780
0!
0"
1:
1$
01
15
13
10
0/
0+
1*
0(
1&
0%
#33785
1!
1"
#33790
0!
0"
1:
0$
11
05
03
00
1.
1+
0*
0&
#33795
1!
1"
#33800
0!
0"
1:
1$
15
12
1/
1-
1)
1(
1&
1%
#33805
1!
1"
b1011010 6
#33810
0!
0"
1:
0$
05
04
0/
0+
1*
0'
0%
#33815
1!
1"
b11111110 6
#33820
0!
0"
1:
1$
01
15
14
02
1/
1,
0*
0)
0(
#33825
1!
1"
#33830
0!
0"
1:
0$
05
04
12
0.
0-
0,
1'
0&
#33835
1!
1"
#33840
0!
0"
1:
11
15
1.
1-
1+
1)
1&
1%
#33845
1!
1"
b111110 6
#33850
0!
0"
1:
1$
14
10
0.
0+
1*
0)
1(
0%
#33855
1!
1"
b1011010 6
#33860
0!
0"
1:
05
13
02
00
0/
1.
0(
0'
0&
1%
#33865
1!
1"
b1000001 6
#33870
0!
0"
1:
04
10
0.
0-
1,
1+
0*
1)
1&
0%
#33875
1!
1"
b11110 6
#33880
0!
0"
1:
15
14
03
1.
1-
0+
1*
0)
1'
0&
#33885
1!
1"
b10100 6
#33890
0!
0"
1:
0$
13
1/
1+
0'
1&
1%
#33895
1!
1"
b1001011 6
#33900
0!
0"
1:
00
0-
0,
0+
0*
1)
1(
1'
0&
#33905
1!
1"
#33910
0!
0"
1:
1$
05
04
03
12
0.
1,
1+
0)
1&
0%
#33915
1!
1"
b1001100 6
#33920
0!
0"
1:
15
14
13
10
0/
1-
0,
1*
0(
0'
0&
1%
#33925
1!
1"
b10101110 6
#33930
0!
0"
1:
02
1/
1.
0-
0+
1)
1(
1'
1&
#33935
1!
1"
b110010 6
#33940
0!
0"
1:
0$
05
03
0/
0.
0*
0(
0'
0&
#33945
1!
1"
b1011101 6
#33950
0!
0"
1:
1$
01
04
12
00
1,
1*
1'
1&
0%
#33955
1!
1"
#33960
0!
0"
1:
0$
11
14
02
10
1.
1-
0,
0)
0'
#33965
1!
1"
#33970
0!
0"
1:
12
0.
0-
1+
1)
0&
#33975
1!
1"
b10101 6
#33980
0!
0"
1:
1$
15
04
13
1/
1-
0+
0)
1(
1'
1%
#33985
1!
1"
b1010 6
#33990
0!
0"
1:
0$
01
05
02
00
0/
1.
0-
1,
0*
0(
0'
#33995
1!
1"
#34000
0!
0"
1:
1-
1'
1&
11
#34005
1!
1"
b10110001 6
#34010
0!
0"
1:
1$
01
15
14
03
10
0-
1*
1)
1(
0&
#34015
1!
1"
#34020
0!
0"
1:
13
00
0.
1-
0,
0'
1&
#34025
1!
1"
#34030
0!
0"
1:
11
12
10
1/
1+
0*
0)
#34035
1!
1"
b11000111 6
#34040
0!
0"
1:
01
05
03
02
0/
1.
0-
1,
1*
1)
0&
0%
#34045
1!
1"
#34050
0!
0"
1:
0$
13
00
1/
0.
0*
0)
#34055
1!
1"
#34060
0!
0"
1:
11
15
04
10
0/
1.
0+
1*
1)
0(
1&
1%
#34065
1!
1"
b111 6
#34070
0!
0"
1:
14
1/
1-
0,
1+
1(
0&
0%
#34075
1!
1"
b110010 6
#34080
0!
0"
1:
1$
05
03
12
0/
0-
1,
0+
0*
0)
1'
1&
#34085
1!
1"
b10101 6
#34090
0!
0"
1:
0$
15
13
00
1-
1*
1)
0(
0'
0&
#34095
1!
1"
b11000111 6
#34100
0!
0"
1:
05
02
10
0)
1(
1'
1&
1%
#34105
1!
1"
b11010000 6
#34110
0!
0"
1:
01
12
00
1/
0-
0'
#34115
1!
1"
#34120
0!
0"
1:
1$
11
15
04
02
10
0/
1)
0(
1'
#34125
1!
1"
b111 6
#34130
0!
0"
1:
05
03
0.
0,
1+
0*
0)
#34135
1!
1"
b1111011 6
#34140
0!
0"
1:
0$
01
13
00
1.
1-
1,
0+
1*
1)
1(
0'
0&
#34145
1!
1"
#34150
0!
0"
1:
1$
11
14
03
0.
0-
0)
1'
0%
#34155
1!
1"
b1011101 6
#34160
0!
0"
1:
0$
01
04
1.
1-
1+
1)
0(
0'
1&
#34165
1!
1"
#34170
0!
0"
1:
1$
14
1/
0,
0+
0*
0)
1%
#34175
1!
1"
#34180
0!
0"
1:
0$
11
12
10
0/
0.
0-
1+
1*
1)
1(
1'
0%
#34185
1!
1"
b10101 6
#34190
0!
0"
1:
15
04
00
1.
1,
0+
#34195
1!
1"
b111110 6
#34200
0!
0"
1:
1$
01
05
02
0.
0,
1+
0)
0&
1%
#34205
1!
1"
#34210
0!
0"
1:
0$
11
15
14
13
1-
1,
0(
1&
#34215
1!
1"
b10101 6
#34220
0!
0"
1:
1$
01
05
12
10
1.
0-
0,
0+
1(
0'
0&
0%
#34225
1!
1"
#34230
0!
0"
1:
0$
04
03
00
1/
1-
1,
1+
1&
1%
#34235
1!
1"
#34240
0!
0"
1:
11
15
02
10
0+
0*
1'
0&
#34245
1!
1"
b1000101 6
#34250
0!
0"
1:
1$
01
14
13
00
0/
0-
0,
1*
0'
1&
0%
#34255
1!
1"
#34260
0!
0"
1:
11
05
04
1/
0.
0*
1'
1%
#34265
1!
1"
b10110001 6
#34270
0!
0"
1:
0$
01
14
10
1-
1,
1+
1*
1)
0(
0'
#34275
1!
1"
#34280
0!
0"
1:
04
03
12
00
0/
0*
0)
1(
1'
0%
#34285
1!
1"
#34290
0!
0"
1:
14
02
10
1.
0,
0+
1*
#34295
1!
1"
#34300
0!
0"
1:
1$
11
04
1,
0(
0'
0&
#34305
1!
1"
b1111011 6
#34310
0!
0"
1:
01
15
00
0-
0,
0*
1(
1%
#34315
1!
1"
#34320
0!
0"
1:
0$
11
05
14
13
10
1-
1,
1+
1*
1'
1&
#34325
1!
1"
b11010000 6
#34330
0!
0"
1:
1$
15
04
0-
0*
0(
#34335
1!
1"
b1000100 6
#34340
0!
0"
1:
03
12
1/
0,
1*
1)
1(
0%
#34345
1!
1"
b100 6
#34350
0!
0"
1:
0$
05
14
13
02
0(
0&
1%
#34355
1!
1"
b11010000 6
#34360
0!
0"
1:
1$
01
15
04
0.
0+
0*
0'
0%
#34365
1!
1"
#34370
0!
0"
1:
0$
14
12
00
0/
1.
1+
1*
0)
1&
1%
#34375
1!
1"
#34380
0!
0"
1:
04
02
1-
1,
0+
1)
1(
1'
0%
#34385
1!
1"
#34390
0!
0"
1:
11
05
1/
0-
0,
1+
0)
0&
#34395
1!
1"
b10110001 6
#34400
0!
0"
1:
1$
01
15
14
12
10
0/
1,
1%
#34405
1!
1"
#34410
0!
0"
1:
0$
11
05
04
02
1/
0.
0,
0*
1)
0(
0'
#34415
1!
1"
#34420
0!
0"
1:
1$
00
0/
1,
0)
1(
01
#34425
1!
1"
#34430
0!
0"
1:
0$
11
14
03
1.
1-
0,
0+
1*
1'
#34435
1!
1"
b1011101 6
#34440
0!
0"
1:
15
13
10
1/
0-
1,
0*
0%
#34445
1!
1"
b11100111 6
#34450
0!
0"
1:
1$
01
05
03
12
00
0/
0.
1+
0(
1%
#34455
1!
1"
#34460
0!
0"
1:
11
04
13
02
10
1/
1.
1-
0,
1)
1(
#34465
1!
1"
b10110001 6
#34470
0!
0"
1:
01
15
14
03
12
00
0/
0-
1,
0+
0(
1&
#34475
1!
1"
#34480
0!
0"
1:
0$
11
05
13
1/
0,
#34485
1!
1"
b10010100 6
#34490
0!
0"
1:
15
04
03
0/
0.
1+
1*
0)
#34495
1!
1"
b110000 6
#34500
0!
0"
1:
14
13
10
1/
1.
0+
0*
1)
0'
0%
#34505
1!
1"
b10 6
#34510
0!
0"
1:
03
02
0/
1,
0)
1'
0&
#34515
1!
1"
b1010000 6
#34520
0!
0"
1:
1$
01
05
04
13
12
00
1/
1(
0'
1%
#34525
1!
1"
#34530
0!
0"
1:
0$
11
15
14
03
02
0/
1+
1)
1&
#34535
1!
1"
#34540
0!
0"
1:
04
12
10
0.
1-
0,
#34545
1!
1"
b10110 6
#34550
0!
0"
1:
1$
05
14
13
00
1/
1.
0-
0+
0)
0&
0%
#34555
1!
1"
b10010100 6
#34560
0!
0"
1:
0$
10
0.
1-
1+
1)
1'
1&
#34565
1!
1"
#34570
0!
0"
1:
04
02
1.
0)
0'
1%
#34575
1!
1"
b10110001 6
#34580
0!
0"
1:
1$
01
15
03
12
00
0.
0-
1,
0+
1)
0(
#34585
1!
1"
#34590
0!
0"
1:
05
1.
1-
0,
1*
0)
0%
#34595
1!
1"
#34600
0!
0"
1:
0$
11
15
13
02
1+
0*
1)
1(
0&
#34605
1!
1"
b1000100 6
#34610
0!
0"
1:
05
14
12
10
0/
0.
0-
1,
1*
0)
1&
#34615
1!
1"
b10010100 6
#34620
0!
0"
1:
1$
03
02
1-
0,
0+
1)
0(
1'
1%
#34625
1!
1"
b1011101 6
#34630
0!
0"
1:
01
15
04
12
1/
1.
0-
1+
0)
0'
#34635
1!
1"
#34640
0!
0"
1:
05
14
13
02
1,
0+
0*
0%
#34645
1!
1"
#34650
0!
0"
1:
0/
1-
1+
1*
1)
1'
1%
11
#34655
1!
1"
b11010000 6
#34660
0!
0"
1:
01
15
04
03
0-
0+
0*
1(
0'
#34665
1!
1"
#34670
0!
0"
1:
0$
12
1-
0,
1+
1*
0)
0(
1'
0&
0%
#34675
1!
1"
#34680
0!
0"
1:
1$
05
02
00
0.
0-
1,
0*
1)
1(
1&
1%
#34685
1!
1"
#34690
0!
0"
1:
12
0+
0'
0&
0%
#34695
1!
1"
#34700
0!
0"
1:
15
10
1.
1-
1*
0)
0(
1%
#34705
1!
1"
#34710
0!
0"
1:
11
05
13
00
1/
0.
0,
1+
1(
0%
#34715
1!
1"
b1100111 6
#34720
0!
0"
1:
0$
01
03
02
10
1.
0+
1)
0(
1'
1%
#34725
1!
1"
#34730
0!
0"
1:
11
14
13
12
00
0/
0.
0)
1(
0'
0%
#34735
1!
1"
b11111101 6
#34740
0!
0"
1:
1$
01
15
1/
1.
0-
1+
1)
1&
#34745
1!
1"
#34750
0!
0"
1:
0$
03
02
0/
0.
1-
0*
0)
0(
1'
0&
#34755
1!
1"
#34760
0!
0"
1:
1$
04
13
12
10
1.
0-
1,
0+
1(
0'
#34765
1!
1"
#34770
0!
0"
1:
14
0.
1-
1+
1)
0(
1&
1%
#34775
1!
1"
#34780
0!
0"
1:
03
00
0-
0+
1(
0&
#34785
1!
1"
#34790
0!
0"
1:
0$
11
05
04
02
10
1/
1.
1-
0,
0)
1&
#34795
1!
1"
b10000011 6
#34800
0!
0"
1:
1$
14
12
00
0/
1,
1+
1*
0(
1'
0%
#34805
1!
1"
b110000 6
#34810
0!
0"
1:
01
02
0.
0*
0'
1%
#34815
1!
1"
#34820
0!
0"
1:
0$
04
13
12
1/
1.
0,
0+
1)
#34825
1!
1"
#34830
0!
0"
1:
11
15
14
03
10
0/
0-
1,
1+
1*
1(
1'
0&
0%
#34835
1!
1"
b10101111 6
#34840
0!
0"
1:
1$
01
04
00
1/
0.
0,
0+
0*
0)
0(
1&
#34845
1!
1"
#34850
0!
0"
1:
0$
11
05
02
1.
1+
1*
1%
#34855
1!
1"
b10000011 6
#34860
0!
0"
1:
1$
01
15
14
13
12
10
0/
1,
1(
0'
0%
#34865
1!
1"
#34870
0!
0"
1:
02
0.
1-
0*
1)
0&
#34875
1!
1"
#34880
0!
0"
1:
0$
05
04
12
1.
0(
1&
#34885
1!
1"
#34890
0!
0"
1:
1$
14
02
00
0.
1*
0)
1%
#34895
1!
1"
#34900
0!
0"
1:
0$
11
15
04
1/
1.
1)
1(
1'
0&
0%
#34905
1!
1"
b1110101 6
#34910
0!
0"
1:
1$
01
05
03
12
10
0.
0-
0,
0)
0'
1&
1%
#34915
1!
1"
#34920
0!
0"
1:
0/
1-
1)
0(
1'
0&
0%
#34925
1!
1"
#34930
0!
0"
1:
0$
14
02
1/
1.
0-
1,
0*
1&
#34935
1!
1"
#34940
0!
0"
1:
15
13
12
00
1-
0'
0&
#34945
1!
1"
#34950
0!
0"
1:
03
0+
1'
#34955
1!
1"
#34960
0!
0"
1:
1$
11
05
04
02
0-
0,
1+
0)
1(
0'
1%
#34965
1!
1"
b10000011 6
#34970
0!
0"
1:
0$
15
14
12
10
0.
1,
0+
1)
#34975
1!
1"
b10101111 6
#34980
0!
0"
1:
05
02
00
0/
1-
0,
0)
1'
1&
#34985
1!
1"
b11101001 6
#34990
0!
0"
1:
1$
01
15
04
1/
0-
1,
1)
0'
0%
#34995
1!
1"
#35000
0!
0"
1:
05
14
10
1-
1+
1'
0&
1%
#35005
1!
1"
#35010
0!
0"
1:
0$
00
0-
0,
0)
0'
1&
11
#35015
1!
1"
#35020
0!
0"
1:
15
13
12
1.
1,
1*
1)
1'
0&
0%
#35025
1!
1"
b10110000 6
#35030
0!
0"
1:
1$
01
05
03
02
1-
0+
0*
0'
1&
1%
#35035
1!
1"
#35040
0!
0"
1:
0$
11
13
12
0.
0,
1*
0)
0(
1'
0&
#35045
1!
1"
b11111101 6
#35050
0!
0"
1:
1$
01
15
04
02
0/
1.
0-
1,
0*
#35055
1!
1"
#35060
0!
0"
1:
0$
11
03
12
10
0.
1-
1)
0'
1&
#35065
1!
1"
b100110 6
#35070
0!
0"
1:
05
02
00
1/
0-
0)
1(
1'
0&
#35075
1!
1"
b10000011 6
#35080
0!
0"
1:
1$
01
14
12
10
1.
1*
1)
0(
1&
#35085
1!
1"
#35090
0!
0"
1:
0$
04
13
00
1-
0,
0*
#35095
1!
1"
#35100
0!
0"
1:
1$
15
14
0/
1+
1*
0)
1(
#35105
1!
1"
#35110
0!
0"
1:
0$
11
05
1/
0-
1,
0+
0*
1)
0(
0'
0%
#35115
1!
1"
b11010111 6
#35120
0!
0"
1:
02
0/
1-
1*
0)
1'
0&
#35125
1!
1"
b10 6
#35130
0!
0"
1:
1$
10
1/
0.
0,
1(
0'
1%
01
#35135
1!
1"
#35140
0!
0"
1:
15
03
12
0/
1,
1+
1'
0%
#35145
1!
1"
#35150
0!
0"
1:
0$
11
05
13
02
1/
0+
1)
1%
#35155
1!
1"
#35160
0!
0"
1:
1$
01
04
1.
0'
1&
#35165
1!
1"
#35170
0!
0"
1:
0$
03
12
00
0/
0,
1+
0(
1'
0%
#35175
1!
1"
#35180
0!
0"
1:
11
13
0*
0)
1(
0&
1%
#35185
1!
1"
b1111000 6
#35190
0!
0"
1:
01
03
02
1/
0.
1,
0+
1*
1)
1&
#35195
1!
1"
#35200
0!
0"
1:
1$
15
12
0,
0)
0%
#35205
1!
1"
#35210
0!
0"
1:
11
05
13
0/
1+
0'
0&
#35215
1!
1"
#35220
0!
0"
1:
0$
01
15
10
1/
1.
0-
0(
1'
1&
#35225
1!
1"
#35230
0!
0"
1:
05
03
00
0/
0.
1-
1)
1(
0&
#35235
1!
1"
#35240
0!
0"
1:
11
13
1,
0+
0*
0(
0'
1&
1%
#35245
1!
1"
#35250
0!
0"
1:
1$
01
15
03
10
0,
1+
0)
1(
1'
0&
#35255
1!
1"
#35260
0!
0"
1:
0$
14
13
00
1/
1.
0-
1*
1)
0(
0'
1&
#35265
1!
1"
#35270
0!
0"
1:
10
0.
1-
1,
0*
0)
1'
0&
0%
11
#35275
1!
1"
b1101100 6
#35280
0!
0"
1:
05
04
03
02
1.
0-
0,
1(
1&
#35285
1!
1"
b10000011 6
#35290
0!
0"
1:
1$
15
14
0/
0.
0+
1)
0(
1%
#35295
1!
1"
b1111001 6
#35300
0!
0"
1:
0$
05
12
00
1/
1.
1,
1+
0)
1(
0'
0&
0%
#35305
1!
1"
b10100 6
#35310
0!
0"
1:
1$
15
13
02
10
1-
1)
1'
#35315
1!
1"
b1001010 6
#35320
0!
0"
1:
0$
04
12
0-
0,
0+
1*
0'
#35325
1!
1"
b11011111 6
#35330
0!
0"
1:
1$
01
14
03
0.
1-
1,
0)
0(
1%
#35335
1!
1"
#35340
0!
0"
1:
11
04
13
00
0-
0,
0*
1(
1&
#35345
1!
1"
#35350
0!
0"
1:
0/
1*
1)
0(
0%
01
#35355
1!
1"
#35360
0!
0"
1:
0$
11
05
14
03
1-
1+
0*
0)
1'
0&
#35365
1!
1"
b10100 6
#35370
0!
0"
1:
1$
01
15
10
1/
1.
0+
#35375
1!
1"
#35380
0!
0"
1:
05
13
0/
1,
0'
#35385
1!
1"
#35390
0!
0"
1:
11
15
00
0.
0,
1+
1*
1(
1&
1%
#35395
1!
1"
b1101100 6
#35400
0!
0"
1:
04
02
1/
1.
0-
1,
1)
0&
0%
#35405
1!
1"
b10010010 6
#35410
0!
0"
1:
03
0/
0.
0*
0(
#35415
1!
1"
b11110110 6
#35420
0!
0"
1:
0$
05
13
10
1/
1.
0+
0)
1'
1%
#35425
1!
1"
b11000000 6
#35430
0!
0"
1:
1$
14
0.
0,
1(
1&
#35435
1!
1"
b10 6
#35440
0!
0"
1:
15
1.
1-
1,
1*
0(
#35445
1!
1"
b1001010 6
#35450
0!
0"
1:
01
05
03
00
0.
0,
1+
1(
0'
0%
#35455
1!
1"
#35460
0!
0"
1:
15
0/
1.
0-
1,
0+
0*
1)
0(
#35465
1!
1"
#35470
0!
0"
1:
05
0.
1-
1+
1*
1%
#35475
1!
1"
#35480
0!
0"
1:
0$
10
1/
0+
0*
1'
0&
#35485
1!
1"
#35490
0!
0"
1:
00
0/
1.
1+
1(
1&
11
#35495
1!
1"
b1111 6
#35500
0!
0"
1:
1$
01
04
13
1/
0.
0,
1*
0&
#35505
1!
1"
#35510
0!
0"
1:
11
14
03
12
10
1.
0-
0+
0*
0(
0'
0%
#35515
1!
1"
b10100 6
#35520
0!
0"
1:
0$
01
13
02
1+
1*
1(
1%
#35525
1!
1"
#35530
0!
0"
1:
04
12
1-
1,
0+
0)
0(
1'
#35535
1!
1"
#35540
0!
0"
1:
15
14
02
00
0.
0-
0,
1(
0'
1&
#35545
1!
1"
#35550
0!
0"
1:
0*
11
#35555
1!
1"
b1001010 6
#35560
0!
0"
1:
1$
01
03
12
10
0/
1.
1-
1,
1*
1)
#35565
1!
1"
#35570
0!
0"
1:
0$
05
00
1/
0.
0-
0(
#35575
1!
1"
#35580
0!
0"
1:
15
02
0/
1-
0,
1+
0*
1(
0&
0%
#35585
1!
1"
#35590
0!
0"
1:
04
12
10
1/
0+
1*
0)
0(
1'
1&
#35595
1!
1"
#35600
0!
0"
1:
11
05
13
02
00
1.
0-
1+
0*
1(
0'
0&
#35605
1!
1"
b10010100 6
#35610
0!
0"
1:
14
03
10
0/
1)
0(
1'
#35615
1!
1"
b1111 6
#35620
0!
0"
1:
15
13
12
00
1/
1-
1,
0+
0)
1&
#35625
1!
1"
b11 6
#35630
0!
0"
1:
05
0.
0-
0,
#35635
1!
1"
b1011111 6
#35640
0!
0"
1:
1$
15
03
0/
1.
1-
1,
1+
1*
#35645
1!
1"
b11101010 6
#35650
0!
0"
1:
0$
01
05
13
02
10
0.
0+
1(
0&
#35655
1!
1"
#35660
0!
0"
1:
15
04
03
12
1/
0,
1)
0(
1%
#35665
1!
1"
#35670
0!
0"
1:
1$
05
13
0/
1.
0%
#35675
1!
1"
#35680
0!
0"
1:
00
1,
0)
1&
1%
11
#35685
1!
1"
b11111000 6
#35690
0!
0"
1:
10
1/
0-
1+
0*
1(
0'
0%
#35695
1!
1"
#35700
0!
0"
1:
01
14
00
0/
0.
0+
1)
1%
#35705
1!
1"
#35710
0!
0"
1:
11
04
1/
1+
1*
0(
0%
#35715
1!
1"
#35720
0!
0"
1:
10
0/
1.
0,
0*
0)
#35725
1!
1"
#35730
0!
0"
1:
0$
15
03
02
1/
0.
0&
#35735
1!
1"
b11110110 6
#35740
0!
0"
1:
01
14
0/
1-
1)
1(
1'
#35745
1!
1"
#35750
0!
0"
1:
1$
13
00
1/
1.
0-
1,
1*
1&
1%
#35755
1!
1"
#35760
0!
0"
1:
10
0.
1-
0,
0+
0*
0(
0&
#35765
1!
1"
#35770
0!
0"
1:
11
05
03
00
0/
0)
0%
#35775
1!
1"
b11001101 6
#35780
0!
0"
1:
0$
13
12
10
1.
0-
1+
1*
1(
0'
1%
#35785
1!
1"
b1011100 6
#35790
0!
0"
1:
03
02
00
1/
0.
0(
1'
1&
#35795
1!
1"
b1000 6
#35800
0!
0"
1:
01
12
10
1.
1-
1,
0*
1)
1(
#35805
1!
1"
#35810
0!
0"
1:
1$
15
13
02
0/
0.
0-
0,
1*
0)
0&
0%
#35815
1!
1"
#35820
0!
0"
1:
0$
04
03
00
1-
1,
0*
0(
1&
1%
#35825
1!
1"
#35830
0!
0"
1:
14
10
1.
0-
1)
0'
#35835
1!
1"
#35840
0!
0"
1:
11
05
13
00
0.
1-
0,
0+
1(
1'
0&
#35845
1!
1"
b1111100 6
#35850
0!
0"
1:
15
04
03
12
1/
1.
0-
1,
0(
0'
0%
#35855
1!
1"
b1001011 6
#35860
0!
0"
1:
05
14
13
02
0/
1*
0)
1&
1%
#35865
1!
1"
b1111100 6
#35870
0!
0"
1:
15
04
03
10
1/
1-
0,
1+
0*
1(
1'
0&
0%
#35875
1!
1"
b11110110 6
#35880
0!
0"
1:
05
13
0/
0.
0-
0+
1)
0'
1&
#35885
1!
1"
b100101 6
#35890
0!
0"
1:
1$
01
15
14
12
1/
1.
1,
0)
0(
1%
#35895
1!
1"
#35900
0!
0"
1:
11
04
02
0/
1-
1*
1'
#35905
1!
1"
b110111 6
#35910
0!
0"
1:
01
05
14
03
0,
1+
1)
1(
0'
0%
#35915
1!
1"
#35920
0!
0"
1:
11
15
12
0.
0+
0)
0(
1'
#35925
1!
1"
b11101010 6
#35930
0!
0"
1:
0$
13
02
1/
1,
1+
0*
0&
1%
#35935
1!
1"
b1001010 6
#35940
0!
0"
1:
1$
05
04
03
1.
0-
0,
0+
1(
0'
1&
0%
#35945
1!
1"
b10000111 6
#35950
0!
0"
1:
12
1+
1'
0&
1%
#35955
1!
1"
b1011011 6
#35960
0!
0"
1:
0$
15
13
0.
1-
0+
1)
0'
1&
0%
#35965
1!
1"
b10010000 6
#35970
0!
0"
1:
1$
01
14
00
1,
1+
0(
1%
#35975
1!
1"
#35980
0!
0"
1:
0$
11
05
02
10
0/
1.
0,
0+
1*
0)
1(
#35985
1!
1"
b1001001 6
#35990
0!
0"
1:
12
1/
0-
1,
0(
0%
#35995
1!
1"
b1011101 6
#36000
0!
0"
1:
15
02
0*
1)
#36005
1!
1"
b1001010 6
#36010
0!
0"
1:
12
00
0/
0,
1+
1*
0)
1(
1'
0&
1%
#36015
1!
1"
b11110110 6
#36020
0!
0"
1:
1$
01
05
02
10
1/
0+
0*
1)
1&
0%
#36025
1!
1"
#36030
0!
0"
1:
0$
11
15
04
0/
1-
1,
1+
1*
0(
#36035
1!
1"
b111 6
#36040
0!
0"
1:
05
03
12
0,
0)
1(
0&
1%
#36045
1!
1"
b1011011 6
#36050
0!
0"
1:
1$
01
13
02
1/
0-
1,
0*
1&
0%
#36055
1!
1"
#36060
0!
0"
1:
15
00
1*
0(
0&
1%
#36065
1!
1"
#36070
0!
0"
1:
11
03
12
0.
1-
0,
0+
1(
1&
#36075
1!
1"
b1001011 6
#36080
0!
0"
1:
14
02
1,
0*
0(
0'
0&
0%
#36085
1!
1"
b1100001 6
#36090
0!
0"
1:
01
12
10
0/
0-
0,
1+
1*
1%
#36095
1!
1"
#36100
0!
0"
1:
02
00
1.
1-
1)
1'
0%
#36105
1!
1"
#36110
0!
0"
1:
05
13
10
0.
0-
1%
#36115
1!
1"
#36120
0!
0"
1:
0$
11
15
03
1.
1-
1,
0*
1(
0'
0%
#36125
1!
1"
#36130
0!
0"
1:
13
12
1/
0-
0(
1'
1&
1%
#36135
1!
1"
b1001010 6
#36140
0!
0"
1:
05
03
00
1*
0)
0%
#36145
1!
1"
b11100001 6
#36150
0!
0"
1:
1$
01
15
13
0/
0.
1-
0,
0+
0*
1)
#36155
1!
1"
#36160
0!
0"
1:
0$
11
04
03
10
1.
0-
1,
1+
1(
0'
#36165
1!
1"
b1001011 6
#36170
0!
0"
1:
1$
14
13
02
00
1/
0.
1-
0,
1*
0&
#36175
1!
1"
b110111 6
#36180
0!
0"
1:
04
10
1.
0(
1'
1&
#36185
1!
1"
b111 6
#36190
0!
0"
1:
01
14
12
00
1,
0+
0)
1(
#36195
1!
1"
#36200
0!
0"
1:
11
04
03
0/
0.
1)
0(
0'
0&
#36205
1!
1"
b1001011 6
#36210
0!
0"
1:
0$
01
05
13
10
0-
0,
1'
1%
#36215
1!
1"
#36220
0!
0"
1:
11
15
00
0*
0%
#36225
1!
1"
b10010000 6
#36230
0!
0"
1:
01
05
02
10
1.
1-
1+
0)
#36235
1!
1"
#36240
0!
0"
1:
14
1,
1*
1(
1&
1%
#36245
1!
1"
#36250
0!
0"
1:
1$
15
03
00
1/
0-
0,
0*
0&
#36255
1!
1"
#36260
0!
0"
1:
05
13
12
1-
0+
1*
1)
1&
0%
#36265
1!
1"
#36270
0!
0"
1:
0$
11
15
03
02
10
1+
0*
0)
0(
0&
#36275
1!
1"
b1100001 6
#36280
0!
0"
1:
1$
01
05
04
12
0/
0.
0-
1*
1)
1%
#36285
1!
1"
#36290
0!
0"
1:
11
14
02
1.
1-
0+
0*
1(
0'
1&
0%
#36295
1!
1"
b11101100 6
#36300
0!
0"
1:
0$
01
15
04
13
00
0.
1*
0)
0&
1%
#36305
1!
1"
#36310
0!
0"
1:
05
03
12
10
1/
1,
0*
0(
#36315
1!
1"
#36320
0!
0"
1:
11
15
0-
0,
1+
#36325
1!
1"
b1001011 6
#36330
0!
0"
1:
05
13
02
0/
1.
1-
1,
1)
1&
0%
#36335
1!
1"
b100101 6
#36340
0!
0"
1:
15
14
03
00
0-
0,
0+
1*
0)
1'
1%
#36345
1!
1"
b1100001 6
#36350
0!
0"
1:
05
04
12
1/
0.
1,
0*
1)
1(
0&
#36355
1!
1"
#36360
0!
0"
1:
01
15
14
13
02
10
1.
0)
0(
0'
0%
#36365
1!
1"
#36370
0!
0"
1:
05
04
0/
0.
0,
1&
#36375
1!
1"
#36380
0!
0"
1:
11
15
03
12
00
1/
1+
1%
#36385
1!
1"
b1001011 6
#36390
0!
0"
1:
1$
01
14
02
10
1-
0+
1*
1)
1(
1'
#36395
1!
1"
#36400
0!
0"
1:
0$
00
1,
0*
0(
11
#36405
1!
1"
b1100001 6
#36410
0!
0"
1:
13
12
10
0/
0,
1(
0&
0%
#36415
1!
1"
b11001011 6
#36420
0!
0"
1:
01
05
03
00
1/
1.
0-
1,
1+
1&
#36425
1!
1"
#36430
0!
0"
1:
15
02
0/
0.
1-
0,
1*
0'
0&
#36435
1!
1"
#36440
0!
0"
1:
1$
11
04
1/
1.
0-
1,
0*
0)
0(
1'
1%
#36445
1!
1"
b11101010 6
#36450
0!
0"
1:
0$
14
13
10
0/
0.
1-
0+
1&
#36455
1!
1"
b11001110 6
#36460
0!
0"
1:
01
05
03
12
1/
1*
0'
#36465
1!
1"
#36470
0!
0"
1:
11
04
0-
0*
1)
1(
1'
#36475
1!
1"
b1100001 6
#36480
0!
0"
1:
01
15
13
02
0/
1*
0%
#36485
1!
1"
#36490
0!
0"
1:
11
14
03
12
00
1-
1+
0'
0&
#36495
1!
1"
b100110 6
#36500
0!
0"
1:
1$
01
13
02
0-
0+
1'
1&
#36505
1!
1"
#36510
0!
0"
1:
0$
04
03
10
1/
1.
0,
0*
0'
0&
1%
#36515
1!
1"
#36520
0!
0"
1:
1$
11
05
13
0/
0.
1-
1+
1'
#36525
1!
1"
b100101 6
#36530
0!
0"
1:
0$
15
03
0+
0%
#36535
1!
1"
b11101010 6
#36540
0!
0"
1:
1$
01
13
12
00
1/
0-
1,
1*
0)
0'
#36545
1!
1"
#36550
0!
0"
1:
0$
11
14
03
0/
1.
0,
1+
1)
1&
1%
#36555
1!
1"
b10101001 6
#36560
0!
0"
1:
1$
02
1/
0.
0*
0&
0%
#36565
1!
1"
b1100001 6
#36570
0!
0"
1:
01
05
04
1.
1-
0+
1'
#36575
1!
1"
#36580
0!
0"
1:
15
14
13
12
0/
0.
0-
1+
1*
0)
0(
1&
#36585
1!
1"
#36590
0!
0"
1:
11
02
10
1-
1,
0*
0&
1%
#36595
1!
1"
b11010000 6
#36600
0!
0"
1:
0$
05
12
00
1/
0,
1*
1(
0'
1&
#36605
1!
1"
b1011101 6
#36610
0!
0"
1:
15
02
10
0*
1)
1'
0&
0%
#36615
1!
1"
b11010000 6
#36620
0!
0"
1:
01
05
0/
0-
1,
1*
0(
1&
#36625
1!
1"
#36630
0!
0"
1:
11
15
00
0,
0+
0*
0'
0&
#36635
1!
1"
#36640
0!
0"
1:
01
05
04
10
1-
1+
0)
1%
#36645
1!
1"
#36650
0!
0"
1:
1$
15
03
12
1/
1.
0+
1)
1'
0%
#36655
1!
1"
#36660
0!
0"
1:
11
05
14
13
02
1+
1*
0)
1(
1&
1%
#36665
1!
1"
b1100000 6
#36670
0!
0"
1:
0$
04
12
00
0/
0.
0-
0+
0*
0(
0'
0%
#36675
1!
1"
b10111010 6
#36680
0!
0"
1:
1$
01
14
03
02
1/
1.
1-
1,
1*
1)
1'
1%
#36685
1!
1"
#36690
0!
0"
1:
0$
11
15
04
10
0/
0.
0-
0,
0)
0'
0&
0%
#36695
1!
1"
b10100010 6
#36700
0!
0"
1:
14
13
12
00
0*
1)
1(
1&
#36705
1!
1"
b1101111 6
#36710
0!
0"
1:
1$
01
05
03
10
1/
1-
1,
1+
1*
0(
1'
0&
1%
#36715
1!
1"
#36720
0!
0"
1:
0$
13
02
00
0/
0-
0,
0+
0)
1(
0%
#36725
1!
1"
#36730
0!
0"
1:
11
04
12
1/
0*
1)
0(
0'
1&
1%
#36735
1!
1"
b10111010 6
#36740
0!
0"
1:
1$
01
02
10
1-
1+
1(
0&
#36745
1!
1"
#36750
0!
0"
1:
0$
14
12
0/
1.
1*
0)
1&
#36755
1!
1"
#36760
0!
0"
1:
1$
15
02
00
0-
1,
0*
1)
0(
1'
#36765
1!
1"
#36770
0!
0"
1:
11
05
10
1*
0)
1(
0'
0&
#36775
1!
1"
b1100000 6
#36780
0!
0"
1:
0$
15
04
0.
1-
0,
1'
1&
0%
#36785
1!
1"
b10001101 6
#36790
0!
0"
1:
1$
01
14
03
12
00
1.
0-
1,
0+
0*
1)
0(
0'
0&
1%
#36795
1!
1"
#36800
0!
0"
1:
0$
02
0,
1*
0)
#36805
1!
1"
#36810
0!
0"
1:
1$
11
13
0.
1-
1+
0*
1'
1&
#36815
1!
1"
b11010000 6
#36820
0!
0"
1:
0$
05
04
03
12
1/
1.
0-
1)
1(
0'
0&
0%
#36825
1!
1"
b10010100 6
#36830
0!
0"
1:
1$
01
14
10
0.
1-
0+
1*
0)
1&
#36835
1!
1"
#36840
0!
0"
1:
11
15
02
00
1,
1+
1)
0(
1'
0&
#36845
1!
1"
b10001110 6
#36850
0!
0"
1:
0$
05
04
13
0*
0)
1%
#36855
1!
1"
b100101 6
#36860
0!
0"
1:
01
12
10
0,
1*
1)
1(
0'
0%
#36865
1!
1"
#36870
0!
0"
1:
1$
11
02
00
0/
1.
0-
1,
0+
0)
1&
#36875
1!
1"
#36880
0!
0"
1:
01
15
03
12
1/
1-
0,
1%
#36885
1!
1"
#36890
0!
0"
1:
05
14
13
10
0/
0-
1,
0*
1)
0&
0%
#36895
1!
1"
#36900
0!
0"
1:
11
03
02
00
1/
0.
0,
1*
1&
#36905
1!
1"
b11111010 6
#36910
0!
0"
1:
01
04
13
1.
1,
1'
#36915
1!
1"
#36920
0!
0"
1:
0$
14
03
12
10
0/
0,
0*
0'
1%
#36925
1!
1"
#36930
0!
0"
1:
1$
04
02
1/
1,
1+
0&
#36935
1!
1"
#36940
0!
0"
1:
11
15
14
13
12
0/
0.
0,
0+
0)
0(
1'
#36945
1!
1"
b1101111 6
#36950
0!
0"
1:
0$
01
05
04
02
1/
1-
1+
1)
1(
0'
1&
0%
#36955
1!
1"
#36960
0!
0"
1:
1$
15
03
0/
0-
1*
0)
1'
#36965
1!
1"
#36970
0!
0"
1:
0$
11
12
1/
1-
1,
0+
0(
0&
#36975
1!
1"
b10110111 6
#36980
0!
0"
1:
01
02
00
0/
0*
#36985
1!
1"
#36990
0!
0"
1:
1$
11
05
14
13
12
0-
1+
1*
1(
1%
#36995
1!
1"
b101000 6
#37000
0!
0"
1:
04
1-
0+
1)
0(
0'
0%
#37005
1!
1"
b10111010 6
#37010
0!
0"
1:
0$
01
15
03
10
1/
0-
1+
0*
1(
1'
#37015
1!
1"
#37020
0!
0"
1:
1$
14
0/
1.
1&
1%
#37025
1!
1"
#37030
0!
0"
1:
0$
11
05
13
02
0.
0,
0+
1*
0(
0'
#37035
1!
1"
b1100000 6
#37040
0!
0"
1:
1$
01
15
04
00
1/
1-
1+
0*
0)
1(
1'
0%
#37045
1!
1"
#37050
0!
0"
1:
11
14
12
10
0/
1,
0+
1*
#37055
1!
1"
b10110101 6
#37060
0!
0"
1:
01
05
04
02
1/
1.
0-
1+
0&
1%
#37065
1!
1"
#37070
0!
0"
1:
0$
14
03
0/
0.
1-
0,
#37075
1!
1"
#37080
0!
0"
1:
11
13
00
1/
1.
1,
0(
0'
1&
0%
#37085
1!
1"
b1100000 6
#37090
0!
0"
1:
15
04
10
0.
0+
0*
1)
1(
#37095
1!
1"
b11000010 6
#37100
0!
0"
1:
14
0/
1.
0-
1+
1*
0)
1%
#37105
1!
1"
b1011001 6
#37110
0!
0"
1:
04
00
1/
1-
1)
0&
#37115
1!
1"
b11000010 6
#37120
0!
0"
1:
1$
01
12
0/
0.
0-
0*
#37125
1!
1"
#37130
0!
0"
1:
14
03
02
0+
1*
1&
#37135
1!
1"
#37140
0!
0"
1:
0$
11
05
04
13
1.
0,
1+
0*
0)
0&
0%
#37145
1!
1"
b100101 6
#37150
0!
0"
1:
1$
14
1-
1,
0+
0(
1'
1%
#37155
1!
1"
b1100000 6
#37160
0!
0"
1:
0$
01
15
03
1/
0.
0-
1+
1*
1)
1&
0%
#37165
1!
1"
#37170
0!
0"
1:
11
04
13
10
1.
0*
0)
1(
0&
1%
#37175
1!
1"
b11000010 6
#37180
0!
0"
1:
01
14
03
0.
1-
1)
0'
#37185
1!
1"
#37190
0!
0"
1:
1$
04
00
1*
#37195
1!
1"
#37200
0!
0"
1:
0$
0/
0-
0+
0*
0)
1'
1&
0%
11
#37205
1!
1"
b10010101 6
#37210
0!
0"
1:
1$
01
14
1/
1-
1*
#37215
1!
1"
#37220
0!
0"
1:
0$
11
05
13
0/
1.
0-
1+
1)
0(
#37225
1!
1"
b1100000 6
#37230
0!
0"
1:
01
03
10
0.
1-
0+
1(
0&
#37235
1!
1"
#37240
0!
0"
1:
11
15
04
13
12
00
1/
0,
1+
0(
0'
1&
1%
#37245
1!
1"
b11010000 6
#37250
0!
0"
1:
1$
01
14
02
1,
0)
1'
0&
#37255
1!
1"
#37260
0!
0"
1:
0$
11
05
0/
0-
0+
0*
#37265
1!
1"
b1100000 6
#37270
0!
0"
1:
1$
04
12
1/
1.
1-
0,
1)
1(
0'
0%
#37275
1!
1"
b10111010 6
#37280
0!
0"
1:
0$
01
14
0/
0.
1,
1*
1'
1&
1%
#37285
1!
1"
#37290
0!
0"
1:
04
02
1.
0-
0*
0%
#37295
1!
1"
#37300
0!
0"
1:
1$
11
03
10
1/
1+
1*
#37305
1!
1"
b11011000 6
#37310
0!
0"
1:
0$
15
14
13
12
1-
0,
0+
0*
0(
1%
#37315
1!
1"
b10110101 6
#37320
0!
0"
1:
05
04
02
00
0.
0-
1+
0'
0&
#37325
1!
1"
b100101 6
#37330
0!
0"
1:
01
03
12
0/
1.
1-
0+
1*
0)
1(
1'
1&
0%
#37335
1!
1"
#37340
0!
0"
1:
1$
15
14
0&
#37345
1!
1"
#37350
0!
0"
1:
0$
11
04
02
0.
0-
0*
1)
0(
#37355
1!
1"
b10001110 6
#37360
0!
0"
1:
1$
01
05
13
12
10
1*
0'
1&
#37365
1!
1"
#37370
0!
0"
1:
14
02
00
1/
1.
1-
1+
0*
1'
0&
#37375
1!
1"
#37380
0!
0"
1:
0$
11
15
0/
0.
0+
1*
1&
1%
#37385
1!
1"
b11110111 6
#37390
0!
0"
1:
01
04
03
0-
0*
0&
0%
#37395
1!
1"
#37400
0!
0"
1:
1$
14
13
10
1/
1-
1*
1(
0'
1%
#37405
1!
1"
#37410
0!
0"
1:
05
0/
1.
0)
0(
1&
#37415
1!
1"
#37420
0!
0"
1:
0$
12
00
0.
1,
1)
1'
0&
0%
#37425
1!
1"
#37430
0!
0"
1:
15
03
10
0-
1+
0*
1(
0'
1%
#37435
1!
1"
#37440
0!
0"
1:
11
05
04
02
1/
1.
0,
0+
1*
0(
1'
1&
0%
#37445
1!
1"
b11011000 6
#37450
0!
0"
1:
1$
15
12
0.
0)
0'
0&
#37455
1!
1"
b11001011 6
#37460
0!
0"
1:
0$
01
05
14
00
1+
0*
1'
#37465
1!
1"
#37470
0!
0"
1:
1$
11
04
02
0/
1-
0+
1)
1&
1%
#37475
1!
1"
b1000011 6
#37480
0!
0"
1:
15
10
0-
1,
1+
0)
0'
0&
0%
#37485
1!
1"
b10001110 6
#37490
0!
0"
1:
0$
01
05
13
00
1/
1.
0,
1*
1(
1'
#37495
1!
1"
#37500
0!
0"
1:
11
15
14
0/
1-
0+
0*
0(
1%
#37505
1!
1"
b11110111 6
#37510
0!
0"
1:
12
1,
1*
1)
1(
0'
#37515
1!
1"
b10110101 6
#37520
0!
0"
1:
1$
01
05
04
03
02
10
0.
0-
0,
1'
0%
#37525
1!
1"
#37530
0!
0"
1:
15
14
13
00
1/
1-
1+
0)
0'
1&
#37535
1!
1"
#37540
0!
0"
1:
0$
11
05
04
03
12
1.
1,
0&
#37545
1!
1"
b10010100 6
#37550
0!
0"
1:
01
15
14
0,
0*
1'
1&
#37555
1!
1"
#37560
0!
0"
1:
11
04
13
02
0/
0+
1*
1)
0(
0'
0&
1%
#37565
1!
1"
b1101010 6
#37570
0!
0"
1:
1$
01
05
12
10
1/
0.
0*
0)
1(
#37575
1!
1"
#37580
0!
0"
1:
11
15
14
03
00
0(
1&
#37585
1!
1"
b1110111 6
#37590
0!
0"
1:
0$
05
04
13
1,
1*
1(
0&
#37595
1!
1"
b1010 6
#37600
0!
0"
1:
1$
03
1.
0-
0,
0*
0(
0%
#37605
1!
1"
b10010100 6
#37610
0!
0"
1:
01
15
13
02
0/
0.
1+
1&
1%
#37615
1!
1"
#37620
0!
0"
1:
0$
05
12
10
1,
0+
1*
1)
1'
0%
#37625
1!
1"
#37630
0!
0"
1:
1$
11
15
03
1/
1.
1-
0,
1+
0*
1(
0'
0&
#37635
1!
1"
b1011 6
#37640
0!
0"
1:
0$
01
14
02
00
0/
1*
0(
#37645
1!
1"
#37650
0!
0"
1:
04
13
10
0-
0*
0)
#37655
1!
1"
#37660
0!
0"
1:
1$
14
12
1/
1,
0+
1)
1&
#37665
1!
1"
#37670
0!
0"
1:
11
05
04
00
0.
1-
1(
1'
1%
#37675
1!
1"
b100000 6
#37680
0!
0"
1:
01
14
10
0/
1.
0,
1*
0(
0'
0&
#37685
1!
1"
#37690
0!
0"
1:
15
03
00
1/
0.
0-
1(
1&
0%
#37695
1!
1"
#37700
0!
0"
1:
05
0/
1,
1+
0)
0&
#37705
1!
1"
#37710
0!
0"
1:
11
15
13
0*
1'
1&
1%
#37715
1!
1"
b10011010 6
#37720
0!
0"
1:
01
05
04
03
02
1.
1-
0,
0+
1*
0(
0%
#37725
1!
1"
#37730
0!
0"
1:
1/
0-
0*
1)
1(
0'
0&
11
#37735
1!
1"
b110 6
#37740
0!
0"
1:
0$
01
15
14
12
0/
0.
1+
1'
#37745
1!
1"
#37750
0!
0"
1:
1$
11
02
1*
0(
1%
#37755
1!
1"
b11000001 6
#37760
0!
0"
1:
01
05
04
13
12
10
1(
0'
1&
0%
#37765
1!
1"
#37770
0!
0"
1:
0$
11
14
03
00
1/
1.
1-
0+
0)
0(
0&
1%
#37775
1!
1"
b11100000 6
#37780
0!
0"
1:
01
02
10
0/
1,
1+
0*
1'
1&
#37785
1!
1"
#37790
0!
0"
1:
1$
15
13
12
0-
0+
1*
1)
0'
#37795
1!
1"
#37800
0!
0"
1:
03
1(
1'
#37805
1!
1"
#37810
0!
0"
1:
13
1/
0,
1+
0(
0'
0%
#37815
1!
1"
#37820
0!
0"
1:
11
03
02
0)
1'
0&
#37825
1!
1"
b11000001 6
#37830
0!
0"
1:
0$
01
04
00
0/
1-
1,
0+
0*
1)
1(
#37835
1!
1"
#37840
0!
0"
1:
1$
05
14
10
0.
1*
0'
1&
1%
#37845
1!
1"
#37850
0!
0"
1:
15
04
00
1.
0,
1+
0*
1'
#37855
1!
1"
#37860
0!
0"
1:
0$
11
05
14
13
12
#37865
1!
1"
b10001000 6
#37870
0!
0"
1:
01
15
03
02
10
1/
0.
1,
0+
1*
0)
0%
#37875
1!
1"
#37880
0!
0"
1:
1$
05
04
13
00
0/
0-
0,
1)
0'
0&
1%
#37885
1!
1"
#37890
0!
0"
1:
0$
11
15
14
03
12
10
1/
1-
1+
0(
1'
1&
#37895
1!
1"
b1110111 6
#37900
0!
0"
1:
1$
01
05
04
02
00
1.
#37905
1!
1"
#37910
0!
0"
1:
11
15
14
13
12
0.
0)
#37915
1!
1"
b10101100 6
#37920
0!
0"
1:
01
02
1.
0-
0+
1)
1(
0'
0&
0%
#37925
1!
1"
#37930
0!
0"
1:
0$
11
05
12
10
0.
1-
1,
1%
#37935
1!
1"
b1101010 6
#37940
0!
0"
1:
04
02
00
0/
1.
0,
1+
0*
1&
#37945
1!
1"
b11100111 6
#37950
0!
0"
1:
1$
01
15
14
10
0)
0(
0&
0%
#37955
1!
1"
#37960
0!
0"
1:
11
04
03
12
1/
1,
1*
1(
#37965
1!
1"
b11000000 6
#37970
0!
0"
1:
01
05
02
0/
0.
0,
0(
#37975
1!
1"
#37980
0!
0"
1:
15
14
13
00
1/
1.
0-
0+
0*
1)
1(
1&
#37985
1!
1"
#37990
0!
0"
1:
05
03
10
0.
1,
1*
1%
#37995
1!
1"
#38000
0!
0"
1:
0$
11
13
12
00
0/
1.
1-
0,
0(
1'
#38005
1!
1"
b1101010 6
#38010
0!
0"
1:
1$
01
03
02
1/
0.
0-
1+
0)
1(
0'
0&
0%
#38015
1!
1"
#38020
0!
0"
1:
12
0/
1,
0+
0*
1'
1%
#38025
1!
1"
#38030
0!
0"
1:
0$
11
13
02
10
1.
1-
1+
1*
0(
0'
0%
#38035
1!
1"
b1001100 6
#38040
0!
0"
1:
01
04
12
00
0-
0+
0*
1)
1&
1%
#38045
1!
1"
#38050
0!
0"
1:
14
03
02
0.
0)
1'
#38055
1!
1"
#38060
0!
0"
1:
1$
11
15
04
13
10
1/
0,
1*
1)
1(
#38065
1!
1"
b10000110 6
#38070
0!
0"
1:
05
03
12
0/
1+
0*
0&
#38075
1!
1"
b11001101 6
#38080
0!
0"
1:
01
14
02
0+
1*
1&
0%
#38085
1!
1"
#38090
0!
0"
1:
04
1/
1.
0*
0)
0(
0&
#38095
1!
1"
#38100
0!
0"
1:
11
12
00
0/
1+
1*
0'
1&
1%
#38105
1!
1"
#38110
0!
0"
1:
15
14
10
0.
1,
0+
0*
1(
1'
0%
#38115
1!
1"
b10100001 6
#38120
0!
0"
1:
0$
04
13
02
1-
0,
1+
1*
1)
0'
0&
1%
#38125
1!
1"
b10000110 6
#38130
0!
0"
1:
05
14
03
1/
1.
1,
0*
0%
#38135
1!
1"
b111 6
#38140
0!
0"
1:
1$
01
04
12
0/
0-
0)
1&
1%
#38145
1!
1"
#38150
0!
0"
1:
0.
0,
0+
1*
1'
0&
11
#38155
1!
1"
b11001101 6
#38160
0!
0"
1:
0$
15
13
02
1/
1.
1-
1+
0(
#38165
1!
1"
b10000110 6
#38170
0!
0"
1:
14
03
0/
0-
1(
0'
#38175
1!
1"
b11000001 6
#38180
0!
0"
1:
1$
04
13
12
00
0*
0%
#38185
1!
1"
b110101 6
#38190
0!
0"
1:
01
03
02
0.
1-
1,
0+
1*
1'
#38195
1!
1"
#38200
0!
0"
1:
0$
05
14
12
10
1/
1.
0,
0(
1%
#38205
1!
1"
#38210
0!
0"
1:
11
15
13
00
0.
0-
0*
1(
1&
0%
#38215
1!
1"
b11000011 6
#38220
0!
0"
1:
1$
01
05
04
03
10
1-
1*
0(
1%
#38225
1!
1"
#38230
0!
0"
1:
02
00
0/
1+
1)
1(
0'
#38235
1!
1"
#38240
0!
0"
1:
14
13
12
10
0+
0*
0)
#38245
1!
1"
#38250
0!
0"
1:
0$
03
1+
0&
0%
#38255
1!
1"
#38260
0!
0"
1:
1$
11
15
04
13
02
00
1/
1*
1)
0(
1'
1&
1%
#38265
1!
1"
b10000110 6
#38270
0!
0"
1:
0$
01
14
10
0*
0)
0'
0%
#38275
1!
1"
#38280
0!
0"
1:
05
00
0/
1.
0-
1,
1*
1)
0&
1%
#38285
1!
1"
#38290
0!
0"
1:
1/
1-
0)
1'
11
#38295
1!
1"
b1001100 6
#38300
0!
0"
1:
1$
01
15
03
10
0/
0,
0+
1(
0%
#38305
1!
1"
#38310
0!
0"
1:
0$
04
13
00
1/
1+
0*
1)
0(
0'
1&
#38315
1!
1"
#38320
0!
0"
1:
11
03
12
0/
0-
1,
0+
#38325
1!
1"
b11000000 6
#38330
0!
0"
1:
1$
01
14
1/
0.
1-
1+
1*
0)
1(
1%
#38335
1!
1"
#38340
0!
0"
1:
0$
11
13
10
0/
0,
0(
0&
#38345
1!
1"
b11000011 6
#38350
0!
0"
1:
01
04
02
00
1/
1.
0-
1,
0+
0*
1(
1&
#38355
1!
1"
#38360
0!
0"
1:
1$
05
14
03
0/
1-
1)
0(
#38365
1!
1"
#38370
0!
0"
1:
11
13
12
0.
0-
1*
0)
1'
0&
0%
#38375
1!
1"
b11101010 6
#38380
0!
0"
1:
10
1/
1.
1+
0*
1(
#38385
1!
1"
#38390
0!
0"
1:
01
04
02
00
0/
0.
1-
0(
1%
#38395
1!
1"
#38400
0!
0"
1:
0$
15
14
03
12
1/
0-
0+
0'
#38405
1!
1"
#38410
0!
0"
1:
1$
04
02
10
1-
0,
1+
1)
1&
#38415
1!
1"
#38420
0!
0"
1:
05
13
00
0-
1,
0)
0&
0%
#38425
1!
1"
#38430
0!
0"
1:
11
15
03
12
10
1.
0,
0+
1)
1(
1%
#38435
1!
1"
b11000000 6
#38440
0!
0"
1:
05
14
13
0/
1+
1*
1'
1&
#38445
1!
1"
b11101010 6
#38450
0!
0"
1:
01
15
04
00
0.
1-
0*
0)
0&
0%
#38455
1!
1"
#38460
0!
0"
1:
0$
02
1,
0+
1*
1)
0'
1%
#38465
1!
1"
#38470
0!
0"
1:
1$
05
14
10
1/
0-
#38475
1!
1"
#38480
0!
0"
1:
0$
11
04
03
12
00
1.
1-
0,
1+
0)
1&
#38485
1!
1"
b11001101 6
#38490
0!
0"
1:
10
0.
0-
0+
0*
1)
0(
0%
01
#38495
1!
1"
#38500
0!
0"
1:
1$
11
15
00
1,
1*
0)
1(
1%
#38505
1!
1"
b11010011 6
#38510
0!
0"
1:
0$
01
05
14
13
02
1-
0&
#38515
1!
1"
#38520
0!
0"
1:
1$
11
15
0/
1.
1)
1'
1&
0%
#38525
1!
1"
b10001 6
#38530
0!
0"
1:
05
04
1/
0.
0,
0*
#38535
1!
1"
b11100111 6
#38540
0!
0"
1:
0$
15
03
12
10
0/
1+
1*
#38545
1!
1"
b11010011 6
#38550
0!
0"
1:
13
1.
0-
1,
0+
0'
0&
#38555
1!
1"
b1010010 6
#38560
0!
0"
1:
01
05
03
02
0.
0)
0(
1%
#38565
1!
1"
#38570
0!
0"
1:
1$
15
12
00
1.
1-
1+
0*
1'
1&
0%
#38575
1!
1"
#38580
0!
0"
1:
0$
13
10
1/
0+
1(
0'
#38585
1!
1"
#38590
0!
0"
1:
1$
14
03
0/
0.
0(
1'
0&
#38595
1!
1"
#38600
0!
0"
1:
0$
05
04
13
1+
1*
1(
1%
#38605
1!
1"
#38610
0!
0"
1:
11
15
03
1/
0-
0,
1)
1&
#38615
1!
1"
b11010011 6
#38620
0!
0"
1:
01
13
02
00
0/
1,
0*
0(
0&
#38625
1!
1"
#38630
0!
0"
1:
1$
11
05
1.
0,
0+
1*
1(
#38635
1!
1"
b11100111 6
#38640
0!
0"
1:
0$
01
12
10
1/
0*
0(
0%
#38645
1!
1"
#38650
0!
0"
1:
14
03
02
1,
1+
1*
0)
1%
#38655
1!
1"
#38660
0!
0"
1:
15
12
00
0.
0,
1)
0%
#38665
1!
1"
#38670
0!
0"
1:
1$
11
05
13
02
10
1.
1,
0+
0)
1(
0'
1&
#38675
1!
1"
b111100 6
#38680
0!
0"
1:
0$
04
0*
1'
#38685
1!
1"
b11100111 6
#38690
0!
0"
1:
15
14
03
12
00
0/
0,
1+
1%
#38695
1!
1"
b11000100 6
#38700
0!
0"
1:
1$
04
13
1/
1,
0+
1*
0(
0&
0%
#38705
1!
1"
b1010010 6
#38710
0!
0"
1:
0$
05
14
02
10
0,
1+
1)
1(
0'
#38715
1!
1"
b111100 6
#38720
0!
0"
1:
04
03
12
00
1,
0*
0(
1&
#38725
1!
1"
b11001101 6
#38730
0!
0"
1:
15
14
10
0.
1(
0&
#38735
1!
1"
b11000100 6
#38740
0!
0"
1:
1$
01
04
02
0/
0,
1*
0)
0(
1%
#38745
1!
1"
#38750
0!
0"
1:
0$
11
05
14
00
1/
1.
1,
1)
1&
#38755
1!
1"
b1010110 6
#38760
0!
0"
1:
1$
01
15
04
13
0/
0.
1-
0,
0)
0&
#38765
1!
1"
#38770
0!
0"
1:
05
03
12
1.
0-
1,
0+
0*
0%
#38775
1!
1"
#38780
0!
0"
1:
11
15
10
1/
0,
1+
1*
1(
#38785
1!
1"
b11010011 6
#38790
0!
0"
1:
0$
02
00
0/
0*
1'
1&
1%
#38795
1!
1"
b1100111 6
#38800
0!
0"
1:
01
05
14
13
10
1/
0.
0+
0&
#38805
1!
1"
#38810
0!
0"
1:
1$
03
1-
1,
1+
1)
0(
1&
#38815
1!
1"
#38820
0!
0"
1:
0$
11
15
0/
0%
#38825
1!
1"
b101000 6
#38830
0!
0"
1:
1$
05
13
12
1.
0-
0,
0+
1(
0'
0&
#38835
1!
1"
b10111011 6
#38840
0!
0"
1:
0$
01
15
03
1/
1,
1+
1*
0)
1&
#38845
1!
1"
#38850
0!
0"
1:
05
0,
0+
0*
0(
#38855
1!
1"
#38860
0!
0"
1:
11
15
13
02
00
1+
1)
1(
0&
1%
#38865
1!
1"
b10001010 6
#38870
0!
0"
1:
01
03
12
10
0/
0.
1-
0+
1*
0(
#38875
1!
1"
#38880
0!
0"
1:
1$
11
04
13
00
1/
1.
1&
0%
#38885
1!
1"
b1010010 6
#38890
0!
0"
1:
0$
01
14
10
0.
0-
0)
1'
0&
1%
#38895
1!
1"
#38900
0!
0"
1:
11
04
03
1-
0*
1(
1&
0%
#38905
1!
1"
b11010011 6
#38910
0!
0"
1:
1$
01
05
14
02
0/
1.
0-
1+
1*
1)
0'
1%
#38915
1!
1"
#38920
0!
0"
1:
04
13
1,
0*
0)
0&
0%
#38925
1!
1"
#38930
0!
0"
1:
0$
11
15
14
03
00
1/
0.
0,
0+
1*
0(
1'
1&
#38935
1!
1"
b101000 6
#38940
0!
0"
1:
1$
01
04
13
12
0/
1.
1,
0*
1)
1%
#38945
1!
1"
#38950
0!
0"
1:
05
03
1/
0.
1+
1*
0)
0'
0%
#38955
1!
1"
#38960
0!
0"
1:
0$
14
02
10
0/
1.
1-
0*
1'
0&
1%
#38965
1!
1"
#38970
0!
0"
1:
1$
15
13
00
0-
0,
1*
1(
#38975
1!
1"
#38980
0!
0"
1:
0$
11
03
12
1/
1-
1,
0+
0*
1)
0(
0'
1&
#38985
1!
1"
b1100100 6
#38990
0!
0"
1:
1$
01
05
13
02
10
0/
0-
0)
0%
#38995
1!
1"
#39000
0!
0"
1:
15
12
1/
0.
1+
1(
1'
0&
#39005
1!
1"
#39010
0!
0"
1:
11
05
02
1-
0,
1*
1)
0(
0'
#39015
1!
1"
b111100 6
#39020
0!
0"
1:
15
1,
0+
0*
0)
1'
1&
#39025
1!
1"
b10001010 6
#39030
0!
0"
1:
0$
01
04
12
00
0/
0,
1*
1)
0&
#39035
1!
1"
#39040
0!
0"
1:
1$
11
03
1.
0-
1,
0*
1%
#39045
1!
1"
b11010011 6
#39050
0!
0"
1:
0$
1-
0)
1(
0'
1&
0%
#39055
1!
1"
#39060
0!
0"
1:
01
05
13
10
0.
0-
0,
1+
1*
1)
0(
1'
0&
1%
#39065
1!
1"
#39070
0!
0"
1:
1$
00
1(
1&
0%
11
#39075
1!
1"
b10101011 6
#39080
0!
0"
1:
01
15
14
03
1.
1,
1%
#39085
1!
1"
#39090
0!
0"
1:
0$
11
05
10
1/
1-
0,
0+
0)
0(
0&
0%
#39095
1!
1"
b10010100 6
#39100
0!
0"
1:
01
04
13
0-
0*
1)
1&
1%
#39105
1!
1"
#39110
0!
0"
1:
1$
15
14
03
00
0/
0.
1,
1*
1(
0&
#39115
1!
1"
#39120
0!
0"
1:
05
13
02
0*
0(
0%
#39125
1!
1"
#39130
0!
0"
1:
0$
03
12
10
0,
1(
#39135
1!
1"
#39140
0!
0"
1:
1/
1.
1+
0)
0'
1&
#39145
1!
1"
#39150
0!
0"
1:
1$
11
15
04
02
0/
1)
1'
#39155
1!
1"
b110101 6
#39160
0!
0"
1:
0$
01
05
00
1/
0.
1-
0(
0&
1%
#39165
1!
1"
#39170
0!
0"
1:
15
12
0-
1(
0'
1&
#39175
1!
1"
#39180
0!
0"
1:
10
0/
1.
0+
1*
0%
#39185
1!
1"
#39190
0!
0"
1:
0.
1+
0*
0)
1'
#39195
1!
1"
#39200
0!
0"
1:
11
14
13
02
00
1/
1-
1,
1*
1)
0'
0&
1%
#39205
1!
1"
b10100101 6
#39210
0!
0"
1:
1$
05
04
1.
0,
0+
1'
1&
0%
#39215
1!
1"
b10101 6
#39220
0!
0"
1:
0$
01
14
03
12
10
0-
1+
0)
0&
1%
#39225
1!
1"
#39230
0!
0"
1:
1$
15
02
0.
1,
0*
1&
0%
#39235
1!
1"
#39240
0!
0"
1:
0$
12
00
0/
1-
1*
1)
0(
0'
#39245
1!
1"
#39250
0!
0"
1:
1$
11
02
10
1/
1.
0-
0,
0)
1(
0&
#39255
1!
1"
b110011 6
#39260
0!
0"
1:
05
12
00
0.
0+
1)
1%
#39265
1!
1"
b10010100 6
#39270
0!
0"
1:
01
04
1+
1'
#39275
1!
1"
#39280
0!
0"
1:
15
13
02
10
0/
1.
#39285
1!
1"
#39290
0!
0"
1:
05
12
00
1/
1,
0(
1&
0%
#39295
1!
1"
#39300
0!
0"
1:
03
02
0/
0+
1(
0'
0&
1%
#39305
1!
1"
#39310
0!
0"
1:
0$
15
13
10
1/
0.
1+
0*
1&
#39315
1!
1"
#39320
0!
0"
1:
1$
05
14
12
00
1-
0,
0+
1*
0)
0(
0&
0%
#39325
1!
1"
#39330
0!
0"
1:
0$
11
03
02
10
0/
1.
0-
0*
1(
1&
1%
#39335
1!
1"
b10010000 6
#39340
0!
0"
1:
1$
1/
1-
1,
1)
1'
0&
01
#39345
1!
1"
#39350
0!
0"
1:
11
15
13
0/
0.
0,
1+
0%
#39355
1!
1"
b110011 6
#39360
0!
0"
1:
0$
05
04
12
00
1/
1.
0+
0)
0(
0'
1&
1%
#39365
1!
1"
b10101011 6
#39370
0!
0"
1:
14
03
0.
1,
1+
1*
1(
0%
#39375
1!
1"
b10010100 6
#39380
0!
0"
1:
1$
01
15
13
02
10
0/
0-
0,
0+
0*
0&
#39385
1!
1"
#39390
0!
0"
1:
03
12
00
1.
1+
1*
0(
1&
1%
#39395
1!
1"
#39400
0!
0"
1:
0$
11
04
1/
0*
1(
0&
#39405
1!
1"
b11010100 6
#39410
0!
0"
1:
05
13
10
0/
0.
1,
0+
#39415
1!
1"
b1100100 6
#39420
0!
0"
1:
1$
14
00
0,
1+
0(
1'
0%
#39425
1!
1"
b10010100 6
#39430
0!
0"
1:
0$
01
04
03
10
1/
1.
1-
0+
1*
1)
1(
1%
#39435
1!
1"
#39440
0!
0"
1:
1$
11
15
14
0.
0-
1,
0)
0'
1&
#39445
1!
1"
b10011111 6
#39450
0!
0"
1:
0$
05
13
02
1.
1-
0,
1+
0*
1)
0&
0%
#39455
1!
1"
b11110110 6
#39460
0!
0"
1:
1$
03
00
0/
0.
0(
1&
#39465
1!
1"
b100000 6
#39470
0!
0"
1:
15
13
12
1.
0-
0+
0)
1'
#39475
1!
1"
b11110100 6
#39480
0!
0"
1:
0$
05
02
1/
0.
1-
1+
1*
0'
0&
1%
#39485
1!
1"
b100 6
#39490
0!
0"
1:
04
03
1.
0-
0+
0*
1(
#39495
1!
1"
b1001010 6
#39500
0!
0"
1:
1$
01
12
0/
1-
1*
0(
1'
1&
#39505
1!
1"
#39510
0!
0"
1:
11
13
02
10
0.
0-
0*
0&
#39515
1!
1"
b10101000 6
#39520
0!
0"
1:
14
12
1/
1)
0'
0%
#39525
1!
1"
b1001100 6
#39530
0!
0"
1:
0$
00
1.
1-
1+
1(
1&
01
#39535
1!
1"
#39540
0!
0"
1:
0-
1,
0+
0)
1%
11
#39545
1!
1"
#39550
0!
0"
1:
15
0/
0.
1+
#39555
1!
1"
b11110100 6
#39560
0!
0"
1:
1$
04
1.
1-
1*
1)
0&
#39565
1!
1"
b1010011 6
#39570
0!
0"
1:
01
14
1/
0.
0-
0,
0+
0*
0)
#39575
1!
1"
#39580
0!
0"
1:
0$
05
04
02
10
0/
1.
1-
1+
1)
1&
#39585
1!
1"
#39590
0!
0"
1:
1$
00
0+
0)
1'
0%
11
#39595
1!
1"
b10101000 6
#39600
0!
0"
1:
0$
15
12
1/
1*
1)
0'
1%
#39605
1!
1"
b1010011 6
#39610
0!
0"
1:
01
05
03
10
0/
1,
0(
0&
0%
#39615
1!
1"
#39620
0!
0"
1:
11
15
14
13
1/
0.
0-
1+
0)
1(
1'
1%
#39625
1!
1"
b11110100 6
#39630
0!
0"
1:
01
05
03
1-
0,
0+
0*
1&
0%
#39635
1!
1"
#39640
0!
0"
1:
1$
15
1.
1,
1+
1*
1%
#39645
1!
1"
#39650
0!
0"
1:
11
05
02
00
0/
0-
0+
1)
0(
0'
0&
#39655
1!
1"
b100000 6
#39660
0!
0"
1:
01
04
12
0.
1-
0,
1&
0%
#39665
1!
1"
#39670
0!
0"
1:
0$
11
15
14
1.
1,
1+
0*
0)
1(
1'
0&
#39675
1!
1"
b10011111 6
#39680
0!
0"
1:
1$
01
04
13
0.
0-
1)
1&
#39685
1!
1"
#39690
0!
0"
1:
14
1-
0(
0&
#39695
1!
1"
#39700
0!
0"
1:
05
04
10
1/
1.
0-
1*
1(
0'
1&
1%
#39705
1!
1"
#39710
0!
0"
1:
0$
11
15
03
02
00
0/
1-
0,
0+
0*
0)
1'
0&
0%
#39715
1!
1"
b1 6
#39720
0!
0"
1:
1$
01
05
13
10
0.
0-
1+
1)
0'
1&
1%
#39725
1!
1"
#39730
0!
0"
1:
0$
15
12
00
1-
0+
0)
1'
#39735
1!
1"
#39740
0!
0"
1:
11
14
03
10
1.
1,
1+
1*
0%
#39745
1!
1"
b10011111 6
#39750
0!
0"
1:
1$
01
04
13
1/
0,
0*
1)
0(
0'
1%
#39755
1!
1"
#39760
0!
0"
1:
05
14
03
00
1,
1*
0)
1'
0&
0%
#39765
1!
1"
#39770
0!
0"
1:
0$
11
15
04
13
02
0/
0,
0+
0*
1(
0'
1&
1%
#39775
1!
1"
b1010111 6
#39780
0!
0"
1:
1$
01
05
12
10
0.
0-
1,
0(
#39785
1!
1"
#39790
0!
0"
1:
0$
14
03
00
1/
1(
1'
0%
#39795
1!
1"
#39800
0!
0"
1:
1$
11
04
0/
0,
1*
1)
0(
0'
#39805
1!
1"
b11010100 6
#39810
0!
0"
1:
01
15
13
02
1/
1.
1+
0*
0)
1'
0&
#39815
1!
1"
#39820
0!
0"
1:
11
05
03
10
0/
0.
1,
1)
1(
1&
1%
#39825
1!
1"
b10000011 6
#39830
0!
0"
1:
01
14
13
1/
0,
0+
0)
0'
#39835
1!
1"
#39840
0!
0"
1:
0$
1-
1+
1*
0(
#39845
1!
1"
#39850
0!
0"
1:
11
04
03
0/
1.
1,
1)
1'
0&
#39855
1!
1"
#39860
0!
0"
1:
1$
01
14
13
0.
0,
0*
1(
1&
0%
#39865
1!
1"
#39870
0!
0"
1:
0$
12
1/
1.
1,
1*
0'
#39875
1!
1"
#39880
0!
0"
1:
1$
04
03
02
0,
0+
0*
0(
#39885
1!
1"
#39890
0!
0"
1:
15
12
00
1,
1(
1'
0&
1%
#39895
1!
1"
#39900
0!
0"
1:
11
05
13
0.
1*
0'
1&
0%
#39905
1!
1"
b10001 6
#39910
0!
0"
1:
01
14
03
02
1.
0-
1+
0*
0(
1'
0&
#39915
1!
1"
#39920
0!
0"
1:
0$
11
13
0/
1-
0,
0+
0)
0'
#39925
1!
1"
b100 6
#39930
0!
0"
1:
1$
12
0.
1+
1*
1)
#39935
1!
1"
b1001100 6
#39940
0!
0"
1:
0$
01
03
02
10
0-
1,
1(
1%
#39945
1!
1"
#39950
0!
0"
1:
11
15
13
00
1.
0*
0(
1&
0%
#39955
1!
1"
b10101001 6
#39960
0!
0"
1:
1/
1-
0+
0&
1%
#39965
1!
1"
#39970
0!
0"
1:
1$
01
05
10
0/
0-
0,
1+
0)
1&
0%
#39975
1!
1"
#39980
0!
0"
1:
0$
04
00
1/
0.
1,
1(
0&
#39985
1!
1"
#39990
0!
0"
1:
11
12
10
1.
1-
0+
1*
1'
1%
#39995
1!
1"
b10001 6
#40000
0!
0"
1:
1$
15
03
00
0,
1+
#40005
1!
1"
b10 6
#40010
0!
0"
1:
0$
05
10
0+
#40015
1!
1"
b11010100 6
#40020
0!
0"
1:
1$
01
15
14
13
02
0-
1,
0*
1)
0(
#40025
1!
1"
#40030
0!
0"
1:
11
05
03
0,
1+
1(
0'
1&
#40035
1!
1"
b10110110 6
#40040
0!
0"
1:
0$
01
04
00
0/
0.
1-
1*
0(
1'
0&
0%
#40045
1!
1"
#40050
0!
0"
1:
1$
11
14
13
12
10
0-
1,
0+
0*
1(
0'
#40055
1!
1"
b1001100 6
#40060
0!
0"
1:
15
04
03
02
00
1+
1*
0)
0(
#40065
1!
1"
b10010001 6
#40070
0!
0"
1:
0$
01
14
13
12
1-
1)
1(
1'
1&
1%
#40075
1!
1"
#40080
0!
0"
1:
11
05
03
0-
0,
0*
0)
0'
#40085
1!
1"
b10010111 6
#40090
0!
0"
1:
1$
01
02
1/
0+
0(
#40095
1!
1"
#40100
0!
0"
1:
11
04
13
12
1*
0&
0%
#40105
1!
1"
b10 6
#40110
0!
0"
1:
0$
01
03
1.
1-
1,
1+
0*
1)
1&
#40115
1!
1"
#40120
0!
0"
1:
11
15
14
13
10
0/
0.
0)
1'
#40125
1!
1"
b10110001 6
#40130
0!
0"
1:
01
05
04
0+
1(
0&
#40135
1!
1"
#40140
0!
0"
1:
1$
11
15
03
1/
1.
0,
1+
1*
#40145
1!
1"
b10 6
#40150
0!
0"
1:
0$
05
14
13
00
0/
0.
1,
0(
1&
#40155
1!
1"
b1001100 6
#40160
0!
0"
1:
1$
03
1/
1.
0,
0+
1)
1(
0'
1%
#40165
1!
1"
b10010111 6
#40170
0!
0"
1:
0$
13
10
0.
1,
1'
0%
#40175
1!
1"
b1001100 6
#40180
0!
0"
1:
1$
01
15
04
00
1.
1+
0*
0)
0(
0'
0&
1%
#40185
1!
1"
#40190
0!
0"
1:
03
0/
0-
0,
1'
1&
0%
#40195
1!
1"
#40200
0!
0"
1:
0$
11
05
14
1/
1-
1,
0+
1(
0&
1%
#40205
1!
1"
b10010111 6
#40210
0!
0"
1:
01
04
02
0-
1)
0(
0'
1&
#40215
1!
1"
#40220
0!
0"
1:
1$
15
13
12
0/
0.
0,
1*
0%
#40225
1!
1"
#40230
0!
0"
1:
05
03
02
10
1/
1-
1+
0*
0)
1(
1'
#40235
1!
1"
#40240
0!
0"
1:
0$
11
15
00
1.
1,
0+
1*
0(
1%
#40245
1!
1"
b10010001 6
#40250
0!
0"
1:
1$
05
14
0-
1+
1)
1(
0&
0%
#40255
1!
1"
b10110110 6
#40260
0!
0"
1:
04
12
10
1-
0+
0*
1&
#40265
1!
1"
b111110 6
#40270
0!
0"
1:
0$
01
15
13
1%
#40275
1!
1"
#40280
0!
0"
1:
1$
05
0/
0.
0,
0%
#40285
1!
1"
#40290
0!
0"
1:
14
03
1,
1*
0(
0'
#40295
1!
1"
#40300
0!
0"
1:
0$
15
04
13
1/
0-
0,
1'
0&
1%
#40305
1!
1"
#40310
0!
0"
1:
11
14
03
00
1-
1+
0*
#40315
1!
1"
b1101110 6
#40320
0!
0"
1:
05
02
10
1.
1,
0)
0'
0%
#40325
1!
1"
b10110110 6
#40330
0!
0"
1:
01
15
12
0/
0-
0+
1*
1)
1(
1%
#40335
1!
1"
#40340
0!
0"
1:
11
04
13
02
00
1/
0.
1-
0,
1+
0*
1'
0%
#40345
1!
1"
b11011010 6
#40350
0!
0"
1:
03
12
0-
1,
0)
0(
1%
#40355
1!
1"
b10 6
#40360
0!
0"
1:
05
14
02
10
0,
0+
1(
1&
0%
#40365
1!
1"
b10110110 6
#40370
0!
0"
1:
1$
00
0/
1.
1+
1*
1)
0(
0'
01
#40375
1!
1"
#40380
0!
0"
1:
11
13
1/
0.
1-
0+
0*
0&
1%
#40385
1!
1"
b100100 6
#40390
0!
0"
1:
0$
03
12
0/
1.
0-
1,
1+
1*
0)
1'
#40395
1!
1"
b10010111 6
#40400
0!
0"
1:
1$
10
1/
0.
0+
0*
1)
0'
1&
#40405
1!
1"
#40410
0!
0"
1:
15
0/
0,
1(
0%
#40415
1!
1"
b1101110 6
#40420
0!
0"
1:
01
02
00
1/
1-
1,
1+
0)
0&
1%
#40425
1!
1"
#40430
0!
0"
1:
13
10
1.
0,
0+
0%
#40435
1!
1"
#40440
0!
0"
1:
11
05
04
0/
0.
1,
1)
0(
1&
1%
#40445
1!
1"
b11100100 6
#40450
0!
0"
1:
0$
14
03
12
00
0-
0,
1+
1(
0&
0%
#40455
1!
1"
b10010111 6
#40460
0!
0"
1:
01
13
02
10
1/
1*
1'
1%
#40465
1!
1"
#40470
0!
0"
1:
03
00
1-
0+
0)
0'
1&
0%
#40475
1!
1"
#40480
0!
0"
1:
1$
1,
1+
0*
0(
0&
1%
#40485
1!
1"
#40490
0!
0"
1:
11
04
12
1.
0-
0+
1*
0%
#40495
1!
1"
b111010 6
#40500
0!
0"
1:
01
14
02
0/
0.
1+
0*
1(
1'
1&
#40505
1!
1"
#40510
0!
0"
1:
15
13
10
1/
1.
0,
0'
#40515
1!
1"
#40520
0!
0"
1:
0$
04
03
12
0/
0.
1-
0+
1)
0&
#40525
1!
1"
#40530
0!
0"
1:
14
13
00
0-
1+
1&
#40535
1!
1"
#40540
0!
0"
1:
11
05
04
02
10
1.
1,
0)
1'
0&
1%
#40545
1!
1"
b11100100 6
#40550
0!
0"
1:
03
0.
1-
1)
0(
0'
1&
#40555
1!
1"
b1010110 6
#40560
0!
0"
1:
1$
01
15
12
00
1/
0)
1(
0%
#40565
1!
1"
#40570
0!
0"
1:
0$
11
14
10
0,
0+
1)
1'
0&
#40575
1!
1"
b1101110 6
#40580
0!
0"
1:
1$
01
05
02
00
0/
1,
1+
0)
1&
#40585
1!
1"
#40590
0!
0"
1:
11
15
13
12
1/
0-
0+
1*
1)
0(
0'
0&
#40595
1!
1"
b10110001 6
#40600
0!
0"
1:
01
05
02
0/
1+
0)
1(
1%
#40605
1!
1"
#40610
0!
0"
1:
0$
15
12
1/
1.
1-
0,
1'
#40615
1!
1"
#40620
0!
0"
1:
04
02
0+
1)
0(
0%
#40625
1!
1"
#40630
0!
0"
1:
0/
0-
1,
0*
0)
1%
#40635
1!
1"
#40640
0!
0"
1:
11
14
12
10
0.
1-
1+
1*
1(
0'
#40645
1!
1"
#40650
0!
0"
1:
1$
01
04
03
00
1/
1.
0-
0*
1)
#40655
1!
1"
#40660
0!
0"
1:
11
05
14
02
0.
1-
1*
0)
0(
1'
0%
#40665
1!
1"
b10110110 6
#40670
0!
0"
1:
0$
13
0/
1.
0-
0,
1(
1&
#40675
1!
1"
b100100 6
#40680
0!
0"
1:
1$
15
04
03
10
0.
1-
1,
0+
0*
1)
0&
1%
#40685
1!
1"
b1111 6
#40690
0!
0"
1:
01
05
13
0-
0,
1*
0(
0'
0%
#40695
1!
1"
#40700
0!
0"
1:
0$
11
14
03
12
00
1/
1.
1-
0*
1(
1'
#40705
1!
1"
b10010111 6
#40710
0!
0"
1:
04
02
10
0/
1+
1*
0(
1&
1%
#40715
1!
1"
b11000001 6
#40720
0!
0"
1:
1$
01
15
13
00
1/
0-
1,
0*
0&
0%
#40725
1!
1"
#40730
0!
0"
1:
05
14
03
12
0/
0.
0,
1(
0'
1&
1%
#40735
1!
1"
#40740
0!
0"
1:
11
15
13
10
1/
0+
1*
0)
0%
#40745
1!
1"
b10110001 6
#40750
0!
0"
1:
0$
05
04
00
0/
1.
1-
0*
0(
0&
1%
#40755
1!
1"
b10011001 6
#40760
0!
0"
1:
1$
15
03
10
1*
1(
1'
1&
#40765
1!
1"
b10110110 6
#40770
0!
0"
1:
0$
01
13
02
1/
0.
1+
0*
1)
0(
0'
0%
#40775
1!
1"
#40780
0!
0"
1:
1$
11
05
03
12
1.
0-
1,
0+
1*
0)
1'
0&
1%
#40785
1!
1"
b111010 6
#40790
0!
0"
1:
0$
01
13
02
00
0/
1-
0,
0*
1(
0'
0%
#40795
1!
1"
#40800
0!
0"
1:
1$
14
03
0.
0-
1,
0(
1'
1%
#40805
1!
1"
#40810
0!
0"
1:
15
13
1/
1-
0,
1*
1&
0%
#40815
1!
1"
#40820
0!
0"
1:
0$
04
03
1.
0-
1+
0*
1)
1(
1%
#40825
1!
1"
#40830
0!
0"
1:
1$
14
0.
1,
0+
0)
0(
0&
0%
#40835
1!
1"
#40840
0!
0"
1:
11
04
12
10
0/
1.
1-
0,
1+
1*
1(
#40845
1!
1"
b10110110 6
#40850
0!
0"
1:
05
14
00
1/
0.
0+
0*
0'
1&
1%
#40855
1!
1"
b10000 6
#40860
0!
0"
1:
0$
04
13
0/
1.
1,
1+
1)
0%
#40865
1!
1"
b10011001 6
#40870
0!
0"
1:
1$
01
02
10
1/
0.
0-
0+
1*
0&
1%
#40875
1!
1"
#40880
0!
0"
1:
0$
11
15
00
0/
1.
0(
1'
0%
#40885
1!
1"
b1000011 6
#40890
0!
0"
1:
1$
01
05
03
12
10
1/
1-
1+
0*
1(
1&
1%
#40895
1!
1"
#40900
0!
0"
1:
11
15
13
02
00
0/
0-
1*
0)
0(
0'
0&
0%
#40905
1!
1"
#40910
0!
0"
1:
01
05
14
12
10
0.
1-
0,
0*
1)
1(
1'
#40915
1!
1"
#40920
0!
0"
1:
04
03
02
00
1/
1,
0+
0)
0(
0'
#40925
1!
1"
#40930
0!
0"
1:
15
14
1'
#40935
1!
1"
#40940
0!
0"
1:
0$
11
13
12
0-
0'
#40945
1!
1"
b10111111 6
#40950
0!
0"
1:
01
04
02
10
0/
1-
0,
1*
1)
#40955
1!
1"
#40960
0!
0"
1:
1$
11
05
14
12
00
1/
1.
1,
1+
1(
1'
1&
#40965
1!
1"
b1001100 6
#40970
0!
0"
1:
0$
01
15
03
02
10
0/
0.
0-
0,
0(
1%
#40975
1!
1"
#40980
0!
0"
1:
1$
05
12
00
0)
1(
0&
0%
#40985
1!
1"
#40990
0!
0"
1:
0$
11
15
13
10
1/
1.
1-
1,
0*
1)
0'
1%
#40995
1!
1"
b10111111 6
#41000
0!
0"
1:
1$
03
02
0.
0,
1*
1&
#41005
1!
1"
b1100000 6
#41010
0!
0"
1:
05
12
0/
1.
0-
1'
0%
#41015
1!
1"
b10000 6
#41020
0!
0"
1:
0$
01
15
04
13
02
00
1,
0&
#41025
1!
1"
#41030
0!
0"
1:
1$
14
12
10
0+
1&
1%
#41035
1!
1"
#41040
0!
0"
1:
0$
05
1/
0,
1+
0*
0(
0'
0&
0%
#41045
1!
1"
#41050
0!
0"
1:
11
15
02
1-
0+
1*
0)
1(
1'
1%
#41055
1!
1"
b11100101 6
#41060
0!
0"
1:
01
05
04
00
0/
0.
0-
1,
#41065
1!
1"
#41070
0!
0"
1:
15
10
1.
1-
0(
1&
#41075
1!
1"
#41080
0!
0"
1:
05
12
0-
0,
1(
0&
#41085
1!
1"
#41090
0!
0"
1:
11
14
03
02
1-
0*
0(
0'
0%
#41095
1!
1"
b11010 6
#41100
0!
0"
1:
04
12
00
1/
1,
1*
1)
1(
1&
1%
#41105
1!
1"
b111010 6
#41110
0!
0"
1:
10
0.
0-
1+
1'
0&
#41115
1!
1"
#41120
0!
0"
1:
1$
01
15
14
13
00
0/
1.
1-
#41125
1!
1"
#41130
0!
0"
1:
11
04
03
1/
0.
0,
0+
0*
0(
1&
#41135
1!
1"
b11010011 6
#41140
0!
0"
1:
0$
05
13
02
0/
1,
1+
0'
0&
0%
#41145
1!
1"
b11100100 6
#41150
0!
0"
1:
15
03
10
1/
1.
0-
1(
1&
#41155
1!
1"
b1111 6
#41160
0!
0"
1:
1$
01
05
12
00
0/
1-
0,
0+
1*
0)
0&
1%
#41165
1!
1"
#41170
0!
0"
1:
15
02
1/
0-
1,
1+
0*
1&
0%
#41175
1!
1"
#41180
0!
0"
1:
14
13
12
10
0+
#41185
1!
1"
#41190
0!
0"
1:
0$
11
04
03
0.
1+
1)
0(
0&
1%
#41195
1!
1"
b1001100 6
#41200
0!
0"
1:
1$
01
13
00
0/
1.
1-
0,
0+
1*
1(
#41205
1!
1"
#41210
0!
0"
1:
05
14
03
02
10
0.
0-
1,
1+
0(
1'
0%
#41215
1!
1"
#41220
0!
0"
1:
11
13
00
1/
1-
0,
0*
1(
0'
1%
#41225
1!
1"
b1001010 6
#41230
0!
0"
1:
01
15
10
0/
1*
1&
#41235
1!
1"
#41240
0!
0"
1:
0$
11
05
04
03
12
00
1.
1,
0*
0)
1'
0&
0%
#41245
1!
1"
b111010 6
#41250
0!
0"
1:
1$
14
13
1/
0.
0+
1*
1)
1&
1%
#41255
1!
1"
b10001010 6
#41260
0!
0"
1:
0$
15
02
1.
0(
0%
#41265
1!
1"
b11100101 6
#41270
0!
0"
1:
04
03
12
0-
0,
1+
0*
0)
1(
0'
0&
1%
#41275
1!
1"
b10101010 6
#41280
0!
0"
1:
1$
05
0+
1*
1'
1&
0%
#41285
1!
1"
b111010 6
#41290
0!
0"
1:
0$
13
10
0/
1-
1,
1+
0*
0'
0&
1%
#41295
1!
1"
b10011001 6
#41300
0!
0"
1:
14
03
00
1/
1)
0(
0%
#41305
1!
1"
b10000 6
#41310
0!
0"
1:
1$
15
0/
0+
0)
1(
#41315
1!
1"
b11111100 6
#41320
0!
0"
1:
0$
04
02
10
1/
0-
1+
1&
1%
#41325
1!
1"
b11100 6
#41330
0!
0"
1:
05
14
13
00
0/
0,
0+
1*
0(
0&
#41335
1!
1"
b1001010 6
#41340
0!
0"
1:
1$
01
12
1+
0*
1(
1&
#41345
1!
1"
#41350
0!
0"
1:
0$
11
15
04
02
10
1/
1,
0+
1*
0(
1'
0&
#41355
1!
1"
b10111 6
#41360
0!
0"
1:
1$
01
14
03
00
0.
1-
1)
1(
#41365
1!
1"
#41370
0!
0"
1:
0$
11
05
04
13
10
0/
0,
1+
0*
0(
0'
#41375
1!
1"
b11100100 6
#41380
0!
0"
1:
15
03
00
1/
1.
0-
1,
0+
1*
1(
1'
#41385
1!
1"
b11100 6
#41390
0!
0"
1:
05
14
13
12
10
1-
0,
0)
0(
1&
0%
#41395
1!
1"
b10001010 6
#41400
0!
0"
1:
01
15
04
03
00
0.
0-
1+
0*
1)
1(
0'
0&
#41405
1!
1"
#41410
0!
0"
1:
1$
11
05
13
02
10
1.
1-
1,
0+
1*
1'
1%
#41415
1!
1"
b11100100 6
#41420
0!
0"
1:
15
14
03
0/
0,
1+
0)
0(
1&
0%
#41425
1!
1"
b1100000 6
#41430
0!
0"
1:
01
05
04
1/
0-
1,
0*
1(
0&
1%
#41435
1!
1"
#41440
0!
0"
1:
0$
14
13
00
0/
0+
1)
0'
1&
0%
#41445
1!
1"
#41450
0!
0"
1:
1$
04
12
10
1/
1-
0,
0&
#41455
1!
1"
#41460
0!
0"
1:
0$
15
14
03
02
00
0-
1*
0(
1'
1%
#41465
1!
1"
#41470
0!
0"
1:
1$
05
04
13
10
0/
0.
1,
1+
0*
1(
0'
1&
0%
#41475
1!
1"
#41480
0!
0"
1:
0$
00
0,
1*
0)
0(
1'
0&
11
#41485
1!
1"
b11100100 6
#41490
0!
0"
1:
1$
14
12
10
1-
1,
0*
1(
#41495
1!
1"
b10001010 6
#41500
0!
0"
1:
0$
04
03
02
1/
1)
0(
0'
1&
1%
#41505
1!
1"
b11010 6
#41510
0!
0"
1:
01
15
12
00
0-
0)
1(
0&
#41515
1!
1"
#41520
0!
0"
1:
05
14
02
0/
1.
0+
1*
0(
1'
0%
#41525
1!
1"
#41530
0!
0"
1:
1$
15
04
12
10
1/
0.
1-
0,
1+
0*
1(
0'
#41535
1!
1"
#41540
0!
0"
1:
0$
11
05
02
1,
0+
1*
1)
#41545
1!
1"
#41550
0!
0"
1:
1$
01
15
14
13
00
0/
1+
0*
0)
1'
#41555
1!
1"
#41560
0!
0"
1:
05
12
0-
0(
0'
#41565
1!
1"
#41570
0!
0"
1:
15
02
1/
1.
1-
0,
1*
1'
1%
#41575
1!
1"
#41580
0!
0"
1:
0-
1,
#41585
1!
1"
#41590
0!
0"
1:
11
03
12
10
0/
0.
0+
1)
0'
1&
0%
#41595
1!
1"
b110111 6
#41600
0!
0"
1:
05
04
1/
1-
0,
1+
0*
0&
1%
#41605
1!
1"
b111010 6
#41610
0!
0"
1:
0$
15
14
00
0/
0+
0)
1(
1&
#41615
1!
1"
b110111 6
#41620
0!
0"
1:
05
02
1.
1+
1*
0(
0&
0%
#41625
1!
1"
b11110001 6
#41630
0!
0"
1:
1$
01
12
10
1/
0.
0+
1)
1%
#41635
1!
1"
#41640
0!
0"
1:
11
15
13
00
0/
1.
0-
1,
0)
1'
1&
#41645
1!
1"
b11011010 6
#41650
0!
0"
1:
01
05
03
10
1/
1-
0,
1+
0*
1)
1(
0%
#41655
1!
1"
#41660
0!
0"
1:
0$
11
15
04
00
0.
1*
0)
0(
0'
#41665
1!
1"
b10101010 6
#41670
0!
0"
1:
1$
01
05
02
1.
0-
1,
1)
1(
0&
1%
#41675
1!
1"
#41680
0!
0"
1:
13
12
0/
0*
0(
1'
0%
#41685
1!
1"
#41690
0!
0"
1:
03
02
1/
0.
1-
0,
1*
0)
0'
#41695
1!
1"
#41700
0!
0"
1:
0$
11
14
13
12
0/
0*
1)
1'
1&
#41705
1!
1"
b1010100 6
#41710
0!
0"
1:
03
02
1(
0'
0&
#41715
1!
1"
b10110100 6
#41720
0!
0"
1:
1$
01
04
13
12
10
1.
0+
0(
1'
1&
#41725
1!
1"
#41730
0!
0"
1:
11
15
14
03
02
00
1/
1,
1*
1%
#41735
1!
1"
b111000 6
#41740
0!
0"
1:
01
05
04
10
0/
0,
1+
1(
0'
0&
#41745
1!
1"
#41750
0!
0"
1:
0$
13
12
00
0.
0-
0+
0)
1&
0%
#41755
1!
1"
#41760
0!
0"
1:
1$
11
15
03
02
1/
1-
1,
1+
0*
1)
0(
0&
1%
#41765
1!
1"
b101011 6
#41770
0!
0"
1:
0$
01
05
10
0/
1.
1*
1&
#41775
1!
1"
#41780
0!
0"
1:
12
00
1/
0.
0,
0*
0)
1'
0&
0%
#41785
1!
1"
#41790
0!
0"
1:
11
15
02
0+
0'
1&
1%
#41795
1!
1"
#41800
0!
0"
1:
1$
14
12
10
0/
1,
1+
1*
1)
1(
1'
0&
0%
#41805
1!
1"
b110111 6
#41810
0!
0"
1:
02
1.
0,
0+
0'
1&
1%
#41815
1!
1"
b11111001 6
#41820
0!
0"
1:
04
12
00
1/
0-
1,
1+
0(
#41825
1!
1"
b11101101 6
#41830
0!
0"
1:
0$
14
02
10
1-
0,
0)
1(
0%
#41835
1!
1"
b11111001 6
#41840
0!
0"
1:
1$
01
05
12
0-
1,
0+
1)
#41845
1!
1"
#41850
0!
0"
1:
0$
15
04
02
0/
1-
1+
0*
1'
0&
1%
#41855
1!
1"
#41860
0!
0"
1:
13
12
00
1/
0%
#41865
1!
1"
#41870
0!
0"
1:
11
03
0/
1*
0)
0(
1%
#41875
1!
1"
b11101101 6
#41880
0!
0"
1:
05
14
13
10
0.
0-
0,
0*
1)
1(
#41885
1!
1"
b11011110 6
#41890
0!
0"
1:
01
04
1.
1,
0+
0)
1&
0%
#41895
1!
1"
#41900
0!
0"
1:
11
03
02
00
1/
1-
0,
1+
1)
0'
0&
1%
#41905
1!
1"
b1101010 6
#41910
0!
0"
1:
13
12
0/
0+
0)
1'
#41915
1!
1"
b11110110 6
#41920
0!
0"
1:
1$
01
15
14
03
1+
1*
1)
0(
0'
1&
#41925
1!
1"
#41930
0!
0"
1:
11
13
02
1/
0.
0+
1'
0&
0%
#41935
1!
1"
b10101111 6
#41940
0!
0"
1:
0$
05
04
03
0/
1.
1,
1+
0)
#41945
1!
1"
b1101010 6
#41950
0!
0"
1:
1$
15
13
1/
0.
0-
0*
1(
1&
1%
#41955
1!
1"
b11010111 6
#41960
0!
0"
1:
01
05
03
12
10
0+
1)
0(
0'
#41965
1!
1"
#41970
0!
0"
1:
0$
11
15
14
1-
1+
1*
1'
#41975
1!
1"
b110111 6
#41980
0!
0"
1:
1$
01
13
00
0+
0*
1(
0&
0%
#41985
1!
1"
#41990
0!
0"
1:
0$
03
02
1.
0-
1+
1*
0(
0'
1&
#41995
1!
1"
#42000
0!
0"
1:
1$
05
04
10
1-
0,
0+
0*
0)
1'
0&
1%
#42005
1!
1"
#42010
0!
0"
1:
15
00
0/
0-
1,
1*
1)
1(
1&
0%
#42015
1!
1"
#42020
0!
0"
1:
0$
11
14
13
12
0,
0)
#42025
1!
1"
b110010 6
#42030
0!
0"
1:
01
04
03
1,
1+
0*
1)
0'
0&
1%
#42035
1!
1"
#42040
0!
0"
1:
05
14
13
1/
0,
1*
0)
#42045
1!
1"
#42050
0!
0"
1:
11
15
04
03
02
10
1,
0+
1)
#42055
1!
1"
b101011 6
#42060
0!
0"
1:
1$
05
14
13
12
00
0/
0.
0*
0)
0%
#42065
1!
1"
b11011110 6
#42070
0!
0"
1:
0$
1/
1.
1-
0,
1+
1*
1)
0(
1'
#42075
1!
1"
#42080
0!
0"
1:
01
15
04
02
10
0/
0-
0+
0)
0'
1&
1%
#42085
1!
1"
#42090
0!
0"
1:
11
05
14
00
1/
0.
1-
1)
1(
1'
0%
#42095
1!
1"
b10001101 6
#42100
0!
0"
1:
01
03
10
1.
1+
0*
0(
0'
0&
#42105
1!
1"
#42110
0!
0"
1:
11
15
13
12
00
1&
1%
#42115
1!
1"
b110010 6
#42120
0!
0"
1:
1$
01
04
03
02
10
0/
0.
1,
0)
#42125
1!
1"
#42130
0!
0"
1:
11
14
13
12
1/
1.
0-
0+
1*
1(
0&
#42135
1!
1"
#42140
0!
0"
1:
0$
01
04
03
0.
1-
1+
0*
1)
1&
#42145
1!
1"
#42150
0!
0"
1:
1$
13
0/
0-
0,
0+
1*
1'
#42155
1!
1"
#42160
0!
0"
1:
0$
1.
1-
0*
0)
0%
11
#42165
1!
1"
b11001101 6
#42170
0!
0"
1:
05
03
00
1,
1*
0(
0'
0&
#42175
1!
1"
b10111010 6
#42180
0!
0"
1:
1$
15
13
0.
0,
1+
0*
1(
1'
1&
#42185
1!
1"
b11001101 6
#42190
0!
0"
1:
0$
01
05
1/
1.
1,
0+
1*
0'
0&
#42195
1!
1"
#42200
0!
0"
1:
11
03
02
10
1)
0(
1'
1&
1%
#42205
1!
1"
b1101010 6
#42210
0!
0"
1:
1$
01
15
14
12
0/
0.
0-
0*
0%
#42215
1!
1"
#42220
0!
0"
1:
0$
11
13
1.
0,
1+
1*
0)
0&
#42225
1!
1"
b11000001 6
#42230
0!
0"
1:
1$
1/
1-
1,
0*
1(
1&
1%
01
#42235
1!
1"
#42240
0!
0"
1:
0$
11
05
04
00
0/
0+
1*
#42245
1!
1"
b111001 6
#42250
0!
0"
1:
1$
14
03
10
0.
0-
0(
0'
0&
#42255
1!
1"
b1111 6
#42260
0!
0"
1:
0$
01
15
04
13
02
00
1/
1.
0,
1+
0*
1&
#42265
1!
1"
#42270
0!
0"
1:
14
03
0.
1-
0+
1*
0%
#42275
1!
1"
#42280
0!
0"
1:
11
05
13
12
10
0/
1,
0&
1%
#42285
1!
1"
b11011110 6
#42290
0!
0"
1:
01
15
03
00
1.
1)
1&
#42295
1!
1"
#42300
0!
0"
1:
1$
05
10
0.
0-
0,
1+
0*
1(
#42305
1!
1"
#42310
0!
0"
1:
0$
11
13
1.
0+
1*
0&
#42315
1!
1"
#42320
0!
0"
1:
01
04
00
1/
0.
1-
1&
0%
#42325
1!
1"
#42330
0!
0"
1:
1$
15
0/
1,
0)
0(
1'
1%
#42335
1!
1"
#42340
0!
0"
1:
0$
05
14
1.
0*
1)
1(
#42345
1!
1"
#42350
0!
0"
1:
1$
15
04
03
10
0.
0,
1+
1*
0(
0&
0%
#42355
1!
1"
#42360
0!
0"
1:
0$
11
14
00
1,
0+
#42365
1!
1"
b110111 6
#42370
0!
0"
1:
1$
01
05
13
02
10
1/
1.
0*
0)
1(
#42375
1!
1"
#42380
0!
0"
1:
04
03
00
0.
0-
0,
1+
1)
0'
1&
#42385
1!
1"
#42390
0!
0"
1:
0$
11
15
0/
1.
1-
1,
0+
1*
0)
#42395
1!
1"
b10000 6
#42400
0!
0"
1:
1$
14
10
0.
0,
1'
0&
1%
#42405
1!
1"
b11111 6
#42410
0!
0"
1:
0$
04
12
1/
1.
0-
1+
0*
1)
0(
0'
1&
#42415
1!
1"
b1010111 6
#42420
0!
0"
1:
1$
01
05
14
13
1-
1,
0+
1*
0)
1(
#42425
1!
1"
#42430
0!
0"
1:
04
0/
0-
1'
0&
#42435
1!
1"
#42440
0!
0"
1:
14
1/
0.
1)
0(
#42445
1!
1"
#42450
0!
0"
1:
11
15
04
03
00
1.
1-
0'
0%
#42455
1!
1"
#42460
0!
0"
1:
01
02
10
0.
0,
1+
0)
1'
1&
#42465
1!
1"
#42470
0!
0"
1:
05
12
00
0/
1,
0+
0*
1)
1(
0&
1%
#42475
1!
1"
#42480
0!
0"
1:
0$
14
02
1.
0,
1*
0)
0(
0'
#42485
1!
1"
#42490
0!
0"
1:
15
12
1/
0-
1,
0*
1)
1(
1'
1&
0%
#42495
1!
1"
#42500
0!
0"
1:
11
05
02
0,
1+
1*
0(
#42505
1!
1"
b11101001 6
#42510
0!
0"
1:
01
15
13
12
10
0.
1-
1,
1(
0&
#42515
1!
1"
#42520
0!
0"
1:
11
02
0/
0-
0,
0+
0*
0(
0'
1&
#42525
1!
1"
b101000 6
#42530
0!
0"
1:
01
05
04
1-
1,
1*
1'
0&
#42535
1!
1"
#42540
0!
0"
1:
1$
14
00
0-
0,
0)
1&
1%
#42545
1!
1"
#42550
0!
0"
1:
0$
15
04
03
10
1/
1,
1+
1(
0%
#42555
1!
1"
#42560
0!
0"
1:
1$
11
05
1-
1)
0'
0&
1%
#42565
1!
1"
b11011110 6
#42570
0!
0"
1:
0$
15
12
0/
1.
0,
0+
0*
0(
1'
0%
#42575
1!
1"
b11111011 6
#42580
0!
0"
1:
05
14
13
00
1/
1+
1&
#42585
1!
1"
b1000000 6
#42590
0!
0"
1:
01
15
04
03
02
10
0/
0.
0+
1%
#42595
1!
1"
#42600
0!
0"
1:
11
05
14
13
1/
0-
1+
1*
0)
0'
0&
#42605
1!
1"
b1101011 6
#42610
0!
0"
1:
01
15
04
0/
1-
1,
1(
1'
1&
0%
#42615
1!
1"
#42620
0!
0"
1:
1$
12
00
0,
0+
0(
0'
1%
#42625
1!
1"
#42630
0!
0"
1:
0$
11
05
14
03
1/
0-
0*
1'
0&
0%
#42635
1!
1"
b11010011 6
#42640
0!
0"
1:
15
04
13
1.
0'
1&
#42645
1!
1"
b1011111 6
#42650
0!
0"
1:
05
14
03
10
0/
1+
1*
1)
1(
1'
0&
1%
#42655
1!
1"
b11010011 6
#42660
0!
0"
1:
1$
01
02
0*
0)
#42665
1!
1"
#42670
0!
0"
1:
04
00
1)
#42675
1!
1"
#42680
0!
0"
1:
11
15
13
12
10
1-
1,
1*
0(
1&
0%
#42685
1!
1"
b1011111 6
#42690
0!
0"
1:
01
14
02
00
0.
0,
0+
0*
1(
#42695
1!
1"
#42700
0!
0"
1:
0$
11
05
04
03
12
10
1/
1.
0-
1,
1*
0)
0(
0'
#42705
1!
1"
b1010001 6
#42710
0!
0"
1:
01
14
0/
1-
1'
0&
1%
#42715
1!
1"
#42720
0!
0"
1:
1$
11
04
13
00
1/
0.
0,
0*
0'
0%
#42725
1!
1"
b1001000 6
#42730
0!
0"
1:
0$
01
15
14
03
0/
0-
1)
1(
1&
1%
#42735
1!
1"
#42740
0!
0"
1:
05
04
13
02
10
1/
1-
1,
1*
0(
1'
0%
#42745
1!
1"
#42750
0!
0"
1:
11
14
03
12
00
0/
1+
0)
0'
0&
1%
#42755
1!
1"
b11010011 6
#42760
0!
0"
1:
1$
15
04
13
02
10
1/
0-
0,
0+
0*
1)
1&
#42765
1!
1"
b10100010 6
#42770
0!
0"
1:
14
0/
1.
1-
1,
0)
1(
0%
#42775
1!
1"
b10001000 6
#42780
0!
0"
1:
04
12
00
1/
0.
0-
0,
1*
1)
0(
0&
#42785
1!
1"
b1011111 6
#42790
0!
0"
1:
10
0)
1(
1&
01
#42795
1!
1"
#42800
0!
0"
1:
14
03
00
1.
1-
1+
0*
0(
#42805
1!
1"
#42810
0!
0"
1:
0$
11
05
0.
0+
1*
1(
0&
#42815
1!
1"
b11010011 6
#42820
0!
0"
1:
15
04
13
0/
0-
1)
#42825
1!
1"
b1011111 6
#42830
0!
0"
1:
1$
01
05
10
1/
1-
1,
0*
0)
0(
1%
#42835
1!
1"
#42840
0!
0"
1:
0$
11
15
03
0-
0,
1*
1)
1&
#42845
1!
1"
b11111011 6
#42850
0!
0"
1:
01
14
02
1,
1+
0)
1(
0&
0%
#42855
1!
1"
#42860
0!
0"
1:
11
12
0/
1-
0,
0*
1)
1%
#42865
1!
1"
b10100100 6
#42870
0!
0"
1:
13
02
00
0+
1*
0)
0(
1&
0%
#42875
1!
1"
b10001000 6
#42880
0!
0"
1:
1$
01
05
04
12
10
0-
1+
0*
1)
1'
0&
1%
#42885
1!
1"
#42890
0!
0"
1:
11
15
03
02
00
1/
1-
0+
1*
0)
1&
#42895
1!
1"
b10000 6
#42900
0!
0"
1:
0$
05
13
0/
0-
1+
0*
1)
0&
0%
#42905
1!
1"
b101110 6
#42910
0!
0"
1:
15
1/
1,
0+
0)
1(
0'
1&
1%
#42915
1!
1"
b1000011 6
#42920
0!
0"
1:
1$
14
12
0/
1.
1-
1+
1*
0(
1'
0&
#42925
1!
1"
b111111 6
#42930
0!
0"
1:
0$
02
0-
1)
1(
0'
1&
0%
#42935
1!
1"
b10001000 6
#42940
0!
0"
1:
12
10
0*
0)
1'
0&
1%
#42945
1!
1"
b111111 6
#42950
0!
0"
1:
03
1-
0+
1*
0(
0'
1&
#42955
1!
1"
b10100100 6
#42960
0!
0"
1:
01
02
0.
0,
1+
0*
1(
1'
#42965
1!
1"
#42970
0!
0"
1:
1$
11
05
13
00
1.
0+
1)
0%
#42975
1!
1"
b11111101 6
#42980
0!
0"
1:
15
04
12
0.
0-
1,
1+
1*
0)
0(
0'
1%
#42985
1!
1"
b1011111 6
#42990
0!
0"
1:
0$
01
14
1/
1-
0*
1'
0%
#42995
1!
1"
#43000
0!
0"
1:
1$
04
03
10
0/
0-
1*
1)
1(
0'
0&
1%
#43005
1!
1"
#43010
0!
0"
1:
14
00
1-
0,
0*
1'
1&
0%
#43015
1!
1"
#43020
0!
0"
1:
11
04
13
1/
0-
0+
1*
0)
0(
0'
1%
#43025
1!
1"
#43030
0!
0"
1:
0$
01
03
10
0/
1-
1,
1+
1)
1(
1'
#43035
1!
1"
#43040
0!
0"
1:
11
14
13
0,
0+
0)
0'
0%
#43045
1!
1"
b111111 6
#43050
0!
0"
1:
1$
01
05
04
03
02
1.
0-
1+
0(
1'
#43055
1!
1"
#43060
0!
0"
1:
0$
11
15
14
13
12
00
1-
0+
0*
1(
0&
1%
#43065
1!
1"
#43070
0!
0"
1:
1$
1/
0.
1,
1+
1&
0%
#43075
1!
1"
#43080
0!
0"
1:
04
03
0-
1*
0(
0&
#43085
1!
1"
b11110001 6
#43090
0!
0"
1:
05
14
13
0/
1.
0,
0+
0*
#43095
1!
1"
b1001010 6
#43100
0!
0"
1:
04
02
1/
1,
0'
#43105
1!
1"
b101110 6
#43110
0!
0"
1:
0$
15
14
10
1-
0,
1+
1*
1(
1&
1%
#43115
1!
1"
b111010 6
#43120
0!
0"
1:
01
05
03
12
00
0/
1,
0*
1)
#43125
1!
1"
#43130
0!
0"
1:
11
15
13
1/
0-
0,
0+
0)
0(
1'
0&
#43135
1!
1"
b111111 6
#43140
0!
0"
1:
01
05
10
0/
1-
1+
1)
1&
0%
#43145
1!
1"
#43150
0!
0"
1:
11
15
03
00
0.
0-
1,
0+
1*
0)
0'
#43155
1!
1"
b10100100 6
#43160
0!
0"
1:
05
13
02
1/
1(
0&
1%
#43165
1!
1"
b1100101 6
#43170
0!
0"
1:
03
12
10
0/
1-
0,
0(
1'
1&
0%
#43175
1!
1"
b1111100 6
#43180
0!
0"
1:
01
15
13
02
1/
1.
1)
1(
0'
#43185
1!
1"
#43190
0!
0"
1:
04
03
12
0.
1,
1+
0)
0(
1'
0&
#43195
1!
1"
#43200
0!
0"
1:
11
05
14
02
00
0/
1.
0,
1(
0'
1%
#43205
1!
1"
b100 6
#43210
0!
0"
1:
1$
15
10
1/
0-
1,
0*
#43215
1!
1"
b11111 6
#43220
0!
0"
1:
0$
04
1-
0(
1&
#43225
1!
1"
b10000 6
#43230
0!
0"
1:
05
14
12
0/
0-
0+
1)
1(
0&
#43235
1!
1"
b1111100 6
#43240
0!
0"
1:
1$
15
04
0.
1-
0,
1+
0)
0(
1&
0%
#43245
1!
1"
b110111 6
#43250
0!
0"
1:
0$
13
1/
0+
1*
1)
1(
#43255
1!
1"
b1011111 6
#43260
0!
0"
1:
05
14
00
0/
0-
1,
1+
0*
0(
1'
1%
#43265
1!
1"
b1001010 6
#43270
0!
0"
1:
1$
04
02
10
1/
1-
0+
#43275
1!
1"
b101001 6
#43280
0!
0"
1:
0$
15
0/
0-
0,
1+
1*
0)
0'
0&
#43285
1!
1"
b1000011 6
#43290
0!
0"
1:
05
14
00
1/
1,
0+
1)
1(
1&
#43295
1!
1"
b1100101 6
#43300
0!
0"
1:
01
15
04
03
12
0/
0*
#43305
1!
1"
#43310
0!
0"
1:
11
14
13
02
10
1/
1.
1-
1+
1*
#43315
1!
1"
b111010 6
#43320
0!
0"
1:
01
04
00
0-
0,
0*
0(
1'
0%
#43325
1!
1"
#43330
0!
0"
1:
11
14
12
0.
1,
0)
0&
1%
#43335
1!
1"
b111111 6
#43340
0!
0"
1:
0/
1-
0+
1(
0'
#43345
1!
1"
#43350
0!
0"
1:
1$
05
03
1/
0-
0,
1+
1)
1'
0%
#43355
1!
1"
b1111100 6
#43360
0!
0"
1:
01
04
02
10
0/
1.
0+
1*
0)
0(
0'
1%
#43365
1!
1"
#43370
0!
0"
1:
0$
13
0.
1-
1,
1'
0%
#43375
1!
1"
#43380
0!
0"
1:
15
14
12
0-
0,
1+
0*
1(
1&
#43385
1!
1"
#43390
0!
0"
1:
1$
04
03
02
1-
1,
1*
1)
0(
0'
1%
#43395
1!
1"
#43400
0!
0"
1:
0$
11
14
13
00
1/
1.
0,
0+
0%
#43405
1!
1"
b111010 6
#43410
0!
0"
1:
1$
04
03
12
0.
1,
0*
1'
0&
#43415
1!
1"
b110111 6
#43420
0!
0"
1:
01
05
14
02
1.
0-
0,
0)
1(
0'
1&
#43425
1!
1"
#43430
0!
0"
1:
11
15
12
0.
1'
1%
#43435
1!
1"
b10100100 6
#43440
0!
0"
1:
0$
01
05
04
0/
1.
1)
0(
0'
0&
#43445
1!
1"
#43450
0!
0"
1:
1$
11
15
0.
1*
1(
1&
#43455
1!
1"
b110111 6
#43460
0!
0"
1:
01
14
10
1/
1.
1-
0*
0)
1'
0&
0%
#43465
1!
1"
#43470
0!
0"
1:
0$
11
13
0/
0-
1,
1+
1)
0(
1%
#43475
1!
1"
b10 6
#43480
0!
0"
1:
01
04
03
02
1/
0)
1(
1&
0%
#43485
1!
1"
#43490
0!
0"
1:
11
14
13
12
00
0+
1)
0(
0&
1%
#43495
1!
1"
#43500
0!
0"
1:
01
05
03
10
0,
1(
#43505
1!
1"
#43510
0!
0"
1:
11
15
04
1-
0)
0(
0'
1&
#43515
1!
1"
b110111 6
#43520
0!
0"
1:
1$
01
14
13
02
0/
0.
1,
1+
1*
1)
1'
0&
0%
#43525
1!
1"
#43530
0!
0"
1:
0$
04
12
00
1/
1.
0-
0+
0*
0)
0'
1&
1%
#43535
1!
1"
#43540
0!
0"
1:
1$
05
14
02
10
0/
1)
1(
1'
0&
0%
#43545
1!
1"
#43550
0!
0"
1:
15
04
1/
0,
1+
0(
1&
1%
#43555
1!
1"
#43560
0!
0"
1:
05
14
03
00
0.
1,
0)
1(
0&
0%
#43565
1!
1"
#43570
0!
0"
1:
0$
10
0/
1.
1-
0+
0(
0'
1&
1%
#43575
1!
1"
#43580
0!
0"
1:
11
15
13
00
1/
0,
1(
1'
0&
#43585
1!
1"
b111010 6
#43590
0!
0"
1:
1$
05
04
12
10
0-
1,
0(
1&
0%
#43595
1!
1"
b11111001 6
#43600
0!
0"
1:
0$
15
14
00
0/
1+
1*
1)
1%
#43605
1!
1"
b10 6
#43610
0!
0"
1:
10
1/
1-
0,
0+
0*
0)
1(
0%
#43615
1!
1"
#43620
0!
0"
1:
1$
01
05
04
02
00
0.
0-
0(
#43625
1!
1"
#43630
0!
0"
1:
15
10
0/
1.
1-
1*
1(
0&
#43635
1!
1"
#43640
0!
0"
1:
0$
03
12
0.
1+
1)
0(
0'
#43645
1!
1"
#43650
0!
0"
1:
11
14
02
1.
0+
0*
0)
#43655
1!
1"
b1001101 6
#43660
0!
0"
1:
1$
05
04
12
00
0-
1+
1)
1%
#43665
1!
1"
b1000101 6
#43670
0!
0"
1:
01
14
02
0.
1-
0+
1*
0)
#43675
1!
1"
#43680
0!
0"
1:
0$
11
15
13
12
1/
0-
1,
0*
1)
1'
1&
#43685
1!
1"
b10 6
#43690
0!
0"
1:
04
10
1-
1+
1*
1(
0%
#43695
1!
1"
b11000000 6
#43700
0!
0"
1:
1$
01
05
14
03
0*
0'
#43705
1!
1"
#43710
0!
0"
1:
04
02
00
0/
1.
0+
1*
0)
0(
1'
#43715
1!
1"
#43720
0!
0"
1:
14
12
10
0.
1(
0&
1%
#43725
1!
1"
#43730
0!
0"
1:
0$
11
15
02
0-
1+
0*
0(
#43735
1!
1"
b1001101 6
#43740
0!
0"
1:
1$
01
05
12
1.
0,
1(
0'
0%
#43745
1!
1"
#43750
0!
0"
1:
04
13
02
1/
0.
1-
1*
1&
#43755
1!
1"
#43760
0!
0"
1:
14
12
0/
0+
1'
1%
#43765
1!
1"
#43770
0!
0"
1:
0$
11
15
04
03
00
0-
0*
1)
0&
#43775
1!
1"
b110111 6
#43780
0!
0"
1:
13
1/
1-
1,
0)
0'
1&
0%
#43785
1!
1"
b11000000 6
#43790
0!
0"
1:
01
05
03
02
10
0,
1+
1*
0&
#43795
1!
1"
#43800
0!
0"
1:
1$
14
0-
0+
1)
0(
1&
1%
#43805
1!
1"
#43810
0!
0"
1:
0$
11
04
13
12
1.
1-
1,
0*
0)
1(
1'
0&
0%
#43815
1!
1"
b11000011 6
#43820
0!
0"
1:
1$
01
15
03
02
0/
0.
0-
1*
1)
0'
1&
#43825
1!
1"
#43830
0!
0"
1:
00
1/
1.
0,
0)
11
#43835
1!
1"
b100101 6
#43840
0!
0"
1:
0$
05
14
12
1,
0(
0&
#43845
1!
1"
b1111100 6
#43850
0!
0"
1:
15
13
02
1-
0,
1+
0*
1(
1&
#43855
1!
1"
b111010 6
#43860
0!
0"
1:
1$
01
03
0/
0.
1,
0+
1*
1)
0(
1'
0&
#43865
1!
1"
#43870
0!
0"
1:
0$
11
04
13
12
10
1/
1.
0-
0,
0*
1(
0'
1&
1%
#43875
1!
1"
b11000000 6
#43880
0!
0"
1:
1$
01
14
03
02
00
0/
1-
1,
1+
0)
1'
0%
#43885
1!
1"
#43890
0!
0"
1:
0$
13
12
10
1/
0.
1)
1%
#43895
1!
1"
#43900
0!
0"
1:
11
05
02
0/
0,
0+
1*
0)
0'
#43905
1!
1"
b1011100 6
#43910
0!
0"
1:
1$
01
15
03
12
1,
1+
#43915
1!
1"
#43920
0!
0"
1:
0$
11
04
13
02
00
0,
0+
1'
0&
0%
#43925
1!
1"
b1000110 6
#43930
0!
0"
1:
14
10
1/
1.
0-
1,
1+
0*
1)
1%
#43935
1!
1"
b111100 6
#43940
0!
0"
1:
1$
01
05
04
0.
1*
1&
0%
#43945
1!
1"
#43950
0!
0"
1:
0$
11
15
03
0/
1-
0,
0&
#43955
1!
1"
b100101 6
#43960
0!
0"
1:
1$
01
05
12
00
1/
0-
1,
0)
0(
1&
#43965
1!
1"
#43970
0!
0"
1:
0$
15
13
0/
0,
1(
1%
#43975
1!
1"
#43980
0!
0"
1:
11
05
1.
1-
0+
0*
0(
#43985
1!
1"
b11000011 6
#43990
0!
0"
1:
01
15
1/
1+
0&
#43995
1!
1"
#44000
0!
0"
1:
05
14
03
02
0.
1)
1(
1&
#44005
1!
1"
#44010
0!
0"
1:
1$
15
04
12
0/
1.
0-
1,
0)
0'
0%
#44015
1!
1"
#44020
0!
0"
1:
0$
11
05
13
02
10
1/
0.
1-
0,
0+
1'
0&
#44025
1!
1"
b101001 6
#44030
0!
0"
1:
03
0(
0'
1%
#44035
1!
1"
b10110 6
#44040
0!
0"
1:
1$
14
13
00
0/
1.
0-
1,
1+
1*
1(
1'
#44045
1!
1"
b1110010 6
#44050
0!
0"
1:
0$
01
15
04
03
1-
0+
0*
1)
0(
0'
1&
0%
#44055
1!
1"
#44060
0!
0"
1:
1$
12
10
0.
0-
1*
0&
#44065
1!
1"
#44070
0!
0"
1:
0$
11
05
02
1/
1-
0)
1%
#44075
1!
1"
b11010001 6
#44080
0!
0"
1:
01
14
12
0,
1+
1)
1(
1&
#44085
1!
1"
#44090
0!
0"
1:
1$
04
02
0/
1.
0+
0*
0)
1'
#44095
1!
1"
#44100
0!
0"
1:
14
13
12
00
0-
1,
1)
0(
#44105
1!
1"
#44110
0!
0"
1:
0$
15
04
10
0.
1-
0,
1+
1*
1(
0&
0%
#44115
1!
1"
#44120
0!
0"
1:
11
05
14
02
0+
0(
1&
1%
#44125
1!
1"
b1110010 6
#44130
0!
0"
1:
01
15
00
1/
1.
1,
0)
#44135
1!
1"
#44140
0!
0"
1:
1$
03
10
0/
0.
1(
0'
#44145
1!
1"
#44150
0!
0"
1:
05
00
1.
0-
0,
1+
0*
1)
0%
#44155
1!
1"
#44160
0!
0"
1:
0$
11
15
04
13
1/
0.
1-
1,
1*
0(
1'
1%
#44165
1!
1"
b10100100 6
#44170
0!
0"
1:
03
12
10
1.
0-
0,
0*
0&
#44175
1!
1"
b110111 6
#44180
0!
0"
1:
05
14
13
0+
1*
0)
#44185
1!
1"
b10010100 6
#44190
0!
0"
1:
15
02
00
1-
1,
1+
1(
1&
#44195
1!
1"
b11110011 6
#44200
0!
0"
1:
1$
05
03
12
0,
0+
0&
#44205
1!
1"
b1111100 6
#44210
0!
0"
1:
0$
01
13
02
10
0.
1+
0(
0'
1&
0%
#44215
1!
1"
#44220
0!
0"
1:
1.
0-
0*
1(
1'
0&
#44225
1!
1"
#44230
0!
0"
1:
15
03
12
00
0/
1-
1,
0+
1)
0(
#44235
1!
1"
#44240
0!
0"
1:
13
10
0.
1&
#44245
1!
1"
#44250
0!
0"
1:
1$
11
04
03
00
1/
1.
0-
1(
0&
#44255
1!
1"
b110111 6
#44260
0!
0"
1:
0$
14
13
02
10
0/
0,
1+
0)
0(
1&
1%
#44265
1!
1"
b11110011 6
#44270
0!
0"
1:
1$
01
04
00
1/
0.
1,
1(
0'
0%
#44275
1!
1"
#44280
0!
0"
1:
0$
12
10
0/
1.
0+
1)
0(
#44285
1!
1"
#44290
0!
0"
1:
05
14
03
02
1/
0.
1-
1+
0)
1(
1'
0&
1%
#44295
1!
1"
#44300
0!
0"
1:
1$
13
00
0,
0+
1)
0(
1&
#44305
1!
1"
#44310
0!
0"
1:
11
15
04
12
1.
1+
0'
#44315
1!
1"
b1011001 6
#44320
0!
0"
1:
01
14
03
10
0/
0-
0+
0)
0&
0%
#44325
1!
1"
#44330
0!
0"
1:
0$
11
05
04
02
00
0.
1-
1+
1)
1%
#44335
1!
1"
b101 6
#44340
0!
0"
1:
1$
15
14
13
10
1/
0)
1'
1&
#44345
1!
1"
b11110011 6
#44350
0!
0"
1:
0$
01
05
12
0/
1.
0-
0+
1*
1)
0&
0%
#44355
1!
1"
#44360
0!
0"
1:
03
00
0.
1-
0'
#44365
1!
1"
#44370
0!
0"
1:
1$
13
10
1/
0*
1(
1'
1%
#44375
1!
1"
#44380
0!
0"
1:
11
15
04
03
02
00
1.
1,
1+
#44385
1!
1"
b100101 6
#44390
0!
0"
1:
0$
05
14
0/
0-
0,
1*
0)
0%
#44395
1!
1"
b11011000 6
#44400
0!
0"
1:
1$
13
12
1-
1,
0(
#44405
1!
1"
b101011 6
#44410
0!
0"
1:
04
03
0,
1)
0'
1%
#44415
1!
1"
b1001000 6
#44420
0!
0"
1:
0$
01
14
13
10
1/
0.
0)
#44425
1!
1"
#44430
0!
0"
1:
1$
15
04
0/
1.
0-
0+
#44435
1!
1"
#44440
0!
0"
1:
11
05
03
00
1/
1(
1'
#44445
1!
1"
b1000101 6
#44450
0!
0"
1:
01
15
02
10
0.
1-
1,
1+
0(
1&
0%
#44455
1!
1"
#44460
0!
0"
1:
05
13
00
0-
0,
0'
#44465
1!
1"
#44470
0!
0"
1:
14
12
0/
1.
0*
1(
1'
0&
1%
#44475
1!
1"
#44480
0!
0"
1:
0$
11
15
03
02
10
0.
1,
1*
1)
0'
0%
#44485
1!
1"
b10010110 6
#44490
0!
0"
1:
05
04
12
00
1/
1.
1-
1'
1&
#44495
1!
1"
b1000101 6
#44500
0!
0"
1:
15
02
10
0/
0.
0+
0'
0&
1%
#44505
1!
1"
b100101 6
#44510
0!
0"
1:
14
13
1/
1.
0-
0*
1'
1&
#44515
1!
1"
b11110011 6
#44520
0!
0"
1:
12
0/
1*
0'
0&
0%
#44525
1!
1"
b1101 6
#44530
0!
0"
1:
1$
04
03
00
1/
0.
0,
1+
1%
#44535
1!
1"
b110111 6
#44540
0!
0"
1:
01
05
13
10
0/
0+
1'
0%
#44545
1!
1"
#44550
0!
0"
1:
0$
11
14
02
1+
0)
0(
0'
1&
1%
#44555
1!
1"
b1111011 6
#44560
0!
0"
1:
1$
01
15
04
1/
1.
1,
0+
0*
1(
0&
#44565
1!
1"
#44570
0!
0"
1:
0$
11
14
03
12
0.
0,
1+
1*
1&
0%
#44575
1!
1"
b100100 6
#44580
0!
0"
1:
1$
01
05
04
00
1.
1,
1'
0&
1%
#44585
1!
1"
#44590
0!
0"
1:
0$
11
15
02
10
0/
0.
0,
0+
0*
1)
0'
1&
0%
#44595
1!
1"
b100101 6
#44600
0!
0"
1:
1$
01
05
12
1-
1+
1*
0(
1'
1%
#44605
1!
1"
#44610
0!
0"
1:
0$
11
13
02
00
1/
0*
0'
0&
#44615
1!
1"
b1100010 6
#44620
0!
0"
1:
1$
01
14
12
1,
0+
1*
1(
1'
1&
#44625
1!
1"
#44630
0!
0"
1:
11
04
02
10
0-
1+
0*
0(
#44635
1!
1"
#44640
0!
0"
1:
0$
01
15
03
00
0/
1-
0+
1*
0%
#44645
1!
1"
#44650
0!
0"
1:
1$
05
13
12
10
0,
0)
1(
0'
0&
#44655
1!
1"
#44660
0!
0"
1:
03
1.
1)
0(
1'
#44665
1!
1"
#44670
0!
0"
1:
0$
11
13
1/
0.
0-
1,
0*
0)
1(
1&
1%
#44675
1!
1"
b10101110 6
#44680
0!
0"
1:
1$
15
14
03
02
1)
0%
#44685
1!
1"
b11000001 6
#44690
0!
0"
1:
05
12
00
1-
1*
0)
#44695
1!
1"
b1111100 6
#44700
0!
0"
1:
0$
01
15
04
02
10
1.
0-
0*
0(
0&
1%
#44705
1!
1"
#44710
0!
0"
1:
11
05
13
1-
1+
1)
1(
0%
#44715
1!
1"
b1100010 6
#44720
0!
0"
1:
1$
01
15
14
12
0/
0.
0)
0'
#44725
1!
1"
#44730
0!
0"
1:
0$
11
02
00
0-
0,
0+
1)
0(
1&
#44735
1!
1"
b1011010 6
#44740
0!
0"
1:
1$
01
05
12
10
1/
1.
1*
0)
1%
#44745
1!
1"
#44750
0!
0"
1:
03
00
0/
0.
1-
1+
0*
1)
1'
#44755
1!
1"
#44760
0!
0"
1:
0$
11
15
04
13
02
10
0-
0+
0)
0'
#44765
1!
1"
b110010 6
#44770
0!
0"
1:
1$
05
1,
1+
1)
1(
0%
#44775
1!
1"
b1100010 6
#44780
0!
0"
1:
0$
15
03
12
1.
1-
0+
1*
0&
#44785
1!
1"
b10111 6
#44790
0!
0"
1:
1$
14
02
0,
0*
1&
1%
#44795
1!
1"
b11000001 6
#44800
0!
0"
1:
05
04
13
12
0-
1,
1+
1'
0&
#44805
1!
1"
b1000111 6
#44810
0!
0"
1:
0$
15
14
03
1/
0.
1-
0,
0+
1*
0(
0'
1&
0%
#44815
1!
1"
b10110101 6
#44820
0!
0"
1:
01
05
13
02
00
0/
0-
1,
1+
0*
0)
1'
1%
#44825
1!
1"
#44830
0!
0"
1:
1$
11
15
04
03
1.
0+
1*
1)
1(
0&
#44835
1!
1"
b111001 6
#44840
0!
0"
1:
12
10
1/
1-
0(
0'
1&
#44845
1!
1"
b10111 6
#44850
0!
0"
1:
0$
05
14
0/
0-
0,
1+
0)
0%
#44855
1!
1"
b1111100 6
#44860
0!
0"
1:
0.
1-
0+
0*
1(
1'
0&
1%
#44865
1!
1"
#44870
0!
0"
1:
01
15
13
00
1/
1+
1)
0(
0'
#44875
1!
1"
#44880
0!
0"
1:
05
04
03
10
1.
0-
1,
0)
1(
1'
#44885
1!
1"
#44890
0!
0"
1:
00
0/
1-
1)
0(
1&
#44895
1!
1"
#44900
0!
0"
1:
1$
11
13
02
1/
0-
0,
0+
1*
1(
0'
0&
0%
#44905
1!
1"
b1100010 6
#44910
0!
0"
1:
01
15
0/
1,
0(
#44915
1!
1"
#44920
0!
0"
1:
14
03
12
0.
0*
0)
1'
1&
1%
#44925
1!
1"
#44930
0!
0"
1:
0$
11
13
10
1/
1.
1-
1)
1(
0&
0%
#44935
1!
1"
b11011010 6
#44940
0!
0"
1:
1$
01
04
03
02
0)
1%
#44945
1!
1"
#44950
0!
0"
1:
11
14
12
0.
1+
1*
1&
#44955
1!
1"
b11111 6
#44960
0!
0"
1:
0$
05
04
0/
0-
0+
1)
0'
0%
#44965
1!
1"
b1000101 6
#44970
0!
0"
1:
1$
01
15
13
00
1.
1-
0)
#44975
1!
1"
#44980
0!
0"
1:
0$
11
03
02
10
1/
0.
0,
1)
0(
0&
#44985
1!
1"
b11000110 6
#44990
0!
0"
1:
14
13
12
0/
1.
0*
1(
1&
#44995
1!
1"
b1111011 6
#45000
0!
0"
1:
01
05
03
0.
0-
1,
0)
0&
1%
#45005
1!
1"
#45010
0!
0"
1:
13
00
1.
1)
0(
1&
#45015
1!
1"
#45020
0!
0"
1:
11
04
03
10
1/
0.
1-
0,
1+
0)
1'
#45025
1!
1"
b1000101 6
#45030
0!
0"
1:
1$
01
15
14
0/
0-
1)
1(
0%
#45035
1!
1"
#45040
0!
0"
1:
04
13
02
1/
1.
1-
0+
0(
#45045
1!
1"
#45050
0!
0"
1:
14
03
00
0/
0.
0-
1,
1+
0)
#45055
1!
1"
#45060
0!
0"
1:
11
05
12
10
1-
0,
1)
0'
0&
#45065
1!
1"
b1111100 6
#45070
0!
0"
1:
01
04
13
02
1.
1,
1*
1(
1'
1&
#45075
1!
1"
#45080
0!
0"
1:
0$
11
15
14
03
12
0.
0,
0+
0'
#45085
1!
1"
b11111 6
#45090
0!
0"
1:
02
00
1.
1+
0)
0(
1%
#45095
1!
1"
b11000001 6
#45100
0!
0"
1:
05
13
12
10
0-
1)
1(
0%
#45105
1!
1"
b10000 6
#45110
0!
0"
1:
04
03
02
0.
1-
1,
0(
#45115
1!
1"
b10101001 6
#45120
0!
0"
1:
15
14
00
1.
0,
0+
0)
1(
0&
1%
#45125
1!
1"
b11000001 6
#45130
0!
0"
1:
1$
01
05
04
13
12
10
0-
1,
1+
0*
1)
0(
1'
1&
0%
#45135
1!
1"
#45140
0!
0"
1:
11
02
00
0.
0,
0+
1*
1(
#45145
1!
1"
b1100010 6
#45150
0!
0"
1:
1.
1+
0*
0'
1%
01
#45155
1!
1"
#45160
0!
0"
1:
0$
11
03
12
10
1*
0(
0%
#45165
1!
1"
b1000101 6
#45170
0!
0"
1:
1$
1/
0.
1-
1'
1%
#45175
1!
1"
#45180
0!
0"
1:
0$
00
0/
1.
0-
0+
0*
1(
0&
01
#45185
1!
1"
#45190
0!
0"
1:
1$
1/
1,
1+
1*
0'
11
#45195
1!
1"
#45200
0!
0"
1:
0$
15
13
02
10
0/
0.
1-
0+
0*
0(
1'
#45205
1!
1"
b1011100 6
#45210
0!
0"
1:
05
03
1/
1.
0-
0,
1*
#45215
1!
1"
b10101001 6
#45220
0!
0"
1:
01
15
14
13
12
0.
1,
1&
0%
#45225
1!
1"
#45230
0!
0"
1:
05
04
03
00
0/
1-
0,
1(
1%
#45235
1!
1"
#45240
0!
0"
1:
1$
15
14
13
10
1/
1,
1+
0*
0)
0(
#45245
1!
1"
#45250
0!
0"
1:
04
02
1.
1*
0&
#45255
1!
1"
#45260
0!
0"
1:
0$
14
03
12
00
0/
0+
0*
1)
1&
0%
#45265
1!
1"
#45270
0!
0"
1:
11
05
13
02
0.
1+
1*
1(
1%
#45275
1!
1"
b10110101 6
#45280
0!
0"
1:
1$
10
1/
0&
0%
#45285
1!
1"
#45290
0!
0"
1:
01
15
12
00
1.
0+
0)
0(
1&
1%
#45295
1!
1"
#45300
0!
0"
1:
11
05
10
0.
0-
0,
1+
1)
0&
0%
#45305
1!
1"
b1011110 6
#45310
0!
0"
1:
0$
15
04
03
0/
0+
0'
#45315
1!
1"
b11110110 6
#45320
0!
0"
1:
13
02
1.
1-
1,
1(
#45325
1!
1"
b1011100 6
#45330
0!
0"
1:
0.
0-
1+
0(
1&
#45335
1!
1"
#45340
0!
0"
1:
01
05
00
1/
1.
1%
#45345
1!
1"
#45350
0!
0"
1:
11
14
03
12
0/
0+
0*
0)
1(
1'
0%
#45355
1!
1"
b1111111 6
#45360
0!
0"
1:
01
13
10
1/
0.
1-
1*
1)
0(
1%
#45365
1!
1"
#45370
0!
0"
1:
1$
11
15
0/
0,
0)
0%
#45375
1!
1"
b1111011 6
#45380
0!
0"
1:
0$
00
1/
1.
1,
0*
1)
1(
1%
#45385
1!
1"
#45390
0!
0"
1:
01
05
02
0-
0,
1+
0)
0'
0%
#45395
1!
1"
#45400
0!
0"
1:
1$
11
15
10
1*
0(
1%
#45405
1!
1"
b11000000 6
#45410
0!
0"
1:
01
05
12
00
0.
1-
0+
1'
0%
#45415
1!
1"
#45420
0!
0"
1:
11
15
03
02
10
1.
0*
1)
1(
0&
#45425
1!
1"
b11111011 6
#45430
0!
0"
1:
0$
05
12
0.
0-
1+
1*
0)
0(
1&
#45435
1!
1"
b1111111 6
#45440
0!
0"
1:
1$
01
04
13
0*
0'
#45445
1!
1"
#45450
0!
0"
1:
0$
11
15
14
03
02
00
0/
1.
1(
1'
0&
1%
#45455
1!
1"
b10001111 6
#45460
0!
0"
1:
13
12
1/
0.
0+
1*
0(
0'
1&
#45465
1!
1"
b1111011 6
#45470
0!
0"
1:
03
10
1+
0*
1(
#45475
1!
1"
b11111 6
#45480
0!
0"
1:
1$
01
04
02
0/
1.
1-
0+
1)
0(
0&
0%
#45485
1!
1"
#45490
0!
0"
1:
0$
13
1/
0.
0-
1,
1+
0)
1&
1%
#45495
1!
1"
#45500
0!
0"
1:
11
05
14
00
1.
0,
0&
#45505
1!
1"
b1001010 6
#45510
0!
0"
1:
1$
15
04
03
12
0/
0+
1*
1)
1(
0%
#45515
1!
1"
b11110110 6
#45520
0!
0"
1:
0$
10
1,
1+
0*
0(
1'
1%
01
#45525
1!
1"
#45530
0!
0"
1:
1$
11
13
0+
1(
0'
0%
#45535
1!
1"
b10100100 6
#45540
0!
0"
1:
05
02
00
1/
1+
1*
1&
1%
#45545
1!
1"
b100011 6
#45550
0!
0"
1:
0$
15
03
12
10
0/
0,
0+
0*
0)
0(
1'
0&
#45555
1!
1"
b11110110 6
#45560
0!
0"
1:
1$
01
14
1/
1,
1+
1*
0'
1&
0%
#45565
1!
1"
#45570
0!
0"
1:
0$
13
0,
0+
0*
1)
1%
#45575
1!
1"
#45580
0!
0"
1:
1$
0/
1,
1+
1*
1(
1'
0&
0%
#45585
1!
1"
#45590
0!
0"
1:
0$
11
04
02
00
0,
0+
0*
0)
0(
0'
#45595
1!
1"
b1011100 6
#45600
0!
0"
1:
14
03
12
1/
1*
1(
1&
#45605
1!
1"
b11111 6
#45610
0!
0"
1:
01
04
13
10
0.
1-
1,
1+
0*
0(
0&
#45615
1!
1"
#45620
0!
0"
1:
1$
05
03
02
0/
0,
0+
1*
1(
1'
1&
#45625
1!
1"
#45630
0!
0"
1:
0$
14
13
12
00
1/
1.
0-
1,
1+
0(
0'
1%
#45635
1!
1"
#45640
0!
0"
1:
10
0*
1)
1(
1'
0&
11
#45645
1!
1"
b1011110 6
#45650
0!
0"
1:
1$
15
02
1*
0)
0(
0%
#45655
1!
1"
b1001001 6
#45660
0!
0"
1:
05
04
12
00
0/
1-
0,
0*
1(
1&
1%
#45665
1!
1"
b1100111 6
#45670
0!
0"
1:
0$
15
03
02
1/
0+
1*
1)
#45675
1!
1"
b10010101 6
#45680
0!
0"
1:
01
14
13
0/
0.
0-
1,
0(
0%
#45685
1!
1"
#45690
0!
0"
1:
1$
1-
0,
1+
0)
0'
0&
#45695
1!
1"
#45700
0!
0"
1:
0$
11
04
12
1.
0+
0*
1'
1%
#45705
1!
1"
b11110110 6
#45710
0!
0"
1:
05
1)
1(
0'
0%
#45715
1!
1"
b1100111 6
#45720
0!
0"
1:
1$
14
03
02
10
1/
0.
1+
1*
1'
1%
#45725
1!
1"
b1110111 6
#45730
0!
0"
1:
0$
01
15
04
12
0/
0-
0*
0)
1&
#45735
1!
1"
#45740
0!
0"
1:
1$
05
14
1.
0+
1*
1)
#45745
1!
1"
#45750
0!
0"
1:
0$
11
15
00
1,
1+
0)
0(
0'
0&
0%
#45755
1!
1"
b11101011 6
#45760
0!
0"
1:
01
05
13
0.
1-
0+
0*
1(
1%
#45765
1!
1"
#45770
0!
0"
1:
1$
1/
1.
1+
1)
0%
#45775
1!
1"
#45780
0!
0"
1:
02
0.
1*
#45785
1!
1"
#45790
0!
0"
1:
11
04
03
12
10
0/
1.
0,
0+
0)
1'
1%
#45795
1!
1"
b1000101 6
#45800
0!
0"
1:
0$
01
14
13
02
00
0.
0-
0*
1)
1&
#45805
1!
1"
#45810
0!
0"
1:
1$
11
03
10
1/
1.
1-
1+
1*
0'
0%
#45815
1!
1"
b1110111 6
#45820
0!
0"
1:
0$
13
00
0/
0+
0(
1'
0&
1%
#45825
1!
1"
b1001010 6
#45830
0!
0"
1:
15
1/
0*
0)
0'
#45835
1!
1"
b1001001 6
#45840
0!
0"
1:
04
10
0.
1,
1+
1*
1)
1(
1&
0%
#45845
1!
1"
b11101111 6
#45850
0!
0"
1:
1$
12
00
0/
0-
0*
0(
1'
0&
1%
#45855
1!
1"
b11110110 6
#45860
0!
0"
1:
05
14
10
0,
0+
1(
0'
0%
#45865
1!
1"
b1011110 6
#45870
0!
0"
1:
01
04
02
00
1/
1.
1'
1&
1%
#45875
1!
1"
#45880
0!
0"
1:
0$
11
15
14
03
10
0/
1-
1,
1+
0)
0'
#45885
1!
1"
b11110101 6
#45890
0!
0"
1:
04
0-
0+
0(
1'
0&
0%
#45895
1!
1"
b10000001 6
#45900
0!
0"
1:
0.
1-
0,
1(
1&
1%
#45905
1!
1"
#45910
0!
0"
1:
05
14
0-
1,
1*
0(
#45915
1!
1"
b1110111 6
#45920
0!
0"
1:
1$
01
13
12
1/
1.
1-
1+
0*
0&
0%
#45925
1!
1"
#45930
0!
0"
1:
15
0/
0+
1*
1)
1(
0'
#45935
1!
1"
#45940
0!
0"
1:
0$
04
03
02
0.
0*
0)
0(
1'
1&
#45945
1!
1"
#45950
0!
0"
1:
11
05
14
0-
0,
1+
1*
1)
0'
0&
1%
#45955
1!
1"
b111111 6
#45960
0!
0"
1:
15
12
1/
1,
0)
1'
0%
#45965
1!
1"
b1001101 6
#45970
0!
0"
1:
05
13
1.
1-
0+
1)
1%
#45975
1!
1"
b1011110 6
#45980
0!
0"
1:
15
04
03
0/
0,
1+
0*
0'
1&
0%
#45985
1!
1"
b11110110 6
#45990
0!
0"
1:
1$
05
13
02
00
1/
1,
1*
0)
1%
#45995
1!
1"
b1110111 6
#46000
0!
0"
1:
0$
15
12
10
0,
0*
1(
1'
#46005
1!
1"
b11110110 6
#46010
0!
0"
1:
05
14
03
0/
0.
0-
1*
0&
0%
#46015
1!
1"
b10110000 6
#46020
0!
0"
1:
1$
04
13
00
1/
1.
1-
1,
1%
#46025
1!
1"
b1111110 6
#46030
0!
0"
1:
01
03
10
0.
0+
0(
0'
0%
#46035
1!
1"
#46040
0!
0"
1:
0$
11
14
00
0,
1)
1(
1'
1%
#46045
1!
1"
b10110000 6
#46050
0!
0"
1:
1$
13
0-
1,
1+
0)
0'
#46055
1!
1"
b1011110 6
#46060
0!
0"
1:
0$
01
04
0/
1-
0*
1'
1&
0%
#46065
1!
1"
#46070
0!
0"
1:
11
14
1.
0-
0,
1*
1)
0(
0&
1%
#46075
1!
1"
#46080
0!
0"
1:
1$
1/
0.
1-
1,
0*
1(
0'
1&
01
#46085
1!
1"
#46090
0!
0"
1:
11
15
04
02
10
0/
0-
1'
0%
#46095
1!
1"
b11101111 6
#46100
0!
0"
1:
0$
01
05
14
03
00
1/
1.
0+
0)
0(
#46105
1!
1"
#46110
0!
0"
1:
1$
15
13
10
0.
1-
0,
1+
1*
1(
1%
#46115
1!
1"
#46120
0!
0"
1:
05
03
12
0-
0+
0*
1)
0'
0&
0%
#46125
1!
1"
#46130
0!
0"
1:
0$
0/
1.
1,
1*
0)
1&
1%
11
#46135
1!
1"
b10110000 6
#46140
0!
0"
1:
01
15
00
0.
1-
0*
1)
0&
0%
#46145
1!
1"
#46150
0!
0"
1:
1$
11
05
04
13
02
0-
1'
#46155
1!
1"
b1110111 6
#46160
0!
0"
1:
01
14
10
1/
1-
1+
1*
0'
1%
#46165
1!
1"
#46170
0!
0"
1:
04
03
12
0/
1.
0-
1'
1&
0%
#46175
1!
1"
#46180
0!
0"
1:
11
15
14
02
00
1/
1-
0,
0+
0)
0'
#46185
1!
1"
b10010000 6
#46190
0!
0"
1:
0$
13
0.
0-
1,
0*
1)
0(
#46195
1!
1"
b11110101 6
#46200
0!
0"
1:
04
03
12
0/
0,
1(
1'
#46205
1!
1"
b11111011 6
#46210
0!
0"
1:
1$
01
05
13
02
10
1/
1.
1+
#46215
1!
1"
#46220
0!
0"
1:
1-
1,
0)
0'
0&
#46225
1!
1"
#46230
0!
0"
1:
0$
11
14
03
00
0.
1*
0(
1'
#46235
1!
1"
b111111 6
#46240
0!
0"
1:
01
15
04
12
0/
0*
0'
1&
#46245
1!
1"
#46250
0!
0"
1:
1$
11
05
14
1/
1(
0&
#46255
1!
1"
b10110000 6
#46260
0!
0"
1:
0$
15
04
10
0(
1'
#46265
1!
1"
b11111011 6
#46270
0!
0"
1:
1$
05
13
0/
1.
0,
1*
0'
1&
#46275
1!
1"
b1111110 6
#46280
0!
0"
1:
01
14
00
1/
0.
0-
1,
0+
1)
1(
1'
0&
#46285
1!
1"
#46290
0!
0"
1:
11
15
10
0/
1.
1-
0,
1+
0*
0)
0'
1%
#46295
1!
1"
b1101011 6
#46300
0!
0"
1:
05
04
03
02
00
0.
1,
0+
0(
#46305
1!
1"
b1011011 6
#46310
0!
0"
1:
0$
15
14
13
12
10
0,
1+
1*
1)
1(
1'
#46315
1!
1"
b1101011 6
#46320
0!
0"
1:
1$
04
02
1/
0-
0+
0)
0(
0'
1&
0%
#46325
1!
1"
b1001110 6
#46330
0!
0"
1:
05
03
0/
1-
0*
1(
0&
#46335
1!
1"
b1011011 6
#46340
0!
0"
1:
0$
14
12
00
0-
1+
1*
1)
0(
1&
#46345
1!
1"
b10110000 6
#46350
0!
0"
1:
01
13
02
10
1/
1.
1-
1,
0+
0)
1'
0&
1%
#46355
1!
1"
#46360
0!
0"
1:
11
03
00
0-
0*
1&
#46365
1!
1"
b111111 6
#46370
0!
0"
1:
12
0/
0.
0,
1*
1(
0%
#46375
1!
1"
b10110000 6
#46380
0!
0"
1:
1$
01
15
13
02
10
1.
1-
1+
#46385
1!
1"
#46390
0!
0"
1:
0$
05
04
0.
0*
0&
1%
#46395
1!
1"
#46400
0!
0"
1:
15
03
12
00
1.
0-
1,
0+
0'
0%
#46405
1!
1"
#46410
0!
0"
1:
1$
11
05
13
02
1+
1*
0(
1%
#46415
1!
1"
b1000011 6
#46420
0!
0"
1:
0$
01
15
14
12
1/
0.
0,
0+
0*
0%
#46425
1!
1"
#46430
0!
0"
1:
1$
11
04
03
02
0/
1.
1,
1+
1*
1)
1&
#46435
1!
1"
b1001 6
#46440
0!
0"
1:
0$
05
12
1/
0.
0,
0+
0*
0&
#46445
1!
1"
b1110100 6
#46450
0!
0"
1:
1$
15
02
0/
1.
1-
1,
1*
0)
1(
1&
1%
#46455
1!
1"
b1001 6
#46460
0!
0"
1:
0$
01
05
12
10
1/
0-
1+
0*
1)
0&
0%
#46465
1!
1"
#46470
0!
0"
1:
1$
11
15
14
13
00
1-
0,
0)
1'
1%
#46475
1!
1"
b1101011 6
#46480
0!
0"
1:
0$
04
02
10
0.
0+
1)
0(
1&
0%
#46485
1!
1"
b1001110 6
#46490
0!
0"
1:
1$
01
03
12
00
1.
1,
1+
0&
#46495
1!
1"
#46500
0!
0"
1:
11
05
14
02
10
0/
1*
1(
0'
1%
#46505
1!
1"
b10111110 6
#46510
0!
0"
1:
0$
01
12
00
1/
0.
0-
0*
0)
0(
0%
#46515
1!
1"
#46520
0!
0"
1:
1$
15
13
10
1-
1*
1(
#46525
1!
1"
#46530
0!
0"
1:
05
04
03
02
00
0,
0+
0*
0(
1'
1&
1%
#46535
1!
1"
#46540
0!
0"
1:
11
15
14
10
0/
1.
0-
1,
1+
1)
1(
0'
0%
#46545
1!
1"
b11010010 6
#46550
0!
0"
1:
0$
05
04
13
1-
0,
0)
#46555
1!
1"
b11110100 6
#46560
0!
0"
1:
1$
01
03
1/
0-
0(
1'
0&
#46565
1!
1"
#46570
0!
0"
1:
15
13
12
00
0/
0+
1(
1&
#46575
1!
1"
#46580
0!
0"
1:
11
14
02
10
1*
1)
0(
0&
1%
#46585
1!
1"
b100 6
#46590
0!
0"
1:
01
04
12
1+
0)
1&
0%
#46595
1!
1"
#46600
0!
0"
1:
0$
11
05
14
00
0.
1-
0+
1(
0'
0&
1%
#46605
1!
1"
b1010 6
#46610
0!
0"
1:
0-
1+
1)
01
#46615
1!
1"
#46620
0!
0"
1:
1$
11
15
02
10
0+
0(
#46625
1!
1"
b100 6
#46630
0!
0"
1:
0$
01
05
12
1/
1,
1+
0*
0)
1(
1&
#46635
1!
1"
#46640
0!
0"
1:
1$
11
15
03
02
1-
1)
0&
0%
#46645
1!
1"
b11010010 6
#46650
0!
0"
1:
05
12
0/
1.
0,
0+
1*
0(
1&
#46655
1!
1"
b11000101 6
#46660
0!
0"
1:
01
04
0-
1,
1+
1'
0&
#46665
1!
1"
#46670
0!
0"
1:
11
15
13
02
00
0.
0,
0*
0)
1(
1%
#46675
1!
1"
b10110101 6
#46680
0!
0"
1:
0$
14
03
12
10
1/
1,
0+
1*
1)
1&
0%
#46685
1!
1"
b100000 6
#46690
0!
0"
1:
1$
01
05
02
0,
0)
0(
0&
1%
#46695
1!
1"
#46700
0!
0"
1:
0$
11
15
04
00
1.
1-
0*
1)
0'
1&
#46705
1!
1"
b10111011 6
#46710
0!
0"
1:
01
05
14
13
12
10
0-
0&
0%
#46715
1!
1"
#46720
0!
0"
1:
1$
11
03
02
00
1-
1+
1%
#46725
1!
1"
b11110101 6
#46730
0!
0"
1:
0/
0-
1,
0+
1*
0%
01
#46735
1!
1"
#46740
0!
0"
1:
15
04
13
12
0.
0*
0)
1(
1&
#46745
1!
1"
#46750
0!
0"
1:
02
10
1/
1-
1+
1*
0(
1'
#46755
1!
1"
#46760
0!
0"
1:
03
00
0/
0-
0,
0+
0*
1)
1%
#46765
1!
1"
#46770
0!
0"
1:
0$
05
13
12
10
1/
1.
1,
1*
0)
1(
0'
#46775
1!
1"
#46780
0!
0"
1:
1$
15
0.
1-
0,
1+
0*
0(
0&
#46785
1!
1"
#46790
0!
0"
1:
11
05
14
02
00
0/
1.
1,
1)
1(
1&
#46795
1!
1"
b1111011 6
#46800
0!
0"
1:
0$
01
15
03
12
0-
0,
0+
1*
#46805
1!
1"
#46810
0!
0"
1:
04
13
02
1/
1-
0*
0(
0%
#46815
1!
1"
#46820
0!
0"
1:
11
14
03
12
0/
0-
1,
1*
1'
1%
#46825
1!
1"
b100000 6
#46830
0!
0"
1:
1$
01
05
04
02
10
0.
0*
0)
0'
0&
#46835
1!
1"
#46840
0!
0"
1:
14
00
1/
1.
1-
1*
#46845
1!
1"
#46850
0!
0"
1:
0$
11
15
04
0,
1+
1'
0%
#46855
1!
1"
b10111011 6
#46860
0!
0"
1:
1$
01
05
13
10
0/
0-
0*
1(
#46865
1!
1"
#46870
0!
0"
1:
11
14
03
12
1/
0+
1*
1&
1%
#46875
1!
1"
b1000011 6
#46880
0!
0"
1:
0$
01
04
13
00
0/
1+
1)
0'
#46885
1!
1"
#46890
0!
0"
1:
15
14
03
02
1/
0.
1,
0+
0)
0&
#46895
1!
1"
#46900
0!
0"
1:
1$
05
13
12
10
1.
0,
1+
1)
0(
0%
#46905
1!
1"
#46910
0!
0"
1:
03
00
0/
0.
0*
0)
1'
1&
1%
#46915
1!
1"
#46920
0!
0"
1:
11
04
1/
1,
0'
0&
#46925
1!
1"
b1011110 6
#46930
0!
0"
1:
01
15
14
02
1.
1-
1(
1&
#46935
1!
1"
#46940
0!
0"
1:
11
04
13
12
10
0/
0,
1*
1)
1'
#46945
1!
1"
b111110 6
#46950
0!
0"
1:
0$
01
14
00
0*
0)
0(
0'
0&
0%
#46955
1!
1"
#46960
0!
0"
1:
1$
0.
0-
0+
1*
1(
1%
11
#46965
1!
1"
b11101101 6
#46970
0!
0"
1:
01
04
10
0(
1&
0%
#46975
1!
1"
#46980
0!
0"
1:
0$
05
03
02
00
1.
1-
0*
1)
1'
0&
1%
#46985
1!
1"
#46990
0!
0"
1:
11
14
12
1,
1+
1(
0'
1&
#46995
1!
1"
b1000011 6
#47000
0!
0"
1:
13
10
1/
0-
0,
1*
0)
#47005
1!
1"
b100000 6
#47010
0!
0"
1:
00
1-
1,
0*
0(
1'
0&
#47015
1!
1"
#47020
0!
0"
1:
1$
01
04
03
10
0/
0-
1*
1&
#47025
1!
1"
#47030
0!
0"
1:
0$
13
1/
0.
1)
0&
#47035
1!
1"
#47040
0!
0"
1:
15
14
02
1.
1-
0*
0)
1(
1&
0%
#47045
1!
1"
#47050
0!
0"
1:
11
05
03
0-
0+
1)
0'
0&
1%
#47055
1!
1"
b11110101 6
#47060
0!
0"
1:
1$
01
04
0/
0.
1-
0,
1+
1'
1&
#47065
1!
1"
#47070
0!
0"
1:
0$
15
13
12
1,
0+
0)
0'
0&
#47075
1!
1"
#47080
0!
0"
1:
1$
11
05
14
02
1/
1.
0-
0(
#47085
1!
1"
b1111011 6
#47090
0!
0"
1:
0$
04
12
00
0.
1*
1(
1'
1&
0%
#47095
1!
1"
b1111110 6
#47100
0!
0"
1:
02
10
0,
0(
#47105
1!
1"
b1000001 6
#47110
0!
0"
1:
1$
15
12
0/
1.
1-
0*
1)
1(
0'
#47115
1!
1"
b111110 6
#47120
0!
0"
1:
0$
05
03
02
1/
0-
1,
1+
1*
0(
#47125
1!
1"
b11100111 6
#47130
0!
0"
1:
1$
01
15
13
0.
1-
0,
0)
1%
#47135
1!
1"
#47140
0!
0"
1:
05
14
0/
1,
0+
0*
1(
0&
0%
#47145
1!
1"
#47150
0!
0"
1:
0$
15
04
03
00
1/
0-
1'
1&
1%
#47155
1!
1"
#47160
0!
0"
1:
05
13
12
10
1-
1+
1)
0(
#47165
1!
1"
#47170
0!
0"
1:
14
02
1.
0+
1*
0)
0'
0&
0%
#47175
1!
1"
#47180
0!
0"
1:
1$
15
04
0/
0-
0,
1(
1'
1&
1%
#47185
1!
1"
#47190
0!
0"
1:
11
05
14
03
12
00
1/
0.
0*
1)
0'
0%
#47195
1!
1"
b1000011 6
#47200
0!
0"
1:
0$
15
13
02
1-
0)
1'
#47205
1!
1"
b100 6
#47210
0!
0"
1:
05
03
0/
1,
1+
1)
0(
0'
1%
#47215
1!
1"
b11110101 6
#47220
0!
0"
1:
1$
01
15
13
1/
0-
1*
0&
#47225
1!
1"
#47230
0!
0"
1:
11
05
12
0/
1.
1-
0+
0)
1(
1'
0%
#47235
1!
1"
b1110101 6
#47240
0!
0"
1:
15
04
03
02
10
0,
0*
1%
#47245
1!
1"
b11001 6
#47250
0!
0"
1:
0$
05
13
0.
1,
1+
1*
1)
0'
1&
#47255
1!
1"
b1000001 6
#47260
0!
0"
1:
03
12
00
1.
0-
0,
0+
0*
1'
#47265
1!
1"
b11110010 6
#47270
0!
0"
1:
01
14
0.
1-
1+
0(
0'
0&
#47275
1!
1"
#47280
0!
0"
1:
11
13
1/
1.
0-
1*
0)
1&
0%
#47285
1!
1"
b1110101 6
#47290
0!
0"
1:
1$
10
1,
0+
1(
1'
#47295
1!
1"
#47300
0!
0"
1:
0$
03
02
0/
0.
1+
0(
#47305
1!
1"
b11110101 6
#47310
0!
0"
1:
1$
01
15
04
1/
0,
1)
0&
#47315
1!
1"
#47320
0!
0"
1:
0$
11
13
12
00
0/
1-
1,
0+
0*
1(
0'
1&
1%
#47325
1!
1"
b111110 6
#47330
0!
0"
1:
03
02
10
1/
0,
0)
1'
0&
0%
#47335
1!
1"
b11001 6
#47340
0!
0"
1:
01
13
12
00
0/
1.
0-
1,
1+
1*
1)
0(
1&
1%
#47345
1!
1"
#47350
0!
0"
1:
1$
05
14
03
02
1-
0,
0*
0)
1(
0&
0%
#47355
1!
1"
#47360
0!
0"
1:
04
0-
1,
0+
1)
0(
1%
#47365
1!
1"
#47370
0!
0"
1:
0$
11
14
13
12
0,
1+
1*
0)
1(
0'
#47375
1!
1"
b1110101 6
#47380
0!
0"
1:
01
15
1/
1,
0*
0(
#47385
1!
1"
#47390
0!
0"
1:
11
04
03
10
0/
0,
1*
1)
#47395
1!
1"
b1000000 6
#47400
0!
0"
1:
1$
01
14
13
02
1/
1-
1,
0+
0)
1(
#47405
1!
1"
#47410
0!
0"
1:
0$
11
04
12
00
0,
0*
1)
0(
1&
0%
#47415
1!
1"
b111110 6
#47420
0!
0"
1:
1$
01
14
02
10
0/
1,
1*
1'
0&
1%
#47425
1!
1"
#47430
0!
0"
1:
05
04
03
0.
0-
0*
0'
1&
0%
#47435
1!
1"
#47440
0!
0"
1:
0$
11
15
13
12
1/
0,
1+
1%
#47445
1!
1"
#47450
0!
0"
1:
05
14
03
02
00
1.
1-
1,
0)
1(
0&
0%
#47455
1!
1"
b11100011 6
#47460
0!
0"
1:
1$
01
15
12
0/
0.
0-
0,
1*
0(
#47465
1!
1"
#47470
0!
0"
1:
11
04
02
10
1.
1,
0+
0*
1)
1(
1'
1&
#47475
1!
1"
b11001 6
#47480
0!
0"
1:
12
00
0,
1+
0(
0'
0&
#47485
1!
1"
b1011111 6
#47490
0!
0"
1:
0$
01
05
14
02
1/
0.
0+
0)
1&
#47495
1!
1"
#47500
0!
0"
1:
1$
04
1,
1+
1*
1'
#47505
1!
1"
#47510
0!
0"
1:
10
0/
1.
1-
0,
0'
11
#47515
1!
1"
b10100100 6
#47520
0!
0"
1:
01
14
12
1/
0-
1)
1(
#47525
1!
1"
#47530
0!
0"
1:
15
02
0/
0.
1-
1,
0+
0*
0(
1'
1%
#47535
1!
1"
#47540
0!
0"
1:
05
04
13
12
1.
0,
1+
0)
1(
0'
#47545
1!
1"
#47550
0!
0"
1:
0$
11
15
14
02
00
1/
0.
0-
1,
0(
0&
0%
#47555
1!
1"
b10010101 6
#47560
0!
0"
1:
05
03
1.
0,
0+
1*
1&
#47565
1!
1"
b11100011 6
#47570
0!
0"
1:
1$
01
04
13
10
0/
1,
1+
0*
1)
1(
0&
1%
#47575
1!
1"
#47580
0!
0"
1:
0$
11
15
03
00
0,
0(
0%
#47585
1!
1"
b11001 6
#47590
0!
0"
1:
1$
01
05
14
10
0.
1,
0+
0)
1(
#47595
1!
1"
#47600
0!
0"
1:
0$
15
1.
1-
0,
1*
1)
1'
1&
1%
#47605
1!
1"
#47610
0!
0"
1:
11
04
12
1/
0.
0-
1+
0(
0'
0%
#47615
1!
1"
b10110101 6
#47620
0!
0"
1:
1$
14
13
00
1.
1-
1,
0+
1%
#47625
1!
1"
b1000101 6
#47630
0!
0"
1:
0$
04
03
0/
0,
1+
0*
0)
1'
#47635
1!
1"
b10110101 6
#47640
0!
0"
1:
1$
13
02
1/
0.
1(
0&
0%
#47645
1!
1"
b11100111 6
#47650
0!
0"
1:
01
14
03
0'
1&
1%
#47655
1!
1"
#47660
0!
0"
1:
11
05
10
1,
1)
1'
0%
#47665
1!
1"
b11100011 6
#47670
0!
0"
1:
0$
15
13
12
00
0/
0-
0)
0(
0'
#47675
1!
1"
b1000101 6
#47680
0!
0"
1:
03
10
1-
1*
1)
1'
1%
#47685
1!
1"
b1101 6
#47690
0!
0"
1:
1$
01
05
04
13
02
00
1/
1.
0-
0*
1(
0&
0%
#47695
1!
1"
#47700
0!
0"
1:
0$
11
15
0.
1-
0)
0'
1%
#47705
1!
1"
b11100111 6
#47710
0!
0"
1:
1$
01
05
14
12
1.
0-
0+
0(
#47715
1!
1"
#47720
0!
0"
1:
15
04
02
0.
1+
1*
1)
1'
0%
#47725
1!
1"
#47730
0!
0"
1:
05
12
10
1-
0)
1&
1%
#47735
1!
1"
#47740
0!
0"
1:
03
02
0/
1.
0,
0+
0*
0'
0%
#47745
1!
1"
#47750
0!
0"
1:
00
0.
0-
1*
1%
#47755
1!
1"
#47760
0!
0"
1:
14
13
1-
#47765
1!
1"
#47770
0!
0"
1:
04
03
1/
1.
0-
1,
1+
1(
0&
#47775
1!
1"
#47780
0!
0"
1:
0$
11
15
14
13
12
10
0,
0+
0*
1)
0(
1'
#47785
1!
1"
b1000101 6
#47790
0!
0"
1:
01
03
1-
1,
1+
0)
1(
0%
#47795
1!
1"
#47800
0!
0"
1:
1$
11
04
00
0/
0,
0+
1)
0'
#47805
1!
1"
b1110110 6
#47810
0!
0"
1:
01
05
13
0.
1+
1*
0)
1%
#47815
1!
1"
#47820
0!
0"
1:
0$
11
15
03
1/
0-
1,
0*
1)
1'
0%
#47825
1!
1"
b1101000 6
#47830
0!
0"
1:
1$
02
0/
1.
0+
1&
#47835
1!
1"
b10001100 6
#47840
0!
0"
1:
01
05
14
12
1-
1+
0)
1%
#47845
1!
1"
#47850
0!
0"
1:
11
15
04
13
02
0.
0-
0+
1)
0(
0'
#47855
1!
1"
b11100111 6
#47860
0!
0"
1:
01
14
03
12
10
1/
1.
0,
1*
0)
1(
1'
0&
#47865
1!
1"
#47870
0!
0"
1:
0$
05
0/
1-
0*
1)
0(
0'
0%
#47875
1!
1"
#47880
0!
0"
1:
1$
11
04
13
1*
1(
1&
1%
#47885
1!
1"
b10010000 6
#47890
0!
0"
1:
0*
0(
0%
#47895
1!
1"
#47900
0!
0"
1:
0$
15
14
02
0.
1%
#47905
1!
1"
b10010100 6
#47910
0!
0"
1:
1$
01
03
00
1/
1,
1+
0)
0&
#47915
1!
1"
#47920
0!
0"
1:
0$
11
04
13
0/
0-
0,
1*
1)
#47925
1!
1"
b11100111 6
#47930
0!
0"
1:
1$
01
05
12
10
1/
1.
1,
0*
1&
0%
#47935
1!
1"
#47940
0!
0"
1:
0$
02
00
0/
0,
0+
1*
1%
#47945
1!
1"
#47950
0!
0"
1:
14
03
12
0.
1-
1,
1+
1'
0&
0%
#47955
1!
1"
#47960
0!
0"
1:
11
15
04
02
1/
1.
0-
0,
0)
1&
1%
#47965
1!
1"
b10001100 6
#47970
0!
0"
1:
1$
01
05
14
1,
1)
1(
#47975
1!
1"
#47980
0!
0"
1:
11
15
04
13
12
0.
1-
0,
0+
0*
0'
0%
#47985
1!
1"
b11001101 6
#47990
0!
0"
1:
01
05
03
10
0/
1.
1,
1+
1*
0)
1'
1%
#47995
1!
1"
#48000
0!
0"
1:
15
14
0-
0,
0+
0*
0&
#48005
1!
1"
#48010
0!
0"
1:
11
04
02
1/
1,
1+
1)
#48015
1!
1"
b10001100 6
#48020
0!
0"
1:
0$
01
14
13
00
0/
0.
1-
0+
0(
0'
#48025
1!
1"
#48030
0!
0"
1:
1$
04
03
12
1/
1.
0-
0,
1+
1*
0)
1(
1'
0%
#48035
1!
1"
#48040
0!
0"
1:
11
14
10
0.
1-
1,
0*
1)
0(
0'
1%
#48045
1!
1"
b10110111 6
#48050
0!
0"
1:
13
02
0/
1.
0-
0,
1*
1(
1'
1&
0%
#48055
1!
1"
b10010100 6
#48060
0!
0"
1:
0$
01
05
04
12
1,
0(
0&
1%
#48065
1!
1"
#48070
0!
0"
1:
1$
14
03
02
1(
0%
#48075
1!
1"
#48080
0!
0"
1:
0$
11
04
1/
0+
0)
0(
0'
1%
#48085
1!
1"
b10100100 6
#48090
0!
0"
1:
15
13
1+
1(
1&
0%
#48095
1!
1"
b10001010 6
#48100
0!
0"
1:
01
03
12
0/
0*
0(
1'
0&
#48105
1!
1"
#48110
0!
0"
1:
1$
05
1/
0.
0,
0+
1(
#48115
1!
1"
#48120
0!
0"
1:
11
14
13
02
1.
1-
0(
0'
1%
#48125
1!
1"
b1110010 6
#48130
0!
0"
1:
0$
15
12
00
0/
1,
1*
1)
1(
1'
#48135
1!
1"
b1111101 6
#48140
0!
0"
1:
05
10
0.
0,
0*
0'
#48145
1!
1"
b1111011 6
#48150
0!
0"
1:
1$
01
15
04
02
1,
1+
0(
1'
0%
#48155
1!
1"
#48160
0!
0"
1:
11
12
00
1.
0,
0'
1&
1%
#48165
1!
1"
b11001101 6
#48170
0!
0"
1:
10
1/
0-
1*
01
#48175
1!
1"
#48180
0!
0"
1:
11
14
03
1,
0+
0*
0)
0&
#48185
1!
1"
b10110111 6
#48190
0!
0"
1:
13
02
00
0/
0,
1+
1*
1)
1(
1'
0%
#48195
1!
1"
b11100101 6
#48200
0!
0"
1:
0$
05
04
03
1/
1-
0)
0(
0'
1&
1%
#48205
1!
1"
b10100100 6
#48210
0!
0"
1:
01
15
10
0-
0+
0*
1)
1'
0%
#48215
1!
1"
#48220
0!
0"
1:
1$
14
13
12
00
0/
1,
1+
1*
0'
1%
#48225
1!
1"
#48230
0!
0"
1:
04
02
1/
0.
1-
0,
0+
0*
0)
0&
#48235
1!
1"
#48240
0!
0"
1:
05
14
03
12
10
1*
1(
1'
0%
#48245
1!
1"
#48250
0!
0"
1:
0$
11
04
13
02
1.
1+
0*
1)
1&
1%
#48255
1!
1"
b10110111 6
#48260
0!
0"
1:
1$
15
00
0.
1,
#48265
1!
1"
b10001010 6
#48270
0!
0"
1:
01
03
12
10
0/
0-
0,
0+
0)
0'
0&
#48275
1!
1"
#48280
0!
0"
1:
05
14
13
02
00
1.
1+
1*
1)
#48285
1!
1"
#48290
0!
0"
1:
0$
15
10
1,
0+
0(
0%
#48295
1!
1"
#48300
0!
0"
1:
1$
11
05
04
03
00
0,
1+
0*
0)
1'
1%
#48305
1!
1"
b10100100 6
#48310
0!
0"
1:
0$
01
15
13
12
10
1/
0.
1-
1,
0+
0'
1&
0%
#48315
1!
1"
#48320
0!
0"
1:
00
0/
0-
0,
1*
1(
0&
#48325
1!
1"
#48330
0!
0"
1:
1$
14
1/
1-
0*
1)
1'
#48335
1!
1"
#48340
0!
0"
1:
11
04
03
02
10
1.
1,
0'
1%
#48345
1!
1"
b10001100 6
#48350
0!
0"
1:
0$
05
12
00
0.
0-
0,
0)
1'
1&
#48355
1!
1"
b1010 6
#48360
0!
0"
1:
1$
14
13
0/
1.
1,
1+
1*
0(
0'
0%
#48365
1!
1"
b1111011 6
#48370
0!
0"
1:
0$
15
04
03
0,
0+
1)
1'
#48375
1!
1"
b10011111 6
#48380
0!
0"
1:
05
14
10
0.
1-
1,
0*
0'
0&
#48385
1!
1"
b100100 6
#48390
0!
0"
1:
1$
01
15
02
1.
0,
1+
1*
1(
#48395
1!
1"
#48400
0!
0"
1:
0$
04
13
12
00
1/
0.
0-
0+
0(
1'
1&
#48405
1!
1"
#48410
0!
0"
1:
1$
11
02
10
0/
1-
1,
1(
#48415
1!
1"
b10001010 6
#48420
0!
0"
1:
0$
14
1/
1+
0*
0'
0&
1%
#48425
1!
1"
b11011001 6
#48430
0!
0"
1:
01
04
03
0/
0,
1*
#48435
1!
1"
#48440
0!
0"
1:
1$
1/
1.
0-
1,
0*
0(
1'
1&
#48445
1!
1"
#48450
0!
0"
1:
00
0/
1-
0+
0)
0'
0%
#48455
1!
1"
#48460
0!
0"
1:
0,
1+
1*
1(
1'
1%
11
#48465
1!
1"
b11101101 6
#48470
0!
0"
1:
13
1,
1)
0(
0&
0%
#48475
1!
1"
b10001010 6
#48480
0!
0"
1:
01
05
12
1/
0.
0-
0,
0+
1(
0'
1&
1%
#48485
1!
1"
#48490
0!
0"
1:
0$
11
03
10
0/
1.
1,
1+
0)
0(
0&
0%
#48495
1!
1"
b1010 6
#48500
0!
0"
1:
15
13
1/
1-
1'
#48505
1!
1"
b11000010 6
#48510
0!
0"
1:
1$
01
03
00
0.
0*
1)
1%
#48515
1!
1"
#48520
0!
0"
1:
11
05
13
02
10
0,
0)
1(
0'
1&
#48525
1!
1"
b11100 6
#48530
0!
0"
1:
01
15
14
03
12
1.
0-
0+
1*
1)
1'
0&
#48535
1!
1"
#48540
0!
0"
1:
11
05
02
00
1-
0(
1&
#48545
1!
1"
b11111100 6
#48550
0!
0"
1:
0$
15
04
13
12
10
0/
1+
0*
0&
0%
#48555
1!
1"
b101011 6
#48560
0!
0"
1:
1$
01
05
14
03
02
00
0+
1*
0)
0'
1%
#48565
1!
1"
#48570
0!
0"
1:
0$
1/
1+
0*
1(
1'
11
#48575
1!
1"
b11111100 6
#48580
0!
0"
1:
01
15
04
10
0/
0.
0-
1,
1*
1)
0(
1&
0%
#48585
1!
1"
#48590
0!
0"
1:
1$
05
12
00
1/
1.
0,
0+
0*
0)
0'
0&
#48595
1!
1"
#48600
0!
0"
1:
0$
11
15
13
02
0.
1)
1(
1'
1%
#48605
1!
1"
b10001010 6
#48610
0!
0"
1:
1$
01
05
14
03
12
1.
1-
1,
1+
1*
0'
1&
#48615
1!
1"
#48620
0!
0"
1:
15
04
13
02
10
0/
0-
0+
0*
0)
0(
1'
0&
#48625
1!
1"
#48630
0!
0"
1:
05
03
12
1/
0.
1-
0,
1+
1*
0'
1&
#48635
1!
1"
#48640
0!
0"
1:
15
13
1.
0-
0*
1)
1(
1'
0%
#48645
1!
1"
#48650
0!
0"
1:
0/
1-
0+
0(
0'
0&
1%
11
#48655
1!
1"
b11111110 6
#48660
0!
0"
1:
14
00
0-
0)
1(
#48665
1!
1"
b1101100 6
#48670
0!
0"
1:
0$
05
04
02
0.
1-
0(
1'
1&
#48675
1!
1"
b11100 6
#48680
0!
0"
1:
1$
01
15
03
0-
1,
1+
1)
1(
0'
0&
#48685
1!
1"
#48690
0!
0"
1:
14
13
12
1.
0+
1*
1'
1&
0%
#48695
1!
1"
#48700
0!
0"
1:
0$
04
02
1/
0.
1-
0,
0*
0'
1%
#48705
1!
1"
#48710
0!
0"
1:
03
12
10
0/
1*
0)
0(
0%
#48715
1!
1"
#48720
0!
0"
1:
1$
11
05
14
13
1/
1,
1+
1)
1(
1'
1%
#48725
1!
1"
b11001110 6
#48730
0!
0"
1:
01
15
02
1.
0-
0,
0(
0&
#48735
1!
1"
#48740
0!
0"
1:
04
00
0/
1-
1,
0*
0)
0'
1&
#48745
1!
1"
#48750
0!
0"
1:
05
14
12
10
1/
0,
0+
1*
1(
1'
0&
#48755
1!
1"
#48760
0!
0"
1:
0$
15
02
0/
1+
1)
#48765
1!
1"
#48770
0!
0"
1:
12
0-
1,
0*
0)
0(
0%
#48775
1!
1"
#48780
0!
0"
1:
11
05
00
1/
0.
1-
1)
0'
1%
#48785
1!
1"
#48790
0!
0"
1:
01
04
03
02
0/
1.
1*
1'
1&
0%
#48795
1!
1"
#48800
0!
0"
1:
1$
11
14
10
0.
0,
0)
1(
0'
#48805
1!
1"
b11111100 6
#48810
0!
0"
1:
01
13
12
00
1)
#48815
1!
1"
#48820
0!
0"
1:
0$
11
04
03
10
1/
1.
0+
0(
1%
#48825
1!
1"
b10001101 6
#48830
0!
0"
1:
01
14
13
02
0/
0.
0-
1,
1+
0*
0%
#48835
1!
1"
#48840
0!
0"
1:
11
04
1/
1.
1-
0,
1*
1'
#48845
1!
1"
b11100 6
#48850
0!
0"
1:
1$
01
03
12
00
0-
1,
0*
0'
1%
#48855
1!
1"
#48860
0!
0"
1:
15
13
02
0/
1-
0,
1*
1(
0%
#48865
1!
1"
#48870
0!
0"
1:
0$
05
1/
0.
1,
0+
0)
0&
#48875
1!
1"
#48880
0!
0"
1:
15
14
03
12
10
1.
0(
1'
1%
#48885
1!
1"
#48890
0!
0"
1:
1$
11
13
0.
1(
#48895
1!
1"
b11111011 6
#48900
0!
0"
1:
0$
05
00
0/
1.
0-
0,
0(
1&
0%
#48905
1!
1"
b11001110 6
#48910
0!
0"
1:
01
15
04
03
10
0.
1+
0*
0&
1%
#48915
1!
1"
#48920
0!
0"
1:
1$
11
14
02
00
1.
1-
1,
0+
1*
1)
1(
0'
0%
#48925
1!
1"
b10001010 6
#48930
0!
0"
1:
05
04
12
10
0.
0,
1+
0*
0)
1'
#48935
1!
1"
b10001101 6
#48940
0!
0"
1:
01
15
1*
1)
1&
1%
#48945
1!
1"
#48950
0!
0"
1:
0$
1,
0*
#48955
1!
1"
#48960
0!
0"
1:
1$
11
05
13
1/
0+
1*
0(
0%
#48965
1!
1"
b10110110 6
#48970
0!
0"
1:
0$
01
03
0/
1.
0-
0)
1(
#48975
1!
1"
#48980
0!
0"
1:
11
15
13
0.
0,
1)
0'
1%
#48985
1!
1"
b11111110 6
#48990
0!
0"
1:
1$
01
05
02
1,
0&
0%
#48995
1!
1"
#49000
0!
0"
1:
14
1.
1-
1+
0*
0)
1%
#49005
1!
1"
#49010
0!
0"
1:
15
04
00
0+
1*
0(
1'
1&
0%
#49015
1!
1"
#49020
0!
0"
1:
0$
11
05
10
0-
0,
0*
1(
1%
#49025
1!
1"
b11100 6
#49030
0!
0"
1:
1$
01
03
00
1-
1+
0(
#49035
1!
1"
#49040
0!
0"
1:
0$
10
1/
0+
1)
1(
0&
11
#49045
1!
1"
b110 6
#49050
0!
0"
1:
01
13
00
0/
0-
1,
0'
#49055
1!
1"
#49060
0!
0"
1:
1$
10
1/
0.
1-
1*
0(
1&
0%
#49065
1!
1"
#49070
0!
0"
1:
14
03
12
1.
0,
1+
1(
1'
#49075
1!
1"
#49080
0!
0"
1:
0$
15
04
13
0/
1,
0+
0*
0(
0&
1%
#49085
1!
1"
#49090
0!
0"
1:
11
14
02
00
1/
0.
1+
1*
0)
0'
0%
#49095
1!
1"
b11101111 6
#49100
0!
0"
1:
05
04
10
0/
0-
0,
0+
1&
1%
#49105
1!
1"
b11011011 6
#49110
0!
0"
1:
03
1-
1,
1'
#49115
1!
1"
b110 6
#49120
0!
0"
1:
1$
01
14
12
00
1.
0-
0,
1(
0'
0%
#49125
1!
1"
#49130
0!
0"
1:
04
13
1/
0.
1-
0(
1%
#49135
1!
1"
#49140
0!
0"
1:
1+
1)
1'
0%
#49145
1!
1"
#49150
0!
0"
1:
11
15
03
02
0/
1.
0-
1,
0+
1(
0'
0&
#49155
1!
1"
b11010001 6
#49160
0!
0"
1:
0$
01
05
14
13
10
0.
1+
0*
0(
1%
#49165
1!
1"
#49170
0!
0"
1:
11
15
04
03
00
1/
1.
1-
0+
0)
#49175
1!
1"
b11010100 6
#49180
0!
0"
1:
05
13
1*
1)
1&
0%
#49185
1!
1"
b11011011 6
#49190
0!
0"
1:
1$
01
15
03
12
0-
0,
0)
1(
1%
#49195
1!
1"
#49200
0!
0"
1:
05
02
10
0/
1,
1+
1)
0(
1'
0%
#49205
1!
1"
#49210
0!
0"
1:
13
12
1/
1-
1(
0&
1%
#49215
1!
1"
#49220
0!
0"
1:
11
14
03
0-
0+
0*
0(
0'
0%
#49225
1!
1"
b11100111 6
#49230
0!
0"
1:
0$
15
04
02
1-
1+
0)
1(
1'
#49235
1!
1"
b11010100 6
#49240
0!
0"
1:
1$
14
13
00
0.
0,
#49245
1!
1"
b11101111 6
#49250
0!
0"
1:
05
04
1,
0+
1*
1&
#49255
1!
1"
b11011011 6
#49260
0!
0"
1:
01
03
12
10
0/
1.
1+
1%
#49265
1!
1"
#49270
0!
0"
1:
11
15
14
13
0.
0-
0,
0+
0'
#49275
1!
1"
b1111101 6
#49280
0!
0"
1:
01
05
04
00
1/
1-
1+
0*
1)
0(
1'
#49285
1!
1"
#49290
0!
0"
1:
11
03
10
1.
0-
1,
0+
1(
0'
0&
0%
#49295
1!
1"
b10001101 6
#49300
0!
0"
1:
01
14
00
0/
1-
1+
0)
#49305
1!
1"
#49310
0!
0"
1:
0$
04
02
10
1/
1)
#49315
1!
1"
#49320
0!
0"
1:
11
15
13
12
00
0.
0,
0+
0)
#49325
1!
1"
b1000001 6
#49330
0!
0"
1:
1.
0-
1)
0(
1%
#49335
1!
1"
#49340
0!
0"
1:
1$
14
03
02
0/
0.
1-
1+
0)
0%
#49345
1!
1"
b101010 6
#49350
0!
0"
1:
0$
01
13
10
1.
1*
1'
1&
1%
#49355
1!
1"
#49360
0!
0"
1:
1$
00
0.
0%
#49365
1!
1"
#49370
0!
0"
1:
04
1/
1.
0-
0+
1(
0'
0&
1%
#49375
1!
1"
#49380
0!
0"
1:
11
12
0/
1-
1,
0(
0%
#49385
1!
1"
b1000001 6
#49390
0!
0"
1:
0-
0,
0*
1)
1(
1'
1&
1%
01
#49395
1!
1"
#49400
0!
0"
1:
0$
11
05
10
1/
0.
1,
1+
1*
0(
0'
#49405
1!
1"
b1001010 6
#49410
0!
0"
1:
15
14
03
0/
1.
0,
0+
1(
0&
0%
#49415
1!
1"
b11111111 6
#49420
0!
0"
1:
01
05
04
02
1/
0.
1+
0*
0(
#49425
1!
1"
#49430
0!
0"
1:
11
14
12
0/
0+
1%
#49435
1!
1"
b11100111 6
#49440
0!
0"
1:
01
15
13
02
1-
1+
1*
1(
1'
1&
0%
#49445
1!
1"
#49450
0!
0"
1:
1$
04
03
1/
1.
0+
0'
0&
1%
#49455
1!
1"
#49460
0!
0"
1:
14
0.
0(
#49465
1!
1"
#49470
0!
0"
1:
11
04
00
0/
1.
0-
1,
1+
0*
1(
0%
#49475
1!
1"
b111100 6
#49480
0!
0"
1:
0$
01
14
13
12
0.
0,
0)
0(
1'
1&
#49485
1!
1"
#49490
0!
0"
1:
11
05
02
1/
1.
0+
0&
1%
#49495
1!
1"
b1101000 6
#49500
0!
0"
1:
01
15
04
1*
1)
#49505
1!
1"
#49510
0!
0"
1:
11
05
14
03
0.
1-
1,
1+
#49515
1!
1"
b11111100 6
#49520
0!
0"
1:
1$
01
12
1.
0-
0,
1(
#49525
1!
1"
#49530
0!
0"
1:
13
02
0/
0.
1,
0+
0)
0(
0'
1&
#49535
1!
1"
#49540
0!
0"
1:
0$
11
15
03
12
10
1/
1-
0,
0*
1(
0&
0%
#49545
1!
1"
b11100110 6
#49550
0!
0"
1:
1$
13
1+
1)
1&
1%
#49555
1!
1"
b10000100 6
#49560
0!
0"
1:
0$
04
02
00
1.
0-
1,
1*
0&
0%
#49565
1!
1"
b1000100 6
#49570
0!
0"
1:
1$
01
14
12
0.
1-
0,
0*
0)
#49575
1!
1"
#49580
0!
0"
1:
03
10
0-
1)
1'
1%
#49585
1!
1"
#49590
0!
0"
1:
04
13
02
00
1.
1-
0+
0)
0'
0%
#49595
1!
1"
#49600
0!
0"
1:
0$
11
12
0/
0-
1,
1)
1'
1&
1%
#49605
1!
1"
b10101011 6
#49610
0!
0"
1:
14
02
1/
1-
0,
1+
1*
0)
0'
0%
#49615
1!
1"
b1011010 6
#49620
0!
0"
1:
0/
0.
0-
0+
0*
0&
1%
01
#49625
1!
1"
#49630
0!
0"
1:
05
04
12
1/
1.
1,
1+
1*
1)
1'
#49635
1!
1"
#49640
0!
0"
1:
11
15
14
03
0/
0.
1-
0*
0(
0'
1&
0%
#49645
1!
1"
b10100011 6
#49650
0!
0"
1:
1$
01
05
04
13
02
1/
0,
1*
0)
0&
1%
#49655
1!
1"
#49660
0!
0"
1:
15
03
10
0/
1.
0-
1,
0*
1)
1(
1'
0%
#49665
1!
1"
#49670
0!
0"
1:
05
13
12
0,
0+
0)
1&
#49675
1!
1"
#49680
0!
0"
1:
0$
14
02
00
1/
0.
1-
1,
1+
1*
0(
0'
0&
1%
#49685
1!
1"
#49690
0!
0"
1:
1$
11
04
0,
0*
1(
1'
#49695
1!
1"
b11011011 6
#49700
0!
0"
1:
03
12
1,
1*
1)
0(
0'
0%
#49705
1!
1"
b1101010 6
#49710
0!
0"
1:
01
02
10
0+
0*
0)
1'
1&
#49715
1!
1"
#49720
0!
0"
1:
15
0/
1.
0-
0,
1+
1*
1(
0'
1%
#49725
1!
1"
#49730
0!
0"
1:
0$
11
13
12
00
1/
0.
1,
0*
0(
1'
0%
#49735
1!
1"
b1100101 6
#49740
0!
0"
1:
14
02
1.
0+
1)
1(
0'
0&
#49745
1!
1"
b101 6
#49750
0!
0"
1:
1$
12
0/
1-
0,
1+
1*
1'
1&
1%
#49755
1!
1"
b10000100 6
#49760
0!
0"
1:
0$
01
04
03
02
10
1/
0+
#49765
1!
1"
#49770
0!
0"
1:
14
13
12
00
0.
0*
0)
0%
#49775
1!
1"
#49780
0!
0"
1:
04
03
10
0/
0-
1+
1*
#49785
1!
1"
#49790
0!
0"
1:
1/
1-
1,
0+
0'
0&
1%
#49795
1!
1"
#49800
0!
0"
1:
1$
14
13
02
00
0-
0,
0(
1'
1&
#49805
1!
1"
#49810
0!
0"
1:
03
10
1+
0&
0%
#49815
1!
1"
#49820
0!
0"
1:
11
05
13
12
00
0/
0+
0'
1%
#49825
1!
1"
b1000010 6
#49830
0!
0"
1:
0$
01
15
1.
1-
1,
1+
0*
1'
1&
0%
#49835
1!
1"
#49840
0!
0"
1:
11
05
04
1/
0.
0-
0,
0+
1(
1%
#49845
1!
1"
b1010000 6
#49850
0!
0"
1:
01
15
14
1.
1-
1*
0(
0'
0%
#49855
1!
1"
#49860
0!
0"
1:
11
02
1,
1+
1)
1(
1'
0&
1%
#49865
1!
1"
b101 6
#49870
0!
0"
1:
01
05
03
12
10
0/
0.
0,
0)
1&
0%
#49875
1!
1"
#49880
0!
0"
1:
15
04
00
1.
1,
0+
0*
1)
0(
0'
#49885
1!
1"
#49890
0!
0"
1:
1$
10
1/
0,
1*
0&
1%
#49895
1!
1"
#49900
0!
0"
1:
11
05
14
02
00
0/
1,
0*
0)
1(
1'
1&
0%
#49905
1!
1"
b1100011 6
#49910
0!
0"
1:
0$
01
15
13
10
0,
1+
1)
0(
0'
#49915
1!
1"
#49920
0!
0"
1:
1$
11
05
03
12
00
1/
0.
1,
0+
1*
0)
1(
1'
0&
#49925
1!
1"
b11100111 6
#49930
0!
0"
1:
01
13
02
1.
0,
1+
0(
1&
#49935
1!
1"
#49940
0!
0"
1:
15
03
10
0+
0*
0'
0&
1%
#49945
1!
1"
#49950
0!
0"
1:
0$
04
0.
1)
1(
#49955
1!
1"
#49960
0!
0"
1:
1$
05
14
13
00
1.
1+
1*
0(
0%
#49965
1!
1"
#49970
0!
0"
1:
0$
11
15
04
03
12
0-
1,
0+
0*
1&
#49975
1!
1"
b11001111 6
#49980
0!
0"
1:
10
0/
0.
0,
1+
1*
0)
1(
1%
#49985
1!
1"
#49990
0!
0"
1:
01
05
14
02
00
1,
0+
1)
0%
#49995
1!
1"
#50000
0!
0"
1:
1$
11
13
12
0,
0)
1'
0&
#50005
1!
1"
b1000010 6
#50010
0!
0"
1:
01
15
1/
1+
1)
0(
#50015
1!
1"
#50020
0!
0"
1:
11
03
10
1.
1-
1,
0)
1&
1%
#50025
1!
1"
b101010 6
#50030
0!
0"
1:
0$
05
13
02
0.
0+
0*
1(
0'
#50035
1!
1"
b1101110 6
#50040
0!
0"
1:
1$
01
04
12
1+
1*
1)
#50045
1!
1"
#50050
0!
0"
1:
15
00
0/
1.
0-
0+
0*
0)
0(
1'
0&
0%
#50055
1!
1"
#50060
0!
0"
1:
05
14
03
10
1/
0.
0,
1*
1)
0'
1%
#50065
1!
1"
#50070
0!
0"
1:
00
1+
0)
0%
#50075
1!
1"
#50080
0!
0"
1:
11
15
04
13
1.
1-
1,
0+
1)
1(
1%
#50085
1!
1"
b11111011 6
#50090
0!
0"
1:
05
02
10
0-
0,
1+
0*
0%
#50095
1!
1"
b11011011 6
#50100
0!
0"
1:
0$
15
14
03
00
0/
0.
1-
0+
0)
1'
1%
#50105
1!
1"
b1000000 6
#50110
0!
0"
1:
1$
01
05
04
13
12
10
1/
0-
1+
1)
1&
#50115
1!
1"
#50120
0!
0"
1:
0$
14
03
00
1-
0+
#50125
1!
1"
#50130
0!
0"
1:
1$
11
02
10
1.
0-
1,
1*
0)
0'
#50135
1!
1"
b10100 6
#50140
0!
0"
1:
0$
15
13
12
0/
0.
1+
1)
0%
#50145
1!
1"
b10100011 6
#50150
0!
0"
1:
1$
01
05
03
02
1/
1-
0+
0)
1'
1%
#50155
1!
1"
#50160
0!
0"
1:
0$
15
12
00
0/
1.
0,
1+
0*
0&
0%
#50165
1!
1"
#50170
0!
0"
1:
1$
11
05
13
1/
0-
1,
1)
0(
1&
#50175
1!
1"
b1111111 6
#50180
0!
0"
1:
03
0/
0,
#50185
1!
1"
b11100111 6
#50190
0!
0"
1:
0$
15
10
0.
1,
0+
0)
0'
#50195
1!
1"
b101010 6
#50200
0!
0"
1:
1/
0,
1+
1*
1)
1'
1%
#50205
1!
1"
#50210
0!
0"
1:
01
05
04
02
1.
0+
0)
1(
0'
0&
#50215
1!
1"
#50220
0!
0"
1:
1$
11
14
12
00
0/
0.
1,
1+
1&
0%
#50225
1!
1"
b11100111 6
#50230
0!
0"
1:
0$
15
02
1.
1)
#50235
1!
1"
b1000000 6
#50240
0!
0"
1:
1$
0.
1-
0,
0+
0)
1'
1%
#50245
1!
1"
#50250
0!
0"
1:
0$
01
05
04
0&
0%
#50255
1!
1"
#50260
0!
0"
1:
10
1/
1.
0-
1+
0*
0(
0'
1&
#50265
1!
1"
#50270
0!
0"
1:
11
13
12
0/
1-
0+
1*
0&
#50275
1!
1"
b1010000 6
#50280
0!
0"
1:
15
14
03
0-
1,
1+
1)
#50285
1!
1"
b101010 6
#50290
0!
0"
1:
04
02
00
1/
0.
0,
0+
0*
1&
1%
#50295
1!
1"
b10100111 6
#50300
0!
0"
1:
01
14
0/
1.
1-
1,
1*
0)
1'
0&
0%
#50305
1!
1"
#50310
0!
0"
1:
11
05
1/
0-
0,
1)
0'
1%
#50315
1!
1"
b10100 6
#50320
0!
0"
1:
12
10
0/
1,
1+
0*
0)
1'
0%
#50325
1!
1"
b11100111 6
#50330
0!
0"
1:
13
02
00
0.
1-
0,
1*
0'
1&
#50335
1!
1"
b10100100 6
#50340
0!
0"
1:
1$
01
15
03
10
1/
0-
1(
#50345
1!
1"
#50350
0!
0"
1:
0$
05
00
0/
1-
1)
1'
0&
1%
#50355
1!
1"
#50360
0!
0"
1:
1$
15
12
10
0*
0(
0'
1&
#50365
1!
1"
#50370
0!
0"
1:
0$
05
13
02
00
1.
1,
0+
0)
1'
0%
#50375
1!
1"
#50380
0!
0"
1:
11
15
04
10
1/
0,
1*
1(
0&
1%
#50385
1!
1"
b1100011 6
#50390
0!
0"
1:
1$
01
05
12
00
0/
0-
1+
0*
1)
1&
0%
#50395
1!
1"
#50400
0!
0"
1:
0$
11
15
10
1-
1,
0+
0(
0&
#50405
1!
1"
b1010111 6
#50410
0!
0"
1:
1$
0.
0-
1+
1*
0'
01
#50415
1!
1"
#50420
0!
0"
1:
0$
11
14
02
1/
1-
0,
0*
1(
1'
1&
#50425
1!
1"
b10100100 6
#50430
0!
0"
1:
01
04
03
00
0-
1,
0+
0&
#50435
1!
1"
#50440
0!
0"
1:
11
12
10
1-
1+
1*
0(
0'
1%
#50445
1!
1"
b11011110 6
#50450
0!
0"
1:
1$
05
14
13
02
00
1.
0*
1'
1&
#50455
1!
1"
b10100100 6
#50460
0!
0"
1:
0$
15
04
0/
0.
1*
0)
1(
0&
#50465
1!
1"
b1100011 6
#50470
0!
0"
1:
01
03
10
1.
0-
1)
0(
0%
#50475
1!
1"
#50480
0!
0"
1:
00
1/
0.
0+
0'
1%
#50485
1!
1"
#50490
0!
0"
1:
1$
14
10
0/
1.
1-
1+
1'
#50495
1!
1"
#50500
0!
0"
1:
12
0-
0+
0*
0)
0'
1&
#50505
1!
1"
#50510
0!
0"
1:
0$
11
04
13
1/
0.
1+
1*
0&
0%
#50515
1!
1"
b1010111 6
#50520
0!
0"
1:
05
14
02
0,
1)
1(
1'
1%
#50525
1!
1"
b10100100 6
#50530
0!
0"
1:
1$
03
12
1.
1,
0*
0)
0'
#50535
1!
1"
b11111101 6
#50540
0!
0"
1:
0$
0.
0+
1)
0(
1&
#50545
1!
1"
#50550
0!
0"
1:
15
04
13
00
0/
1.
1-
1*
0)
0&
#50555
1!
1"
b1010111 6
#50560
0!
0"
1:
05
03
10
0-
1(
1&
#50565
1!
1"
b11000011 6
#50570
0!
0"
1:
1/
1-
0*
1)
0&
#50575
1!
1"
#50580
0!
0"
1:
1$
15
13
0.
1*
1'
1&
0%
#50585
1!
1"
b1010111 6
#50590
0!
0"
1:
05
14
03
0/
1+
0)
0&
1%
#50595
1!
1"
b11111101 6
#50600
0!
0"
1:
01
15
04
00
0-
0,
0*
1)
0(
1&
0%
#50605
1!
1"
#50610
0!
0"
1:
0$
05
13
10
1/
1.
1-
1*
0)
0'
#50615
1!
1"
#50620
0!
0"
1:
11
14
0/
0-
1,
1)
1'
0&
#50625
1!
1"
b10111110 6
#50630
0!
0"
1:
1$
01
04
03
02
1-
0,
0)
1(
1&
#50635
1!
1"
#50640
0!
0"
1:
0$
11
13
00
0-
1,
0+
0*
0(
0'
0&
1%
#50645
1!
1"
b11011011 6
#50650
0!
0"
1:
1$
14
03
12
10
1/
0.
1+
1*
1(
0%
#50655
1!
1"
b11111101 6
#50660
0!
0"
1:
01
15
02
00
1.
0,
0+
1)
0(
#50665
1!
1"
#50670
0!
0"
1:
0$
11
05
04
13
12
10
0/
1-
1,
1+
0*
1'
1&
#50675
1!
1"
b10101 6
#50680
0!
0"
1:
1$
15
03
1/
0.
0-
1*
0'
0&
1%
#50685
1!
1"
b110111 6
#50690
0!
0"
1:
01
05
14
13
02
0/
1.
1-
0+
0*
1'
#50695
1!
1"
#50700
0!
0"
1:
11
15
12
00
0-
0,
1+
1*
1(
#50705
1!
1"
b1001000 6
#50710
0!
0"
1:
0$
05
02
0.
0+
0*
0(
0'
#50715
1!
1"
b10100000 6
#50720
0!
0"
1:
1$
03
10
1/
1-
1+
0)
1&
#50725
1!
1"
b10100 6
#50730
0!
0"
1:
0$
01
15
13
0/
0-
0+
1*
1(
0&
#50735
1!
1"
#50740
0!
0"
1:
1$
05
04
03
1.
1+
1)
0(
1'
1&
#50745
1!
1"
#50750
0!
0"
1:
0$
11
14
12
1/
0+
0*
0)
1(
0'
0&
0%
#50755
1!
1"
b10011101 6
#50760
0!
0"
1:
00
1-
1'
#50765
1!
1"
#50770
0!
0"
1:
1$
01
15
04
02
0/
0.
0-
1,
1+
1*
1)
0(
0'
#50775
1!
1"
#50780
0!
0"
1:
0$
11
05
14
12
10
1/
1-
0,
0*
1(
1'
1%
#50785
1!
1"
#50790
0!
0"
1:
1$
15
04
00
0/
0-
0+
1*
0(
0'
0%
#50795
1!
1"
b110111 6
#50800
0!
0"
1:
01
02
10
1,
0*
0)
1(
#50805
1!
1"
#50810
0!
0"
1:
11
05
14
13
00
1-
1+
1'
1%
#50815
1!
1"
b10100000 6
#50820
0!
0"
1:
0$
01
04
03
10
0,
0+
1*
1)
0(
0'
#50825
1!
1"
#50830
0!
0"
1:
1$
15
14
13
00
1,
0*
0)
1'
#50835
1!
1"
#50840
0!
0"
1:
12
10
1.
0,
1)
1(
0'
1&
0%
#50845
1!
1"
#50850
0!
0"
1:
0$
11
04
03
02
0.
1,
1*
1'
1%
#50855
1!
1"
b10001 6
#50860
0!
0"
1:
0,
0*
0)
0&
#50865
1!
1"
#50870
0!
0"
1:
01
14
00
1.
1,
1+
0'
1&
#50875
1!
1"
#50880
0!
0"
1:
04
13
12
10
1/
0-
0+
1*
1)
0(
0%
#50885
1!
1"
#50890
0!
0"
1:
14
03
02
0.
0,
1+
0*
1(
1'
#50895
1!
1"
#50900
0!
0"
1:
1$
11
13
1.
1-
0+
0'
1%
#50905
1!
1"
b1101101 6
#50910
0!
0"
1:
0$
01
05
04
03
12
00
0/
0-
1+
1*
0)
1'
#50915
1!
1"
#50920
0!
0"
1:
1$
11
15
02
1/
1-
0*
1)
0'
#50925
1!
1"
b10001 6
#50930
0!
0"
1:
14
12
10
0/
1,
0%
#50935
1!
1"
b111000 6
#50940
0!
0"
1:
01
05
02
0.
0-
0,
0+
0(
1'
0&
#50945
1!
1"
#50950
0!
0"
1:
15
1/
1-
1+
1*
0'
#50955
1!
1"
#50960
0!
0"
1:
0$
1.
0+
0)
1%
#50965
1!
1"
#50970
0!
0"
1:
11
13
12
0.
1,
1+
0*
1&
#50975
1!
1"
b1001000 6
#50980
0!
0"
1:
1$
01
04
03
0/
0,
0+
1*
1)
1(
0&
0%
#50985
1!
1"
#50990
0!
0"
1:
0$
14
13
02
0-
1,
0)
1'
1&
1%
#50995
1!
1"
#51000
0!
0"
1:
1$
11
05
04
12
00
1.
1-
1)
0(
0'
0&
0%
#51005
1!
1"
b101011 6
#51010
0!
0"
1:
0$
14
03
10
0-
0,
1&
1%
#51015
1!
1"
b11000 6
#51020
0!
0"
1:
1$
01
15
0.
0*
0)
#51025
1!
1"
#51030
0!
0"
1:
11
04
00
1/
1.
1+
1)
1(
1'
0%
#51035
1!
1"
b110111 6
#51040
0!
0"
1:
05
14
13
02
10
1,
1*
0&
#51045
1!
1"
b10100000 6
#51050
0!
0"
1:
01
04
03
12
00
0/
0.
1-
0,
0'
1&
#51055
1!
1"
#51060
0!
0"
1:
14
13
10
1/
1.
0(
0&
#51065
1!
1"
#51070
0!
0"
1:
0$
11
15
03
02
00
0/
0.
0+
#51075
1!
1"
b11110111 6
#51080
0!
0"
1:
1$
04
13
12
10
0-
1,
0*
1(
#51085
1!
1"
b10101110 6
#51090
0!
0"
1:
01
05
1/
1.
1-
0)
0(
1'
1&
#51095
1!
1"
#51100
0!
0"
1:
00
0/
0.
1*
0'
0&
11
#51105
1!
1"
b1 6
#51110
0!
0"
1:
01
14
03
02
1.
0,
1+
1)
1%
#51115
1!
1"
#51120
0!
0"
1:
11
15
12
10
0-
0+
0)
1(
1&
0%
#51125
1!
1"
b111000 6
#51130
0!
0"
1:
05
02
0.
1-
1,
1+
1)
0(
0&
#51135
1!
1"
b10000001 6
#51140
0!
0"
1:
04
13
12
0-
0*
0)
1&
1%
#51145
1!
1"
b1 6
#51150
0!
0"
1:
0$
15
14
03
00
1.
0,
1*
1)
1'
#51155
1!
1"
b111000 6
#51160
0!
0"
1:
01
02
1/
0.
1-
0+
0)
0%
#51165
1!
1"
#51170
0!
0"
1:
1$
05
04
13
10
0*
1%
#51175
1!
1"
#51180
0!
0"
1:
0$
00
1,
1+
1*
1(
0'
11
#51185
1!
1"
b11011011 6
#51190
0!
0"
1:
1$
14
10
1.
0-
0*
1)
0(
#51195
1!
1"
b11111 6
#51200
0!
0"
1:
0$
01
04
03
1*
0)
1(
0&
#51205
1!
1"
#51210
0!
0"
1:
15
14
0/
0.
1-
0,
0*
1)
1&
#51215
1!
1"
#51220
0!
0"
1:
11
12
1.
0-
0)
0(
1'
#51225
1!
1"
b111000 6
#51230
0!
0"
1:
1$
00
0+
1)
0%
#51235
1!
1"
#51240
0!
0"
1:
04
13
02
0.
1+
1(
0&
1%
#51245
1!
1"
b1000101 6
#51250
0!
0"
1:
1/
0)
0'
1&
#51255
1!
1"
#51260
0!
0"
1:
01
14
03
12
10
0/
1-
1*
0&
0%
#51265
1!
1"
#51270
0!
0"
1:
05
13
00
1/
1,
0*
1)
0(
1'
#51275
1!
1"
#51280
0!
0"
1:
11
04
03
10
1.
0+
1*
1%
#51285
1!
1"
b11101100 6
#51290
0!
0"
1:
0$
13
0/
0.
1+
0*
0)
1(
1&
#51295
1!
1"
b10110111 6
#51300
0!
0"
1:
1$
01
03
00
1/
0,
0+
1*
1)
0'
0%
#51305
1!
1"
#51310
0!
0"
1:
14
13
02
10
0/
0-
1+
0*
0(
1'
0&
#51315
1!
1"
#51320
0!
0"
1:
0$
15
04
03
12
1/
1.
0+
1(
1&
#51325
1!
1"
#51330
0!
0"
1:
1$
11
13
02
00
0.
1-
1+
0)
0(
0'
0&
#51335
1!
1"
b11001010 6
#51340
0!
0"
1:
0$
05
12
0/
1.
0-
1*
1)
1&
#51345
1!
1"
b10110111 6
#51350
0!
0"
1:
1$
01
02
1,
0*
1(
1'
#51355
1!
1"
#51360
0!
0"
1:
0$
03
12
10
0.
0,
0+
0(
#51365
1!
1"
#51370
0!
0"
1:
1$
00
1.
1,
1*
0)
1(
0'
0&
1%
11
#51375
1!
1"
b11101100 6
#51380
0!
0"
1:
0$
01
15
14
13
02
1/
0.
1-
1+
1)
0(
#51385
1!
1"
#51390
0!
0"
1:
1$
11
04
12
0/
0,
0*
0)
1&
0%
#51395
1!
1"
b100010 6
#51400
0!
0"
1:
10
1.
0-
1(
1'
0&
1%
#51405
1!
1"
#51410
0!
0"
1:
01
05
02
00
1/
1,
1*
0(
0'
#51415
1!
1"
#51420
0!
0"
1:
11
15
14
1-
0,
1&
0%
#51425
1!
1"
b10110100 6
#51430
0!
0"
1:
01
04
0/
0.
0-
0+
1'
0&
1%
#51435
1!
1"
#51440
0!
0"
1:
11
03
1-
1)
0'
#51445
1!
1"
b1101001 6
#51450
0!
0"
1:
0$
01
05
14
10
1.
1,
0*
1'
1&
#51455
1!
1"
#51460
0!
0"
1:
11
15
12
00
1/
0.
1*
0)
1(
0'
#51465
1!
1"
b100101 6
#51470
0!
0"
1:
1$
01
04
13
02
0/
1.
0(
0&
#51475
1!
1"
#51480
0!
0"
1:
05
14
03
12
10
0.
0,
0*
1)
1(
1'
1&
0%
#51485
1!
1"
#51490
0!
0"
1:
0$
11
04
1,
0)
0(
#51495
1!
1"
b1011100 6
#51500
0!
0"
1:
1$
01
15
00
1.
1)
1(
0'
1%
#51505
1!
1"
#51510
0!
0"
1:
11
05
13
10
1*
0&
#51515
1!
1"
b10110111 6
#51520
0!
0"
1:
14
00
0.
1+
0*
0(
#51525
1!
1"
b1011 6
#51530
0!
0"
1:
0$
15
02
10
1/
1.
0-
0,
1*
#51535
1!
1"
b10001001 6
#51540
0!
0"
1:
05
03
12
00
0.
1-
0)
1(
1&
0%
#51545
1!
1"
b1000000 6
#51550
0!
0"
1:
1$
15
10
0/
0-
1,
0*
1)
1'
0&
#51555
1!
1"
b100101 6
#51560
0!
0"
1:
04
00
1-
0,
0(
#51565
1!
1"
b11011101 6
#51570
0!
0"
1:
01
14
13
1/
1.
0-
1,
0+
0)
0'
#51575
1!
1"
#51580
0!
0"
1:
0$
05
02
0/
0.
1'
#51585
1!
1"
#51590
0!
0"
1:
15
03
12
10
1.
1-
0,
1*
1&
1%
#51595
1!
1"
#51600
0!
0"
1:
1$
11
05
04
02
1/
0.
0*
1)
0'
#51605
1!
1"
b10110 6
#51610
0!
0"
1:
01
15
12
00
0/
0-
1,
1*
1'
0&
0%
#51615
1!
1"
#51620
0!
0"
1:
0$
11
14
13
02
1/
1+
0)
1(
0'
1&
1%
#51625
1!
1"
b10001001 6
#51630
0!
0"
1:
1$
01
05
04
12
1-
0(
0%
#51635
1!
1"
#51640
0!
0"
1:
0$
03
02
10
0/
1.
0-
1)
1(
1'
0&
1%
#51645
1!
1"
#51650
0!
0"
1:
1$
11
15
1/
0.
0*
0'
#51655
1!
1"
b1101001 6
#51660
0!
0"
1:
0$
01
05
13
12
00
0,
1*
0(
1'
0%
#51665
1!
1"
#51670
0!
0"
1:
1$
0/
1.
1-
1,
0+
0*
1(
1&
1%
#51675
1!
1"
#51680
0!
0"
1:
0$
15
14
10
1/
0,
1+
0'
#51685
1!
1"
#51690
0!
0"
1:
1$
04
02
00
0/
0.
0-
1,
1*
0)
1'
#51695
1!
1"
#51700
0!
0"
1:
0$
11
03
10
1/
1.
1-
0*
1)
0(
0'
0&
0%
#51705
1!
1"
#51710
0!
0"
1:
1$
00
0/
0,
0+
0)
1%
#51715
1!
1"
#51720
0!
0"
1:
0$
05
10
0.
0-
1,
1*
1)
1(
1'
1&
0%
#51725
1!
1"
b10110 6
#51730
0!
0"
1:
15
14
13
00
1/
1-
0,
0(
0&
1%
#51735
1!
1"
b10001001 6
#51740
0!
0"
1:
12
0/
1.
0-
1,
1+
0*
0)
1(
0%
#51745
1!
1"
b1110000 6
#51750
0!
0"
1:
01
03
10
1/
0.
1&
#51755
1!
1"
#51760
0!
0"
1:
04
13
02
0,
0+
0&
#51765
1!
1"
#51770
0!
0"
1:
11
14
0/
1)
0'
1&
#51775
1!
1"
b10001001 6
#51780
0!
0"
1:
1$
01
05
04
1/
1.
1-
1,
1+
1*
0)
0(
1'
0&
1%
#51785
1!
1"
#51790
0!
0"
1:
0$
15
03
12
00
0/
0.
0,
0+
0*
1(
0'
#51795
1!
1"
#51800
0!
0"
1:
1$
05
13
02
1/
1.
0-
1,
#51805
1!
1"
#51810
0!
0"
1:
0$
11
15
14
12
10
1-
0,
1)
1&
0%
#51815
1!
1"
b1110000 6
#51820
0!
0"
1:
03
0/
0.
1%
#51825
1!
1"
b100101 6
#51830
0!
0"
1:
01
05
04
13
1,
1+
0)
0(
1'
#51835
1!
1"
#51840
0!
0"
1:
1$
15
03
00
1.
0,
1)
1(
0'
#51845
1!
1"
#51850
0!
0"
1:
0$
0.
1*
1'
0%
#51855
1!
1"
#51860
0!
0"
1:
13
10
0+
0*
1%
#51865
1!
1"
#51870
0!
0"
1:
11
05
14
03
1/
1.
0-
1,
1*
0'
#51875
1!
1"
b1111111 6
#51880
0!
0"
1:
1$
01
15
0/
0.
1-
0,
1+
0(
0&
#51885
1!
1"
#51890
0!
0"
1:
0$
05
02
1/
1.
0+
0)
1'
1&
0%
#51895
1!
1"
#51900
0!
0"
1:
1$
15
12
00
0.
0-
1,
1+
0*
0'
1%
#51905
1!
1"
#51910
0!
0"
1:
0$
11
04
02
0/
1.
1*
1)
1(
0&
#51915
1!
1"
b1101001 6
#51920
0!
0"
1:
1$
05
14
13
12
1/
0,
0+
0*
0)
0(
#51925
1!
1"
b1011 6
#51930
0!
0"
1:
0$
01
04
10
0.
1*
1(
0%
#51935
1!
1"
#51940
0!
0"
1:
02
00
1.
1-
1,
1+
1)
1'
1&
1%
#51945
1!
1"
#51950
0!
0"
1:
11
14
03
12
0/
0-
0,
0*
0)
0(
#51955
1!
1"
b1111111 6
#51960
0!
0"
1:
01
13
02
10
1-
1,
0+
0'
0%
#51965
1!
1"
#51970
0!
0"
1:
00
1/
1*
1)
0&
#51975
1!
1"
#51980
0!
0"
1:
1$
15
04
12
0/
1(
1'
1&
1%
#51985
1!
1"
#51990
0!
0"
1:
14
02
10
1/
0.
0-
1+
0)
0&
#51995
1!
1"
#52000
0!
0"
1:
05
12
00
0/
#52005
1!
1"
#52010
0!
0"
1:
0$
15
04
03
02
10
1-
0,
0+
0(
0%
#52015
1!
1"
#52020
0!
0"
1:
1/
1.
1,
1)
1(
0'
1&
11
#52025
1!
1"
b1101001 6
#52030
0!
0"
1:
1$
01
14
00
0/
0.
0-
0*
0)
1%
#52035
1!
1"
#52040
0!
0"
1:
0$
11
05
04
13
10
1/
1-
1+
1*
1'
#52045
1!
1"
b1111010 6
#52050
0!
0"
1:
01
14
03
12
0/
1.
0,
0+
0*
0(
0&
#52055
1!
1"
#52060
0!
0"
1:
11
15
04
0.
0-
1)
0'
1&
0%
#52065
1!
1"
b10110 6
#52070
0!
0"
1:
05
00
1/
1-
1*
#52075
1!
1"
b110 6
#52080
0!
0"
1:
1$
14
1,
1+
0)
0&
1%
#52085
1!
1"
b1111111 6
#52090
0!
0"
1:
01
15
04
10
0/
1.
0-
0*
1)
1(
1'
1&
#52095
1!
1"
#52100
0!
0"
1:
0$
0.
0+
0(
0%
#52105
1!
1"
#52110
0!
0"
1:
1$
13
02
00
1/
1%
#52115
1!
1"
#52120
0!
0"
1:
0$
11
05
14
03
0/
1-
0,
0)
1(
#52125
1!
1"
b11010000 6
#52130
0!
0"
1:
01
15
04
13
0-
1+
1*
1)
0(
#52135
1!
1"
#52140
0!
0"
1:
1$
05
03
12
10
1.
0+
0*
0)
0'
0%
#52145
1!
1"
#52150
0!
0"
1:
11
15
02
00
1/
1+
1*
1(
1'
#52155
1!
1"
b1101001 6
#52160
0!
0"
1:
01
05
13
10
0/
0.
0*
0&
#52165
1!
1"
#52170
0!
0"
1:
14
12
00
1-
1,
1*
1)
0(
1%
#52175
1!
1"
#52180
0!
0"
1:
10
0-
0*
0)
0'
11
#52185
1!
1"
b10010010 6
#52190
0!
0"
1:
15
1.
0,
1(
#52195
1!
1"
b10110101 6
#52200
0!
0"
1:
01
05
03
02
1-
1,
0(
1&
0%
#52205
1!
1"
#52210
0!
0"
1:
0$
15
12
00
1/
0.
0,
1*
1)
1'
1%
#52215
1!
1"
#52220
0!
0"
1:
1$
05
0-
1(
0'
0&
0%
#52225
1!
1"
#52230
0!
0"
1:
11
04
13
02
0+
#52235
1!
1"
b111101 6
#52240
0!
0"
1:
15
14
03
12
10
0/
1.
#52245
1!
1"
b1110000 6
#52250
0!
0"
1:
01
05
13
02
00
1/
0.
1-
0*
0)
1&
#52255
1!
1"
#52260
0!
0"
1:
15
03
10
1.
1,
1)
0(
#52265
1!
1"
#52270
0!
0"
1:
0$
11
13
00
0-
1+
1*
0)
1(
1'
0&
#52275
1!
1"
b1100110 6
#52280
0!
0"
1:
1$
05
04
10
0/
0.
1-
0,
0+
0*
1)
0(
1%
#52285
1!
1"
b10011111 6
#52290
0!
0"
1:
15
12
0-
1+
#52295
1!
1"
b10000 6
#52300
0!
0"
1:
01
02
00
1/
1.
1,
0)
1(
0'
1&
0%
#52305
1!
1"
#52310
0!
0"
1:
05
14
03
12
0/
0+
1*
1)
1%
#52315
1!
1"
#52320
0!
0"
1:
11
15
13
10
0.
1-
0,
1+
0(
0&
#52325
1!
1"
b10110101 6
#52330
0!
0"
1:
0$
04
03
02
1/
0+
0*
1(
1'
#52335
1!
1"
b11000101 6
#52340
0!
0"
1:
1$
01
13
12
00
0/
1,
1+
1*
0)
1&
#52345
1!
1"
#52350
0!
0"
1:
0$
11
05
14
03
02
10
1/
1.
0,
0+
0*
0'
#52355
1!
1"
b11010000 6
#52360
0!
0"
1:
01
15
04
13
12
1*
1)
0(
0&
0%
#52365
1!
1"
#52370
0!
0"
1:
11
03
0.
0-
1+
0)
1&
1%
#52375
1!
1"
b100101 6
#52380
0!
0"
1:
1$
0/
1.
1-
1)
1(
1'
0&
01
#52385
1!
1"
#52390
0!
0"
1:
14
02
00
1/
0(
#52395
1!
1"
#52400
0!
0"
1:
0$
11
13
0/
0.
0-
0+
0)
1&
#52405
1!
1"
b1100110 6
#52410
0!
0"
1:
01
03
12
10
1/
1.
1-
0%
#52415
1!
1"
#52420
0!
0"
1:
11
13
00
1,
1+
0*
1)
1(
0&
1%
#52425
1!
1"
b1111000 6
#52430
0!
0"
1:
1$
01
05
04
03
02
10
0.
0-
0,
0+
0(
0'
1&
#52435
1!
1"
#52440
0!
0"
1:
15
12
00
1,
1*
0)
1(
1'
0%
#52445
1!
1"
#52450
0!
0"
1:
05
14
02
10
1+
0*
0(
0'
#52455
1!
1"
#52460
0!
0"
1:
0$
11
13
0/
0+
1(
0&
#52465
1!
1"
b10000100 6
#52470
0!
0"
1:
01
04
03
1/
0,
1*
1'
1&
#52475
1!
1"
#52480
0!
0"
1:
11
15
00
1.
1+
1)
0(
1%
#52485
1!
1"
b11000101 6
#52490
0!
0"
1:
14
12
10
0*
0%
#52495
1!
1"
b11101101 6
#52500
0!
0"
1:
1$
01
05
04
13
02
0.
1,
1(
0'
0&
1%
#52505
1!
1"
#52510
0!
0"
1:
11
14
03
12
0/
1.
1-
0,
0+
0)
0(
1&
#52515
1!
1"
b11101110 6
#52520
0!
0"
1:
0$
04
13
02
1/
0.
0-
1+
1)
0&
#52525
1!
1"
b110011 6
#52530
0!
0"
1:
03
0/
1.
1-
1,
1'
0%
#52535
1!
1"
b10110 6
#52540
0!
0"
1:
15
13
1/
0.
0,
1*
1(
0'
#52545
1!
1"
b110110 6
#52550
0!
0"
1:
05
12
1,
0)
0(
#52555
1!
1"
b1101 6
#52560
0!
0"
1:
01
15
02
1.
0-
0+
1)
#52565
1!
1"
#52570
0!
0"
1:
1$
0,
0*
0)
1(
1'
1&
#52575
1!
1"
#52580
0!
0"
1:
0$
11
05
03
12
00
0.
1,
0'
0&
#52585
1!
1"
b11101001 6
#52590
0!
0"
1:
1$
01
15
02
10
0/
1-
1)
0(
1'
1%
#52595
1!
1"
#52600
0!
0"
1:
11
14
12
1/
1.
0-
0,
0'
1&
0%
#52605
1!
1"
b11101101 6
#52610
0!
0"
1:
0$
05
13
02
1-
1*
0)
1%
#52615
1!
1"
b10000100 6
#52620
0!
0"
1:
1$
01
15
03
12
00
0/
0.
0-
1+
0&
0%
#52625
1!
1"
#52630
0!
0"
1:
11
02
10
1-
1,
0*
1)
1'
#52635
1!
1"
b100001 6
#52640
0!
0"
1:
0$
05
04
13
12
00
1/
0,
1*
1(
0'
1%
#52645
1!
1"
b1101 6
#52650
0!
0"
1:
1$
01
15
10
1,
0)
1'
0%
#52655
1!
1"
#52660
0!
0"
1:
0$
03
00
1.
0-
0,
0+
0*
1)
0'
1&
#52665
1!
1"
#52670
0!
0"
1:
1$
05
14
13
02
0/
0.
1-
1+
0)
1'
0&
#52675
1!
1"
#52680
0!
0"
1:
04
12
1/
1,
0+
1*
0(
1%
#52685
1!
1"
#52690
0!
0"
1:
0$
03
02
10
0-
0,
1+
0*
1&
0%
#52695
1!
1"
#52700
0!
0"
1:
15
13
00
0+
1*
1(
0'
1%
#52705
1!
1"
#52710
0!
0"
1:
1$
05
14
03
12
10
0/
1-
0*
1)
1'
#52715
1!
1"
#52720
0!
0"
1:
15
04
02
1/
0-
1+
1*
0&
0%
#52725
1!
1"
#52730
0!
0"
1:
05
13
00
0/
1.
1-
1,
#52735
1!
1"
#52740
0!
0"
1:
11
15
14
03
12
1/
0.
0-
0+
0(
0'
1&
1%
#52745
1!
1"
b11101101 6
#52750
0!
0"
1:
0$
05
13
0/
1.
0,
1+
#52755
1!
1"
b10010010 6
#52760
0!
0"
1:
1$
01
15
04
03
1,
0)
1(
#52765
1!
1"
#52770
0!
0"
1:
14
02
10
1/
0.
1-
0*
0(
1'
0&
#52775
1!
1"
#52780
0!
0"
1:
0$
11
05
04
13
00
1.
1*
1(
0'
#52785
1!
1"
b10000111 6
#52790
0!
0"
1:
1$
01
14
03
12
0/
0.
0-
0,
0+
1&
0%
#52795
1!
1"
#52800
0!
0"
1:
0$
11
13
02
10
1.
1-
1,
0*
1)
0&
#52805
1!
1"
b10000100 6
#52810
0!
0"
1:
01
04
03
12
00
0.
0)
0(
1'
1&
#52815
1!
1"
#52820
0!
0"
1:
1$
15
14
13
1/
0,
1*
1(
1%
#52825
1!
1"
#52830
0!
0"
1:
0$
11
05
04
10
0/
0-
1,
0*
1)
0'
0%
#52835
1!
1"
b11010010 6
#52840
0!
0"
1:
01
15
14
03
02
1/
1.
1*
1'
0&
#52845
1!
1"
#52850
0!
0"
1:
04
13
12
00
1+
0*
0)
0(
0'
1%
#52855
1!
1"
#52860
0!
0"
1:
11
14
03
02
0.
1-
0,
1)
1(
#52865
1!
1"
b11111100 6
#52870
0!
0"
1:
1$
01
04
13
12
10
1,
1*
0(
1'
1&
0%
#52875
1!
1"
#52880
0!
0"
1:
0$
11
02
00
0+
0*
0&
#52885
1!
1"
b1000000 6
#52890
0!
0"
1:
01
05
03
10
0/
1.
0,
0'
#52895
1!
1"
#52900
0!
0"
1:
11
15
00
1,
1+
1*
1'
#52905
1!
1"
b11000101 6
#52910
0!
0"
1:
05
10
1/
0.
0+
0*
1(
1&
1%
#52915
1!
1"
b1100000 6
#52920
0!
0"
1:
14
13
00
0,
1+
0(
0'
0&
#52925
1!
1"
b11111011 6
#52930
0!
0"
1:
1$
01
04
10
0/
1.
0-
1,
1'
0%
#52935
1!
1"
#52940
0!
0"
1:
15
14
00
0.
0,
0+
0)
0'
1&
#52945
1!
1"
#52950
0!
0"
1:
11
05
10
1.
1-
1,
1*
1)
#52955
1!
1"
#52960
0!
0"
1:
0$
00
1/
0*
1'
1%
01
#52965
1!
1"
#52970
0!
0"
1:
1$
15
04
12
10
0/
0.
0-
1+
1*
0&
0%
#52975
1!
1"
#52980
0!
0"
1:
0$
1/
1.
1-
0,
0+
0)
1(
0'
1&
11
#52985
1!
1"
b1110100 6
#52990
0!
0"
1:
1$
01
05
14
03
02
0.
0-
1+
0*
1'
0&
#52995
1!
1"
#53000
0!
0"
1:
0$
15
13
12
00
0/
1.
1,
1*
0(
0'
#53005
1!
1"
#53010
0!
0"
1:
04
10
1/
0+
0*
1'
1%
#53015
1!
1"
#53020
0!
0"
1:
1$
05
14
00
0/
1-
0,
1+
1)
1(
0%
#53025
1!
1"
#53030
0!
0"
1:
11
15
03
1/
0.
0-
0(
0'
#53035
1!
1"
b11101101 6
#53040
0!
0"
1:
01
05
04
02
0/
1.
1-
1,
1'
#53045
1!
1"
#53050
0!
0"
1:
15
14
13
10
0+
1*
1(
1&
1%
#53055
1!
1"
#53060
0!
0"
1:
03
0.
1+
0*
0'
0&
#53065
1!
1"
#53070
0!
0"
1:
0$
11
05
00
1/
0-
0,
0+
1*
1&
0%
#53075
1!
1"
b10111100 6
#53080
0!
0"
1:
15
04
13
12
0/
1-
1,
0)
0(
1'
1%
#53085
1!
1"
b1110100 6
#53090
0!
0"
1:
14
10
0-
0,
0*
1(
0'
0&
0%
#53095
1!
1"
b11011101 6
#53100
0!
0"
1:
1$
01
05
03
02
1.
1+
0(
1&
1%
#53105
1!
1"
#53110
0!
0"
1:
0$
11
13
12
1/
0.
1-
1,
0+
1*
#53115
1!
1"
b10010010 6
#53120
0!
0"
1:
1$
01
15
00
0/
1.
0,
0*
1)
1(
#53125
1!
1"
#53130
0!
0"
1:
11
02
10
1/
0-
0)
0(
1'
#53135
1!
1"
b111 6
#53140
0!
0"
1:
0$
01
03
00
0/
0.
1+
1*
1)
1(
0'
#53145
1!
1"
#53150
0!
0"
1:
1$
1/
1-
1,
0)
0(
1'
0&
0%
#53155
1!
1"
#53160
0!
0"
1:
04
13
1.
1(
0'
1%
#53165
1!
1"
#53170
0!
0"
1:
0$
11
12
10
0+
1)
1&
0%
#53175
1!
1"
b10001100 6
#53180
0!
0"
1:
05
14
0-
0,
0*
0)
0(
0&
#53185
1!
1"
b111 6
#53190
0!
0"
1:
04
03
02
1+
1)
1(
#53195
1!
1"
b10100010 6
#53200
0!
0"
1:
1$
15
00
0.
1-
0+
1*
1'
1&
#53205
1!
1"
b11000101 6
#53210
0!
0"
1:
01
05
0/
0-
1+
0)
0'
0&
1%
#53215
1!
1"
#53220
0!
0"
1:
0$
11
14
10
1.
1,
0+
0*
1)
0(
1'
1&
#53225
1!
1"
b1111010 6
#53230
0!
0"
1:
1$
15
04
1/
0.
1-
0,
1(
0'
#53235
1!
1"
b11000101 6
#53240
0!
0"
1:
01
14
12
1,
1+
1*
0)
#53245
1!
1"
#53250
0!
0"
1:
11
04
13
02
00
0/
1)
0&
#53255
1!
1"
b1000000 6
#53260
0!
0"
1:
05
12
10
0-
0,
0+
0*
0)
0(
1&
#53265
1!
1"
b100101 6
#53270
0!
0"
1:
14
00
1-
1+
1*
1'
0%
#53275
1!
1"
b111 6
#53280
0!
0"
1:
0$
03
02
1.
0+
1(
0&
1%
#53285
1!
1"
b1111010 6
#53290
0!
0"
1:
12
0.
0-
1,
0*
1)
0(
#53295
1!
1"
b111011 6
#53300
0!
0"
1:
1$
01
15
04
13
10
1/
1.
0,
1+
1(
0'
1&
#53305
1!
1"
#53310
0!
0"
1:
0$
11
05
14
03
00
0/
0.
1*
0)
0(
0%
#53315
1!
1"
#53320
0!
0"
1:
1$
01
15
04
13
1.
1-
1,
0*
1)
0&
1%
#53325
1!
1"
#53330
0!
0"
1:
0$
11
05
03
02
0.
0-
0+
1*
0)
1'
#53335
1!
1"
b10100010 6
#53340
0!
0"
1:
01
13
12
1.
1-
0,
1+
1(
0%
#53345
1!
1"
#53350
0!
0"
1:
15
14
03
02
10
0.
1,
0'
1%
#53355
1!
1"
#53360
0!
0"
1:
12
00
0-
0,
0+
1)
0(
0%
#53365
1!
1"
#53370
0!
0"
1:
1/
1'
11
#53375
1!
1"
b11101101 6
#53380
0!
0"
1:
1$
05
1.
1-
0*
0)
1&
1%
#53385
1!
1"
b111011 6
#53390
0!
0"
1:
15
04
13
02
0.
1*
1)
0'
0&
0%
#53395
1!
1"
b1000000 6
#53400
0!
0"
1:
01
14
12
0/
1+
0*
0)
1%
#53405
1!
1"
#53410
0!
0"
1:
0$
11
04
10
1/
0+
1*
1)
1(
1'
1&
0%
#53415
1!
1"
b10100111 6
#53420
0!
0"
1:
05
0/
1.
1,
0*
0)
0(
0'
#53425
1!
1"
b1 6
#53430
0!
0"
1:
1$
01
15
03
0.
0-
1)
0&
#53435
1!
1"
#53440
0!
0"
1:
02
00
1.
1+
1(
1'
1%
#53445
1!
1"
#53450
0!
0"
1:
0$
14
12
1/
0.
1-
0+
1*
1&
0%
#53455
1!
1"
#53460
0!
0"
1:
1$
11
13
02
0,
1+
0&
1%
#53465
1!
1"
b11001010 6
#53470
0!
0"
1:
0$
05
0/
0-
0+
0'
0%
#53475
1!
1"
b1101000 6
#53480
0!
0"
1:
1$
15
04
03
12
10
1/
1,
1+
0)
1'
1&
1%
#53485
1!
1"
b11111000 6
#53490
0!
0"
1:
0$
05
13
02
00
1.
0,
0+
0*
#53495
1!
1"
b11011101 6
#53500
0!
0"
1:
1$
01
15
14
10
0/
0.
1+
0'
0%
#53505
1!
1"
#53510
0!
0"
1:
11
04
12
00
1-
1,
0+
1*
0(
1'
#53515
1!
1"
b10100111 6
#53520
0!
0"
1:
0$
1/
1.
0-
0,
0*
1)
0'
1%
#53525
1!
1"
#53530
0!
0"
1:
1$
02
10
0.
1-
1,
1+
1(
1'
0%
#53535
1!
1"
b100001 6
#53540
0!
0"
1:
0$
14
12
00
0/
1.
0+
1*
0'
0&
1%
#53545
1!
1"
b1110011 6
#53550
0!
0"
1:
01
03
1/
0.
0*
0)
1'
0%
#53555
1!
1"
#53560
0!
0"
1:
1$
02
0/
0-
0,
1+
1&
1%
#53565
1!
1"
#53570
0!
0"
1:
0$
11
04
13
1.
1-
1*
1)
0(
0'
0&
#53575
1!
1"
b100001 6
#53580
0!
0"
1:
12
10
1'
0%
#53585
1!
1"
b10100111 6
#53590
0!
0"
1:
01
05
14
03
0+
0*
1(
0'
1%
#53595
1!
1"
#53600
0!
0"
1:
15
04
13
00
1/
0-
1,
0(
#53605
1!
1"
#53610
0!
0"
1:
11
05
10
0/
0.
0,
1+
0)
0%
#53615
1!
1"
b1 6
#53620
0!
0"
1:
02
1,
0+
1*
1)
1'
1%
#53625
1!
1"
b11011101 6
#53630
0!
0"
1:
14
12
1/
1.
1-
1+
0)
0'
0%
#53635
1!
1"
b1110 6
#53640
0!
0"
1:
01
15
0/
0.
0-
0+
1%
#53645
1!
1"
#53650
0!
0"
1:
05
04
02
00
1/
1-
0,
1+
0*
1)
1'
0%
#53655
1!
1"
#53660
0!
0"
1:
11
15
14
12
0-
0+
1*
1(
1%
#53665
1!
1"
b100000 6
#53670
0!
0"
1:
01
05
03
0/
1.
1+
0*
1&
0%
#53675
1!
1"
#53680
0!
0"
1:
11
15
13
02
10
1,
0+
0)
0(
0&
#53685
1!
1"
b10111011 6
#53690
0!
0"
1:
1$
01
03
12
0.
0'
#53695
1!
1"
#53700
0!
0"
1:
0$
04
02
1-
0,
1'
1%
#53705
1!
1"
#53710
0!
0"
1:
11
14
12
00
1.
1,
1+
1(
0'
1&
#53715
1!
1"
b11101010 6
#53720
0!
0"
1:
1$
01
04
13
02
1/
0.
0-
0,
0+
1*
1)
0(
0&
0%
#53725
1!
1"
#53730
0!
0"
1:
05
03
12
1.
1-
1,
1(
1&
1%
#53735
1!
1"
#53740
0!
0"
1:
02
10
0/
0,
0*
0(
0&
#53745
1!
1"
#53750
0!
0"
1:
11
15
14
12
1/
0.
1'
1&
#53755
1!
1"
#53760
0!
0"
1:
0$
05
13
02
1.
0&
#53765
1!
1"
b1011000 6
#53770
0!
0"
1:
04
03
00
0/
0.
1,
1+
1*
0)
0'
1&
#53775
1!
1"
b11000010 6
#53780
0!
0"
1:
13
12
10
1/
0-
0,
1'
0%
#53785
1!
1"
b1 6
#53790
0!
0"
1:
01
15
14
03
02
1,
0*
1)
1(
#53795
1!
1"
#53800
0!
0"
1:
0/
1*
0)
0(
0'
#53805
1!
1"
#53810
0!
0"
1:
1$
13
00
1/
1-
0+
0*
1%
#53815
1!
1"
#53820
0!
0"
1:
04
12
10
0/
1.
1+
1(
#53825
1!
1"
#53830
0!
0"
1:
0$
05
14
1/
0-
0,
0+
1*
#53835
1!
1"
#53840
0!
0"
1:
11
15
04
03
02
0.
0*
1)
0&
#53845
1!
1"
b11000101 6
#53850
0!
0"
1:
1$
01
05
14
12
1.
1+
0(
1'
1&
#53855
1!
1"
#53860
0!
0"
1:
11
15
04
02
0/
1(
0&
#53865
1!
1"
#53870
0!
0"
1:
0$
01
14
12
00
1/
0.
1,
0+
1*
0)
#53875
1!
1"
#53880
0!
0"
1:
1$
0/
1-
1+
0*
1)
0(
#53885
1!
1"
#53890
0!
0"
1:
0$
04
02
0-
0,
0+
0%
#53895
1!
1"
#53900
0!
0"
1:
1$
05
12
1*
1(
0'
1&
1%
#53905
1!
1"
#53910
0!
0"
1:
0$
11
14
02
10
1/
1,
1+
0*
0(
#53915
1!
1"
b1111010 6
#53920
0!
0"
1:
1$
01
13
00
1-
0,
0+
1*
0)
1'
0&
#53925
1!
1"
#53930
0!
0"
1:
11
12
10
1,
1+
1(
0'
1&
#53935
1!
1"
b10100111 6
#53940
0!
0"
1:
15
04
00
0/
1.
0,
0*
1)
0(
#53945
1!
1"
b1111011 6
#53950
0!
0"
1:
0$
01
05
14
03
10
0.
0+
0%
#53955
1!
1"
#53960
0!
0"
1:
11
15
1.
1,
1+
1*
1(
1'
0&
1%
#53965
1!
1"
b10100101 6
#53970
0!
0"
1:
1$
02
1/
0-
0+
0*
#53975
1!
1"
b10101100 6
#53980
0!
0"
1:
0$
12
00
0/
0.
1-
0,
1*
0)
#53985
1!
1"
b10010111 6
#53990
0!
0"
1:
1$
04
02
1/
1,
1)
0'
1&
0%
#53995
1!
1"
b11000101 6
#54000
0!
0"
1:
0$
14
0/
0,
1+
0)
1%
#54005
1!
1"
b10101100 6
#54010
0!
0"
1:
1$
05
1.
0-
1,
0+
1'
0&
0%
#54015
1!
1"
b1111010 6
#54020
0!
0"
1:
0$
15
12
1/
0(
0'
1%
#54025
1!
1"
b10010111 6
#54030
0!
0"
1:
01
05
13
0/
0.
1+
1)
0%
#54035
1!
1"
#54040
0!
0"
1:
1$
11
04
02
1/
0+
0*
1(
1&
#54045
1!
1"
b11011101 6
#54050
0!
0"
1:
0$
14
12
0/
1.
1-
0,
1+
1*
1'
1%
#54055
1!
1"
b10100111 6
#54060
0!
0"
1:
04
03
10
1,
0*
0)
0(
0%
#54065
1!
1"
b10001101 6
#54070
0!
0"
1:
13
00
0.
0-
0,
0+
1)
1(
0&
#54075
1!
1"
b10101100 6
#54080
0!
0"
1:
01
02
1/
1-
1+
0(
0'
#54085
1!
1"
#54090
0!
0"
1:
14
12
0-
1*
1(
1'
1%
#54095
1!
1"
#54100
0!
0"
1:
1$
15
03
10
0/
1-
1,
0*
0)
0(
0'
0%
#54105
1!
1"
#54110
0!
0"
1:
05
04
13
02
1.
0+
1*
1(
1'
1%
#54115
1!
1"
#54120
0!
0"
1:
11
15
14
03
1/
0*
1)
0(
0'
#54125
1!
1"
b1010100 6
#54130
0!
0"
1:
13
00
0.
0-
0,
0%
#54135
1!
1"
b10111011 6
#54140
0!
0"
1:
01
05
04
12
0/
1.
1,
1+
1(
1'
1&
1%
#54145
1!
1"
#54150
0!
0"
1:
0$
03
10
1/
0,
0+
1*
0)
0(
0'
#54155
1!
1"
#54160
0!
0"
1:
1$
15
13
02
00
0*
1(
1'
0&
0%
#54165
1!
1"
#54170
0!
0"
1:
11
14
03
10
0.
1-
1,
1+
1*
1)
0(
1&
#54175
1!
1"
b110 6
#54180
0!
0"
1:
0$
01
04
13
0)
0'
#54185
1!
1"
#54190
0!
0"
1:
1$
11
05
14
0,
0+
1'
1%
#54195
1!
1"
b11111011 6
#54200
0!
0"
1:
0$
15
00
0/
0-
0*
0'
0%
#54205
1!
1"
b10111011 6
#54210
0!
0"
1:
05
04
1/
1-
1)
1'
0&
1%
#54215
1!
1"
b11011101 6
#54220
0!
0"
1:
1$
01
14
03
12
0/
1+
1&
#54225
1!
1"
#54230
0!
0"
1:
15
04
13
02
1.
0-
0+
1*
0%
#54235
1!
1"
#54240
0!
0"
1:
12
1/
0.
0*
0)
1%
#54245
1!
1"
#54250
0!
0"
1:
0$
14
03
02
10
0/
1.
1(
0'
#54255
1!
1"
#54260
0!
0"
1:
1$
04
1/
0.
1-
1*
0(
1'
0&
#54265
1!
1"
#54270
0!
0"
1:
05
13
12
1,
1+
0*
1)
#54275
1!
1"
#54280
0!
0"
1:
11
03
00
0/
1.
0+
1*
0%
#54285
1!
1"
b10011111 6
#54290
0!
0"
1:
15
0)
1(
0'
#54295
1!
1"
b11111000 6
#54300
0!
0"
1:
0$
14
13
02
0,
1+
0*
0(
1'
1%
#54305
1!
1"
b10111011 6
#54310
0!
0"
1:
1$
01
04
1,
0+
1)
0'
#54315
1!
1"
#54320
0!
0"
1:
0$
11
05
0.
0-
1(
1'
0%
#54325
1!
1"
b11011101 6
#54330
0!
0"
1:
1$
01
03
10
1-
1*
0(
#54335
1!
1"
#54340
0!
0"
1:
0$
11
13
00
1/
0-
0,
0*
0)
0'
#54345
1!
1"
#54350
0!
0"
1:
1$
15
14
03
0/
1.
1-
1,
1+
1'
#54355
1!
1"
b110 6
#54360
0!
0"
1:
01
05
04
12
1/
0-
1*
0'
1%
#54365
1!
1"
#54370
0!
0"
1:
15
14
13
10
0.
0+
1(
1'
1&
#54375
1!
1"
#54380
0!
0"
1:
0$
05
03
02
0/
0&
0%
#54385
1!
1"
#54390
0!
0"
1:
1$
11
12
0,
1+
0*
0(
#54395
1!
1"
b10111011 6
#54400
0!
0"
1:
01
15
04
13
1/
1.
1-
1)
#54405
1!
1"
#54410
0!
0"
1:
03
00
0/
0-
1,
1*
1(
0'
1%
#54415
1!
1"
#54420
0!
0"
1:
0$
14
02
1/
0+
0*
0)
0(
1'
1&
#54425
1!
1"
#54430
0!
0"
1:
11
13
0,
1(
0'
0&
#54435
1!
1"
#54440
0!
0"
1:
1$
01
04
0/
0.
1,
1+
1*
1)
0(
#54445
1!
1"
#54450
0!
0"
1:
0$
11
12
1/
1-
0+
1(
1&
#54455
1!
1"
b1111011 6
#54460
0!
0"
1:
10
0/
1.
0-
0,
1+
0*
01
#54465
1!
1"
#54470
0!
0"
1:
1$
05
14
02
0.
1,
0+
0)
0(
1'
0&
0%
#54475
1!
1"
#54480
0!
0"
1:
0$
11
15
04
12
1.
0,
1+
1*
1)
0'
#54485
1!
1"
#54490
0!
0"
1:
1$
05
02
0.
1-
1,
0+
0*
0)
1(
1'
1&
#54495
1!
1"
b11011101 6
#54500
0!
0"
1:
0$
01
14
03
12
00
1.
0,
1+
1*
0(
0'
0&
#54505
1!
1"
#54510
0!
0"
1:
1$
15
04
13
1/
0.
1,
0+
0*
1&
#54515
1!
1"
#54520
0!
0"
1:
05
14
03
02
0-
1+
1(
1'
0&
#54525
1!
1"
#54530
0!
0"
1:
0$
11
15
04
10
0/
1.
1-
0,
0+
1)
0'
#54535
1!
1"
b1011100 6
#54540
0!
0"
1:
14
00
1/
0.
0-
1*
0)
0(
1'
1&
1%
#54545
1!
1"
b110010 6
#54550
0!
0"
1:
01
04
12
10
0/
1-
1,
1)
0&
#54555
1!
1"
#54560
0!
0"
1:
13
02
00
1/
0,
1+
1(
#54565
1!
1"
#54570
0!
0"
1:
03
0/
1,
0*
0'
#54575
1!
1"
#54580
0!
0"
1:
11
13
12
0-
0+
0)
0(
1&
#54585
1!
1"
b1111011 6
#54590
0!
0"
1:
01
05
02
10
1*
0&
#54595
1!
1"
#54600
0!
0"
1:
1$
11
15
12
0,
1+
1(
1&
#54605
1!
1"
#54610
0!
0"
1:
0$
03
02
00
1/
1-
1,
0*
1)
0(
0&
#54615
1!
1"
b1011100 6
#54620
0!
0"
1:
01
14
13
0,
0+
0)
1(
1'
#54625
1!
1"
#54630
0!
0"
1:
1$
05
12
10
1.
0-
1+
1*
0(
0'
1&
#54635
1!
1"
#54640
0!
0"
1:
0$
11
03
00
0.
1,
0*
1)
1(
0&
0%
#54645
1!
1"
b10111011 6
#54650
0!
0"
1:
04
13
02
10
0/
1'
1%
#54655
1!
1"
b11010 6
#54660
0!
0"
1:
03
00
0+
1*
0'
1&
#54665
1!
1"
b10000010 6
#54670
0!
0"
1:
1$
15
14
13
12
1/
1.
1-
1'
#54675
1!
1"
b1010011 6
#54680
0!
0"
1:
01
02
10
0-
0%
#54685
1!
1"
#54690
0!
0"
1:
12
0/
0.
0,
0*
0)
0(
1%
#54695
1!
1"
#54700
0!
0"
1:
11
05
02
00
1/
1+
1)
1(
0%
#54705
1!
1"
b11000100 6
#54710
0!
0"
1:
04
03
1.
1-
0'
0&
#54715
1!
1"
b10000010 6
#54720
0!
0"
1:
0$
01
15
12
0/
0-
1,
0+
0)
0(
1'
1&
1%
#54725
1!
1"
#54730
0!
0"
1:
13
02
10
1-
1+
1*
0'
0%
#54735
1!
1"
#54740
0!
0"
1:
1$
05
14
03
00
0.
0-
0*
1)
1(
#54745
1!
1"
#54750
0!
0"
1:
0$
11
13
1-
0,
0(
1'
1%
#54755
1!
1"
b11000100 6
#54760
0!
0"
1:
1$
15
04
12
10
1/
0-
1,
0)
0'
#54765
1!
1"
b1100001 6
#54770
0!
0"
1:
01
03
00
0/
0,
0+
0%
#54775
1!
1"
#54780
0!
0"
1:
11
05
13
02
1-
1,
1*
1(
1%
#54785
1!
1"
b0 6
#54790
0!
0"
1:
15
03
10
1/
1.
0-
0,
1+
1'
#54795
1!
1"
b10101110 6
#54800
0!
0"
1:
01
05
14
13
0.
1,
0+
0(
0%
#54805
1!
1"
#54810
0!
0"
1:
0$
04
1.
0*
0'
#54815
1!
1"
#54820
0!
0"
1:
1$
15
14
12
00
0/
0.
0,
1+
1)
1(
0&
#54825
1!
1"
#54830
0!
0"
1:
03
02
10
1/
1-
1*
0)
0(
1&
#54835
1!
1"
#54840
0!
0"
1:
05
04
12
00
0/
1.
1,
0+
1)
1(
#54845
1!
1"
#54850
0!
0"
1:
0$
11
15
13
1/
0.
0*
1'
1%
#54855
1!
1"
b1011000 6
#54860
0!
0"
1:
1$
14
02
1.
0-
1+
1*
0)
0&
0%
#54865
1!
1"
b10100010 6
#54870
0!
0"
1:
0$
01
05
04
0.
1-
0,
0+
0*
1)
0'
1%
#54875
1!
1"
#54880
0!
0"
1:
10
1*
0)
0(
0%
#54885
1!
1"
#54890
0!
0"
1:
1$
15
14
03
12
00
0/
1,
1+
1)
1'
1%
#54895
1!
1"
#54900
0!
0"
1:
11
05
04
13
10
1.
0-
0,
0*
0'
1&
#54905
1!
1"
b110011 6
#54910
0!
0"
1:
01
15
14
03
02
0.
1'
0&
0%
#54915
1!
1"
#54920
0!
0"
1:
04
13
12
1-
1,
0+
1(
1&
1%
#54925
1!
1"
#54930
0!
0"
1:
05
03
02
1.
0-
1+
1*
0)
0(
0'
#54935
1!
1"
#54940
0!
0"
1:
15
14
0.
0*
1)
1'
#54945
1!
1"
#54950
0!
0"
1:
0$
13
00
1/
1.
1-
0,
1(
0'
0%
#54955
1!
1"
#54960
0!
0"
1:
1$
11
04
12
0/
0+
0)
0&
#54965
1!
1"
b1011000 6
#54970
0!
0"
1:
0$
01
14
10
1/
1,
1*
0(
1'
1&
#54975
1!
1"
#54980
0!
0"
1:
11
04
02
0/
0.
0,
1+
0*
1)
1(
0&
#54985
1!
1"
b11011100 6
#54990
0!
0"
1:
01
05
12
1.
0-
0+
0)
0(
1%
#54995
1!
1"
#55000
0!
0"
1:
15
14
1-
1,
1*
0'
#55005
1!
1"
#55010
0!
0"
1:
1$
05
03
1/
0*
1'
1&
#55015
1!
1"
#55020
0!
0"
1:
15
04
13
0/
0-
1)
0'
0&
0%
#55025
1!
1"
#55030
0!
0"
1:
05
14
03
0)
1(
1&
1%
#55035
1!
1"
#55040
0!
0"
1:
0$
15
04
13
00
0.
1-
0,
1+
1)
0(
0&
0%
#55045
1!
1"
#55050
0!
0"
1:
05
14
03
10
1.
1,
0)
1&
#55055
1!
1"
#55060
0!
0"
1:
1$
11
04
02
0-
0,
0+
1*
1)
1'
1%
#55065
1!
1"
b10010101 6
#55070
0!
0"
1:
0$
15
13
00
0.
1+
0*
0)
0%
#55075
1!
1"
b11011100 6
#55080
0!
0"
1:
05
12
1-
1,
1*
1%
#55085
1!
1"
b1110101 6
#55090
0!
0"
1:
1/
1.
0*
0'
0&
#55095
1!
1"
#55100
0!
0"
1:
15
14
02
0/
0,
0+
1*
1(
1'
1&
#55105
1!
1"
b10100010 6
#55110
0!
0"
1:
1$
01
04
10
1/
1,
1)
0(
0'
0&
0%
#55115
1!
1"
#55120
0!
0"
1:
0$
14
03
0-
0,
0*
0)
1(
1'
#55125
1!
1"
#55130
0!
0"
1:
1$
05
04
13
00
0/
0.
1)
0(
0'
1&
#55135
1!
1"
#55140
0!
0"
1:
11
15
14
12
1.
1-
1,
1+
1'
0&
1%
#55145
1!
1"
b10011001 6
#55150
0!
0"
1:
0$
1/
0.
0,
0+
1*
1(
0%
#55155
1!
1"
#55160
0!
0"
1:
1$
04
03
02
0*
0)
0(
#55165
1!
1"
b1100 6
#55170
0!
0"
1:
01
05
14
0/
1.
0-
1*
1)
1%
#55175
1!
1"
#55180
0!
0"
1:
15
04
12
10
1/
1-
1,
1+
0)
1(
0'
1&
0%
#55185
1!
1"
#55190
0!
0"
1:
0$
11
13
02
0-
0*
1)
1%
#55195
1!
1"
b1111111 6
#55200
0!
0"
1:
1$
01
14
0.
0,
0&
#55205
1!
1"
#55210
0!
0"
1:
05
04
03
00
1.
1,
1*
0(
0%
#55215
1!
1"
#55220
0!
0"
1:
11
15
13
12
0.
1-
0)
1'
#55225
1!
1"
b10101 6
#55230
0!
0"
1:
0$
05
14
03
0/
0+
#55235
1!
1"
b11000100 6
#55240
0!
0"
1:
01
04
02
10
1/
1.
1+
1%
#55245
1!
1"
#55250
0!
0"
1:
1$
14
13
12
00
0.
0*
1)
1(
#55255
1!
1"
#55260
0!
0"
1:
11
04
02
10
0,
0+
1*
0)
0(
0%
#55265
1!
1"
b10000000 6
#55270
0!
0"
1:
0$
14
00
0/
1+
0*
0'
1&
1%
#55275
1!
1"
b1010011 6
#55280
0!
0"
1:
1$
01
04
12
1/
1.
0+
1'
0&
0%
#55285
1!
1"
#55290
0!
0"
1:
14
10
1+
1*
1)
0'
1&
#55295
1!
1"
#55300
0!
0"
1:
0$
11
15
02
00
0.
0&
1%
#55305
1!
1"
b10100010 6
#55310
0!
0"
1:
1$
05
12
10
1'
#55315
1!
1"
b11000101 6
#55320
0!
0"
1:
01
04
03
02
1,
0*
#55325
1!
1"
#55330
0!
0"
1:
0$
14
00
0/
0,
0)
1(
0'
#55335
1!
1"
#55340
0!
0"
1:
10
0-
0+
1*
1'
1&
0%
11
#55345
1!
1"
b1110 6
#55350
0!
0"
1:
1$
01
15
13
1/
1.
1-
1+
0*
1)
0(
0'
#55355
1!
1"
#55360
0!
0"
1:
12
0.
1,
0+
1*
0&
1%
#55365
1!
1"
#55370
0!
0"
1:
11
04
03
00
0/
1.
0-
0,
1&
#55375
1!
1"
b10100011 6
#55380
0!
0"
1:
14
13
10
0)
1'
0&
0%
#55385
1!
1"
b10011001 6
#55390
0!
0"
1:
0$
02
1/
1-
1+
1)
1(
0'
1&
#55395
1!
1"
b10100010 6
#55400
0!
0"
1:
1$
05
03
12
00
0/
0-
1,
0*
0)
1'
0&
#55405
1!
1"
b10111011 6
#55410
0!
0"
1:
04
13
10
1/
1-
0+
1*
1)
0'
1&
#55415
1!
1"
b11000100 6
#55420
0!
0"
1:
0$
01
02
00
0/
0.
0,
0(
1'
0&
#55425
1!
1"
#55430
0!
0"
1:
1$
15
12
1/
1.
0)
1&
#55435
1!
1"
#55440
0!
0"
1:
14
02
1,
0*
0&
#55445
1!
1"
#55450
0!
0"
1:
0.
0-
0,
1+
1*
0'
1&
#55455
1!
1"
#55460
0!
0"
1:
04
03
0/
1-
1,
0*
1)
1'
1%
#55465
1!
1"
#55470
0!
0"
1:
0$
11
05
12
1/
0-
0,
0)
1(
0&
0%
#55475
1!
1"
b11011011 6
#55480
0!
0"
1:
14
0/
1.
1-
1,
1*
0(
0'
1%
#55485
1!
1"
b10111011 6
#55490
0!
0"
1:
02
10
1/
0-
0,
0+
0*
1'
#55495
1!
1"
b11110 6
#55500
0!
0"
1:
1$
15
04
13
00
0/
1)
0'
0%
#55505
1!
1"
b11011111 6
#55510
0!
0"
1:
01
03
10
1+
1*
1(
1'
1&
#55515
1!
1"
#55520
0!
0"
1:
05
14
1/
1-
1%
#55525
1!
1"
#55530
0!
0"
1:
15
04
0/
0+
0*
0(
#55535
1!
1"
#55540
0!
0"
1:
0$
11
05
1/
0.
0-
1,
1+
1*
1(
0&
#55545
1!
1"
b10000100 6
#55550
0!
0"
1:
1$
01
13
00
0/
0*
0%
#55555
1!
1"
#55560
0!
0"
1:
0$
11
03
12
10
0,
0+
1*
0)
0(
#55565
1!
1"
b11011011 6
#55570
0!
0"
1:
15
14
13
02
00
1.
1,
0*
1)
0'
1&
#55575
1!
1"
b11100101 6
#55580
0!
0"
1:
1$
03
10
1-
1+
#55585
1!
1"
b10110000 6
#55590
0!
0"
1:
0$
01
04
12
00
0.
0,
0+
1*
0)
0&
#55595
1!
1"
#55600
0!
0"
1:
1$
11
05
10
1/
1.
0-
0*
1)
1(
1&
#55605
1!
1"
b11011011 6
#55610
0!
0"
1:
01
14
13
00
0/
1-
1*
0(
1'
#55615
1!
1"
#55620
0!
0"
1:
1/
0-
0*
0)
1(
0'
#55625
1!
1"
#55630
0!
0"
1:
04
0/
1-
1,
1+
1*
0&
#55635
1!
1"
#55640
0!
0"
1:
0$
11
15
14
0.
0-
0,
1%
#55645
1!
1"
b11101111 6
#55650
0!
0"
1:
10
1/
1.
1,
0+
1)
0(
1&
#55655
1!
1"
#55660
0!
0"
1:
05
1-
0,
1(
1'
0&
#55665
1!
1"
b10001101 6
#55670
0!
0"
1:
1$
15
03
02
0/
0-
1,
0*
0)
0'
1&
0%
#55675
1!
1"
b10110000 6
#55680
0!
0"
1:
01
05
1/
1*
1)
0(
#55685
1!
1"
#55690
0!
0"
1:
04
13
0/
1+
0*
0)
0&
#55695
1!
1"
#55700
0!
0"
1:
15
14
03
12
00
1-
0+
1*
1)
1'
#55705
1!
1"
#55710
0!
0"
1:
04
02
1/
0.
0-
1+
0'
#55715
1!
1"
#55720
0!
0"
1:
0$
11
05
12
0,
0+
0*
#55725
1!
1"
b11011011 6
#55730
0!
0"
1:
15
14
10
1*
0)
1'
1%
#55735
1!
1"
b10111010 6
#55740
0!
0"
1:
01
05
04
02
00
0/
1.
1,
1+
0*
#55745
1!
1"
#55750
0!
0"
1:
11
14
13
0.
1)
1(
0'
1&
#55755
1!
1"
b11001100 6
#55760
0!
0"
1:
1$
01
15
04
03
10
1.
1*
0&
0%
#55765
1!
1"
#55770
0!
0"
1:
0$
11
14
13
00
0.
0,
0+
0)
1%
#55775
1!
1"
b11100101 6
#55780
0!
0"
1:
1$
01
05
04
03
12
10
1/
1)
#55785
1!
1"
#55790
0!
0"
1:
0$
11
13
02
00
1.
1+
0*
0)
1&
#55795
1!
1"
b11010111 6
#55800
0!
0"
1:
01
15
03
12
0.
1-
1*
0&
#55805
1!
1"
#55810
0!
0"
1:
11
02
10
1,
1)
0(
#55815
1!
1"
b11110101 6
#55820
0!
0"
1:
1$
01
05
00
0/
0,
0+
1(
1'
#55825
1!
1"
#55830
0!
0"
1:
0$
11
13
1.
1,
0)
0(
1&
0%
#55835
1!
1"
b11010111 6
#55840
0!
0"
1:
01
15
14
03
0-
1+
1)
1(
0&
#55845
1!
1"
#55850
0!
0"
1:
1$
05
04
0.
1-
0,
0)
0'
#55855
1!
1"
#55860
0!
0"
1:
14
12
1.
0-
1,
1)
1'
#55865
1!
1"
#55870
0!
0"
1:
0$
11
13
0.
0,
0)
0(
1%
#55875
1!
1"
b10001101 6
#55880
0!
0"
1:
1$
01
02
10
1,
0+
0*
1(
0'
0%
#55885
1!
1"
#55890
0!
0"
1:
15
04
03
00
1/
0,
1*
1'
1%
#55895
1!
1"
#55900
0!
0"
1:
0$
11
05
13
0/
1)
0%
#55905
1!
1"
b11010111 6
#55910
0!
0"
1:
1$
01
15
14
12
10
1-
1,
0*
0)
1&
#55915
1!
1"
#55920
0!
0"
1:
0$
04
1/
0-
1*
0(
0&
1%
#55925
1!
1"
#55930
0!
0"
1:
14
00
1+
0*
1(
0%
#55935
1!
1"
#55940
0!
0"
1:
04
02
10
0/
1.
1-
0,
1)
0(
1&
#55945
1!
1"
#55950
0!
0"
1:
11
05
14
0.
1,
0)
0'
1%
#55955
1!
1"
b11001100 6
#55960
0!
0"
1:
1$
01
04
03
12
00
1/
0-
1*
1)
1(
1'
#55965
1!
1"
#55970
0!
0"
1:
0$
11
14
02
1.
1-
0,
0*
0)
0(
#55975
1!
1"
b11011100 6
#55980
0!
0"
1:
04
12
0/
0.
0-
0+
1)
1(
0'
#55985
1!
1"
b11011011 6
#55990
0!
0"
1:
15
13
02
10
1/
1.
1+
1*
0)
1'
0%
#55995
1!
1"
b10101 6
#56000
0!
0"
1:
01
14
03
00
0/
0+
0*
0(
0'
0&
1%
#56005
1!
1"
#56010
0!
0"
1:
1$
11
04
13
12
1,
1)
1(
1'
1&
0%
#56015
1!
1"
#56020
0!
0"
1:
01
05
03
02
1-
1+
1*
1%
#56025
1!
1"
#56030
0!
0"
1:
14
12
0,
0'
0%
#56035
1!
1"
#56040
0!
0"
1:
15
04
13
02
1/
0.
0-
0*
0)
0(
1'
0&
1%
#56045
1!
1"
#56050
0!
0"
1:
0$
05
14
03
12
0/
1-
1*
#56055
1!
1"
#56060
0!
0"
1:
15
04
1/
1(
0'
0%
#56065
1!
1"
#56070
0!
0"
1:
11
13
02
10
0/
0-
0+
0*
0(
1&
1%
#56075
1!
1"
b11101100 6
#56080
0!
0"
1:
1$
01
03
12
00
1.
1-
1*
1)
1(
0&
0%
#56085
1!
1"
#56090
0!
0"
1:
0$
13
02
1/
0.
0-
0)
1'
1%
#56095
1!
1"
#56100
0!
0"
1:
1$
14
03
12
10
0/
1.
1-
1,
1+
0*
0(
0'
0%
#56105
1!
1"
#56110
0!
0"
1:
04
13
00
1/
0,
0+
1(
1&
1%
#56115
1!
1"
#56120
0!
0"
1:
0/
0-
0(
1'
0&
11
#56125
1!
1"
b1110 6
#56130
0!
0"
1:
05
14
02
1-
1,
1(
0%
#56135
1!
1"
b11001100 6
#56140
0!
0"
1:
01
15
04
12
0.
0-
1)
1&
1%
#56145
1!
1"
#56150
0!
0"
1:
14
03
02
1/
1.
1-
0(
#56155
1!
1"
#56160
0!
0"
1:
0$
04
0.
0,
0)
1(
#56165
1!
1"
#56170
0!
0"
1:
11
14
13
1*
0'
0&
0%
#56175
1!
1"
b10010100 6
#56180
0!
0"
1:
05
12
1.
0-
1)
0(
1&
#56185
1!
1"
b10011110 6
#56190
0!
0"
1:
15
04
03
10
0/
0)
0&
1%
#56195
1!
1"
b11000011 6
#56200
0!
0"
1:
1$
02
1+
1(
#56205
1!
1"
b11001100 6
#56210
0!
0"
1:
05
00
0.
1-
1,
0+
0*
0(
#56215
1!
1"
b111101 6
#56220
0!
0"
1:
15
13
12
1.
0-
0,
#56225
1!
1"
b1110 6
#56230
0!
0"
1:
05
03
02
10
0.
1*
1(
1'
1&
0%
#56235
1!
1"
b111101 6
#56240
0!
0"
1:
13
1,
0*
0(
0&
1%
#56245
1!
1"
b11010111 6
#56250
0!
0"
1:
03
00
1/
1-
1+
1*
1)
0'
0%
#56255
1!
1"
b111101 6
#56260
0!
0"
1:
01
13
12
0/
1.
0-
0+
1(
1'
#56265
1!
1"
#56270
0!
0"
1:
02
1-
0*
0)
0'
1&
1%
#56275
1!
1"
#56280
0!
0"
1:
15
14
1/
0,
1+
1)
0&
#56285
1!
1"
#56290
0!
0"
1:
0$
11
04
10
0/
0-
1,
1*
0(
1'
#56295
1!
1"
b11101100 6
#56300
0!
0"
1:
01
05
14
12
1-
0,
0+
0*
1(
0'
1&
0%
#56305
1!
1"
#56310
0!
0"
1:
1$
1/
0-
1,
1*
0(
1'
0&
#56315
1!
1"
#56320
0!
0"
1:
0$
04
03
02
00
0,
1+
0*
0)
1(
1&
1%
#56325
1!
1"
#56330
0!
0"
1:
1$
14
12
10
1-
1*
1)
0&
#56335
1!
1"
#56340
0!
0"
1:
11
04
0.
1,
0+
1&
#56345
1!
1"
b100 6
#56350
0!
0"
1:
0$
01
15
02
0/
1.
0-
0,
0*
0)
#56355
1!
1"
#56360
0!
0"
1:
1$
00
0.
1-
1+
1*
0(
0%
#56365
1!
1"
#56370
0!
0"
1:
0$
14
12
1/
1.
0-
1,
0+
1)
0&
#56375
1!
1"
#56380
0!
0"
1:
1$
11
13
02
0/
0.
1-
0)
#56385
1!
1"
b1000001 6
#56390
0!
0"
1:
0$
05
03
12
1/
0-
0,
1+
0*
1)
1(
1&
1%
#56395
1!
1"
b10001 6
#56400
0!
0"
1:
15
13
0/
1-
1,
0)
0'
0&
#56405
1!
1"
b11011011 6
#56410
0!
0"
1:
04
03
02
10
1.
0,
1*
#56415
1!
1"
b11001100 6
#56420
0!
0"
1:
05
12
00
0.
0-
0+
1)
0(
1&
0%
#56425
1!
1"
b100 6
#56430
0!
0"
1:
1$
01
02
10
1-
1(
1'
1%
#56435
1!
1"
#56440
0!
0"
1:
0$
11
15
14
13
12
00
1.
0-
1,
1+
0%
#56445
1!
1"
b11001001 6
#56450
0!
0"
1:
1$
05
04
03
02
0,
0+
0)
0'
1%
#56455
1!
1"
b11111010 6
#56460
0!
0"
1:
0$
13
12
10
1/
1-
0*
1)
1'
0&
#56465
1!
1"
b11000100 6
#56470
0!
0"
1:
0/
0.
1,
1+
0)
0(
1&
#56475
1!
1"
#56480
0!
0"
1:
03
02
1.
0+
1)
1(
0&
0%
#56485
1!
1"
b11111010 6
#56490
0!
0"
1:
15
14
00
0.
0,
1+
0)
0(
0'
1%
#56495
1!
1"
b11010100 6
#56500
0!
0"
1:
01
05
13
12
1.
1*
1)
1(
0%
#56505
1!
1"
#56510
0!
0"
1:
11
03
02
1/
0.
1,
0+
1'
1%
#56515
1!
1"
b1011000 6
#56520
0!
0"
1:
01
15
13
1.
0-
0,
0(
0'
1&
0%
#56525
1!
1"
#56530
0!
0"
1:
11
04
03
1-
1+
0*
1(
1'
#56535
1!
1"
b11001100 6
#56540
0!
0"
1:
1$
14
13
12
1,
0+
0)
0'
#56545
1!
1"
b11001001 6
#56550
0!
0"
1:
0,
1*
1'
01
#56555
1!
1"
#56560
0!
0"
1:
0$
05
04
10
1,
1+
0(
1%
#56565
1!
1"
#56570
0!
0"
1:
1$
15
14
03
00
0+
1)
1(
0&
0%
#56575
1!
1"
#56580
0!
0"
1:
0$
11
05
04
02
10
0/
0.
0-
0,
0)
0'
#56585
1!
1"
b11111010 6
#56590
0!
0"
1:
12
1/
1-
1,
1+
1)
0(
1'
1&
#56595
1!
1"
b100 6
#56600
0!
0"
1:
01
13
0/
0-
0,
0)
1(
0&
1%
#56605
1!
1"
#56610
0!
0"
1:
1$
15
14
03
02
00
1.
1-
0*
1)
0(
1&
#56615
1!
1"
#56620
0!
0"
1:
11
05
04
12
0.
1,
0+
1(
0'
0&
0%
#56625
1!
1"
#56630
0!
0"
1:
0$
14
13
02
0-
1+
1*
1'
1&
#56635
1!
1"
b1101000 6
#56640
0!
0"
1:
1$
01
12
1/
1.
0,
0)
0(
0'
#56645
1!
1"
#56650
0!
0"
1:
0$
02
10
0/
1-
1,
0+
1'
#56655
1!
1"
#56660
0!
0"
1:
11
04
12
1/
0.
0-
0,
0*
1)
1(
0'
0&
#56665
1!
1"
b11000100 6
#56670
0!
0"
1:
03
1.
1-
0(
1'
#56675
1!
1"
b100 6
#56680
0!
0"
1:
1$
01
14
02
00
0/
1,
0)
1%
#56685
1!
1"
#56690
0!
0"
1:
15
04
13
12
0.
0-
0,
1+
0%
#56695
1!
1"
#56700
0!
0"
1:
0$
05
02
10
1.
1*
#56705
1!
1"
#56710
0!
0"
1:
11
15
03
12
00
1/
1-
0+
1%
#56715
1!
1"
b10101110 6
#56720
0!
0"
1:
01
14
0/
0.
1,
0*
0%
#56725
1!
1"
#56730
0!
0"
1:
11
05
13
10
1.
0,
1+
1*
1)
1(
0'
1&
#56735
1!
1"
b10101100 6
#56740
0!
0"
1:
1$
15
03
00
1,
0+
0*
0&
1%
#56745
1!
1"
b11101111 6
#56750
0!
0"
1:
0$
04
10
1/
0-
0,
1+
1*
0%
#56755
1!
1"
b10011100 6
#56760
0!
0"
1:
05
14
13
0.
1,
0*
0)
1'
1&
1%
#56765
1!
1"
b10101100 6
#56770
0!
0"
1:
01
15
04
02
00
0/
1.
1-
1*
1)
0'
0&
0%
#56775
1!
1"
#56780
0!
0"
1:
1$
05
14
03
1/
0.
0-
0,
0+
1'
1&
#56785
1!
1"
#56790
0!
0"
1:
0$
13
10
1-
1,
1+
0*
0)
0(
0'
0&
1%
#56795
1!
1"
#56800
0!
0"
1:
1$
15
03
1.
0-
1(
1'
1&
0%
#56805
1!
1"
#56810
0!
0"
1:
11
05
13
00
0/
1-
0,
0+
1*
1)
0'
#56815
1!
1"
b1101000 6
#56820
0!
0"
1:
0$
03
12
1/
0.
0-
1,
1+
0)
0(
#56825
1!
1"
b11100 6
#56830
0!
0"
1:
1$
01
15
02
1.
1-
0,
1)
1'
#56835
1!
1"
#56840
0!
0"
1:
05
13
10
1,
0)
1(
1%
#56845
1!
1"
#56850
0!
0"
1:
0$
11
04
03
12
0/
0-
0,
0+
0*
0%
#56855
1!
1"
b100 6
#56860
0!
0"
1:
1$
15
13
1-
1+
1*
0(
1%
#56865
1!
1"
b1000100 6
#56870
0!
0"
1:
0$
14
02
1/
0-
0+
0*
1)
1(
0&
#56875
1!
1"
b110111 6
#56880
0!
0"
1:
12
00
0/
1,
1*
0)
0%
#56885
1!
1"
b1111111 6
#56890
0!
0"
1:
1$
01
05
03
10
1+
1)
0(
1&
#56895
1!
1"
#56900
0!
0"
1:
0$
15
04
13
1/
1-
0,
0+
0&
1%
#56905
1!
1"
#56910
0!
0"
1:
11
03
02
0/
0-
1,
1+
0*
1(
0'
0%
#56915
1!
1"
b10011000 6
#56920
0!
0"
1:
01
05
14
00
1/
0.
0,
0)
1%
#56925
1!
1"
#56930
0!
0"
1:
1$
11
04
12
0/
1,
0+
1*
0(
1'
0%
#56935
1!
1"
b100 6
#56940
0!
0"
1:
14
02
10
1/
1.
0,
1+
1)
0'
1%
#56945
1!
1"
b1010000 6
#56950
0!
0"
1:
12
00
0/
1-
1,
0+
0)
1'
0%
#56955
1!
1"
b11100 6
#56960
0!
0"
1:
1/
0*
1)
0'
1&
1%
01
#56965
1!
1"
#56970
0!
0"
1:
0$
11
15
0/
0,
1*
0)
1(
1'
#56975
1!
1"
b11101111 6
#56980
0!
0"
1:
1$
01
02
1/
1+
0*
1)
0'
#56985
1!
1"
#56990
0!
0"
1:
11
05
04
13
0.
0-
1,
0)
1'
0&
0%
#56995
1!
1"
b1100110 6
#57000
0!
0"
1:
0$
15
03
1-
1&
#57005
1!
1"
b10011000 6
#57010
0!
0"
1:
05
13
10
0/
1.
0,
1)
0'
#57015
1!
1"
b1100110 6
#57020
0!
0"
1:
1$
01
14
03
1/
0-
0+
1*
0)
0(
1%
#57025
1!
1"
#57030
0!
0"
1:
11
15
0/
1-
0*
1)
1(
1'
0&
#57035
1!
1"
b110010 6
#57040
0!
0"
1:
12
1/
0.
1,
0)
0(
0'
1&
#57045
1!
1"
b10001101 6
#57050
0!
0"
1:
05
04
02
00
1.
1+
1)
1'
#57055
1!
1"
b11111010 6
#57060
0!
0"
1:
0$
01
14
12
10
0.
0)
0'
0&
#57065
1!
1"
#57070
0!
0"
1:
1$
11
13
0/
1.
0-
1&
#57075
1!
1"
b10111110 6
#57080
0!
0"
1:
0$
15
04
03
00
1/
1)
1(
#57085
1!
1"
b10011100 6
#57090
0!
0"
1:
1$
01
05
10
0/
1-
0+
1*
1'
#57095
1!
1"
#57100
0!
0"
1:
14
02
00
1/
0.
1+
0*
0(
0'
0&
#57105
1!
1"
#57110
0!
0"
1:
11
04
13
12
0/
1.
0-
0)
1&
#57115
1!
1"
b110101 6
#57120
0!
0"
1:
0$
01
15
14
02
10
1/
0,
0+
1*
1)
1(
1'
#57125
1!
1"
#57130
0!
0"
1:
11
03
00
0.
1-
1+
0*
0)
0&
#57135
1!
1"
b110010 6
#57140
0!
0"
1:
1$
12
0/
1.
1,
1*
1)
#57145
1!
1"
b10001101 6
#57150
0!
0"
1:
05
04
02
10
1/
0.
0-
0,
0*
0'
1&
0%
#57155
1!
1"
b11111010 6
#57160
0!
0"
1:
15
14
12
0/
1.
1,
1*
0&
1%
#57165
1!
1"
b11111100 6
#57170
0!
0"
1:
0$
05
02
0,
0+
0)
#57175
1!
1"
b1011100 6
#57180
0!
0"
1:
1$
01
15
04
12
0.
1-
1+
0*
1)
0(
1&
#57185
1!
1"
#57190
0!
0"
1:
14
02
00
0-
1,
0+
1*
0)
1(
1'
0&
#57195
1!
1"
#57200
0!
0"
1:
11
05
1.
1-
1)
0(
1&
#57205
1!
1"
#57210
0!
0"
1:
15
12
10
0,
1+
0*
0)
0'
0&
0%
#57215
1!
1"
b1010000 6
#57220
0!
0"
1:
05
04
02
1/
0.
1'
#57225
1!
1"
b101101 6
#57230
0!
0"
1:
14
13
12
1.
1,
0+
1(
#57235
1!
1"
b11011100 6
#57240
0!
0"
1:
01
15
03
02
00
0.
0-
1*
0(
1&
1%
#57245
1!
1"
#57250
0!
0"
1:
0$
1.
0*
1)
#57255
1!
1"
#57260
0!
0"
1:
1$
05
12
10
0.
0,
0)
1(
#57265
1!
1"
#57270
0!
0"
1:
0$
11
15
13
0/
1-
1,
1*
1)
0&
0%
#57275
1!
1"
b11 6
#57280
0!
0"
1:
1$
03
02
00
1/
0-
0,
0*
0'
#57285
1!
1"
b11111 6
#57290
0!
0"
1:
0$
13
12
1-
1+
1*
0(
#57295
1!
1"
b11 6
#57300
0!
0"
1:
1$
05
04
0/
1,
0+
0*
0)
1'
1&
#57305
1!
1"
b10101001 6
#57310
0!
0"
1:
0$
1/
0,
1*
1)
1(
0'
0&
1%
01
#57315
1!
1"
#57320
0!
0"
1:
15
14
03
10
1,
1+
0)
0(
#57325
1!
1"
#57330
0!
0"
1:
1$
11
13
02
00
0-
0,
1&
0%
#57335
1!
1"
b110111 6
#57340
0!
0"
1:
01
04
03
0/
1-
1,
0*
#57345
1!
1"
#57350
0!
0"
1:
14
12
0,
1(
1'
0&
#57355
1!
1"
#57360
0!
0"
1:
05
04
10
1,
1*
1)
#57365
1!
1"
#57370
0!
0"
1:
0$
11
15
13
1/
1.
0*
0)
0'
#57375
1!
1"
b10101110 6
#57380
0!
0"
1:
1$
01
05
14
03
02
00
0.
0,
0+
1)
1&
1%
#57385
1!
1"
#57390
0!
0"
1:
0/
1.
1*
0(
0&
#57395
1!
1"
#57400
0!
0"
1:
0$
10
0.
1,
1+
0)
1(
1'
1&
11
#57405
1!
1"
b101011 6
#57410
0!
0"
1:
15
13
12
00
0-
0+
0*
0%
#57415
1!
1"
b11 6
#57420
0!
0"
1:
1$
10
1*
1)
1%
01
#57425
1!
1"
#57430
0!
0"
1:
11
05
04
02
1.
1-
0'
0&
0%
#57435
1!
1"
b111000 6
#57440
0!
0"
1:
0$
12
0.
0-
1'
#57445
1!
1"
b10101001 6
#57450
0!
0"
1:
1$
00
1/
1-
1+
0)
0(
01
#57455
1!
1"
#57460
0!
0"
1:
11
14
0/
0-
0,
0*
1)
1%
#57465
1!
1"
b1010010 6
#57470
0!
0"
1:
0$
15
03
10
1/
1.
1-
1,
1*
0%
#57475
1!
1"
b1010000 6
#57480
0!
0"
1:
05
00
0-
0+
0*
1(
0'
1%
#57485
1!
1"
b10100000 6
#57490
0!
0"
1:
1$
01
15
10
0/
0)
1&
#57495
1!
1"
#57500
0!
0"
1:
05
02
0.
0,
1*
0%
#57505
1!
1"
#57510
0!
0"
1:
15
04
00
1.
1-
1+
0*
1)
1'
0&
#57515
1!
1"
#57520
0!
0"
1:
05
13
1/
0-
0+
0)
0'
1&
#57525
1!
1"
#57530
0!
0"
1:
11
15
14
12
0/
1-
1+
1)
1'
#57535
1!
1"
b11010001 6
#57540
0!
0"
1:
01
04
03
10
0.
0-
0+
1*
0)
0'
0&
1%
#57545
1!
1"
#57550
0!
0"
1:
14
13
1/
1-
1+
1'
1&
#57555
1!
1"
#57560
0!
0"
1:
0$
11
05
04
02
0/
0+
1)
0'
#57565
1!
1"
b111000 6
#57570
0!
0"
1:
1$
15
14
12
00
1/
0-
1,
0(
1'
0%
#57575
1!
1"
b1101011 6
#57580
0!
0"
1:
04
02
1+
0*
1(
0'
1%
#57585
1!
1"
b110 6
#57590
0!
0"
1:
0$
14
12
1-
0+
0)
0(
1'
#57595
1!
1"
b1101011 6
#57600
0!
0"
1:
1$
01
05
04
03
0-
1+
1*
1(
0&
0%
#57605
1!
1"
#57610
0!
0"
1:
15
02
10
0/
1.
0+
0*
1&
#57615
1!
1"
#57620
0!
0"
1:
13
12
00
1/
0.
1-
0,
1)
0'
0&
1%
#57625
1!
1"
#57630
0!
0"
1:
0$
05
10
0/
1,
1+
1*
0(
1'
1&
#57635
1!
1"
#57640
0!
0"
1:
1$
15
14
03
1/
0-
0*
1(
0'
#57645
1!
1"
#57650
0!
0"
1:
0$
11
05
04
00
0/
0,
0)
0&
0%
#57655
1!
1"
b11001100 6
#57660
0!
0"
1:
01
15
10
1.
1,
0(
1'
#57665
1!
1"
#57670
0!
0"
1:
00
0.
0+
1*
1)
1(
0'
1&
11
#57675
1!
1"
b10001010 6
#57680
0!
0"
1:
01
14
13
1.
1-
0,
0(
1%
#57685
1!
1"
#57690
0!
0"
1:
11
03
1+
1'
0&
#57695
1!
1"
b1010000 6
#57700
0!
0"
1:
01
05
04
0.
0-
1,
0+
0)
1(
0'
1&
#57705
1!
1"
#57710
0!
0"
1:
11
14
02
1/
0,
1+
0*
1)
0(
0&
#57715
1!
1"
b1111010 6
#57720
0!
0"
1:
01
15
04
10
1.
1,
0+
0)
1'
1&
0%
#57725
1!
1"
#57730
0!
0"
1:
11
13
12
0.
0,
1*
1)
#57735
1!
1"
b10110011 6
#57740
0!
0"
1:
1$
02
00
0/
1.
0)
1(
0'
#57745
1!
1"
b110 6
#57750
0!
0"
1:
0$
03
10
1,
1+
0*
1)
0&
1%
#57755
1!
1"
b11011101 6
#57760
0!
0"
1:
0.
0,
1&
#57765
1!
1"
#57770
0!
0"
1:
01
14
13
12
1/
1.
0+
#57775
1!
1"
#57780
0!
0"
1:
1$
04
02
00
0/
0.
1,
1*
0)
0(
1'
0%
#57785
1!
1"
#57790
0!
0"
1:
03
1/
0,
0*
1)
0'
0&
#57795
1!
1"
#57800
0!
0"
1:
0$
05
13
12
10
1.
1-
1(
1'
#57805
1!
1"
#57810
0!
0"
1:
1$
15
14
0(
1%
#57815
1!
1"
#57820
0!
0"
1:
05
02
00
0/
0.
1+
1*
0)
1(
1&
#57825
1!
1"
#57830
0!
0"
1:
0$
15
04
03
12
10
0-
0+
0*
1)
0(
0&
0%
#57835
1!
1"
#57840
0!
0"
1:
1$
05
02
1/
1.
1-
1+
1(
0'
1&
1%
#57845
1!
1"
#57850
0!
0"
1:
15
13
12
00
0+
0)
0(
1'
0%
#57855
1!
1"
#57860
0!
0"
1:
0$
11
02
0/
0.
1+
1)
1(
0'
0&
#57865
1!
1"
b1000100 6
#57870
0!
0"
1:
1$
05
14
12
10
1/
1.
0-
0+
1*
0(
1'
#57875
1!
1"
b1010010 6
#57880
0!
0"
1:
15
00
0/
1+
0*
0)
0'
#57885
1!
1"
b1101000 6
#57890
0!
0"
1:
0$
05
03
1-
1,
1*
1'
1%
#57895
1!
1"
b10001111 6
#57900
0!
0"
1:
1$
10
0.
0-
0,
1&
0%
01
#57905
1!
1"
#57910
0!
0"
1:
11
15
02
1.
1,
0+
#57915
1!
1"
b1110010 6
#57920
0!
0"
1:
01
04
13
00
1/
1-
1+
1%
#57925
1!
1"
#57930
0!
0"
1:
0$
11
14
03
12
10
0,
1)
1(
0'
0%
#57935
1!
1"
b1010000 6
#57940
0!
0"
1:
01
04
13
00
0.
1,
0*
0)
1'
0&
1%
#57945
1!
1"
#57950
0!
0"
1:
10
0/
0,
1*
0'
#57955
1!
1"
#57960
0!
0"
1:
05
03
0-
1)
1&
0%
#57965
1!
1"
#57970
0!
0"
1:
11
15
13
1/
0)
0(
1%
#57975
1!
1"
b10101111 6
#57980
0!
0"
1:
1$
01
03
02
0/
1)
0&
#57985
1!
1"
#57990
0!
0"
1:
11
14
13
1/
0+
1&
0%
#57995
1!
1"
b10101 6
#58000
0!
0"
1:
05
03
00
0/
1.
1,
1+
0*
0)
1'
1%
#58005
1!
1"
b11000111 6
#58010
0!
0"
1:
0$
15
0,
0+
1*
1)
1(
0'
0%
#58015
1!
1"
b1110010 6
#58020
0!
0"
1:
1$
01
05
13
1/
0.
1-
1,
0*
1'
0&
#58025
1!
1"
#58030
0!
0"
1:
0$
11
15
03
0/
1.
0-
1+
0)
#58035
1!
1"
b10011010 6
#58040
0!
0"
1:
1$
05
04
13
10
0,
0+
1*
0(
1%
#58045
1!
1"
b11000011 6
#58050
0!
0"
1:
0$
03
1/
1-
1)
1(
0%
#58055
1!
1"
b100100 6
#58060
0!
0"
1:
01
15
12
0.
0-
0)
1&
#58065
1!
1"
#58070
0!
0"
1:
1$
05
0/
1,
0*
1)
0'
1%
#58075
1!
1"
#58080
0!
0"
1:
0$
15
13
1-
0)
0(
0%
#58085
1!
1"
#58090
0!
0"
1:
14
03
1.
1(
#58095
1!
1"
#58100
0!
0"
1:
11
05
13
00
0.
1*
0(
1'
0&
#58105
1!
1"
b110100 6
#58110
0!
0"
1:
15
10
1/
0,
0*
1)
0'
#58115
1!
1"
b1101000 6
#58120
0!
0"
1:
1$
01
05
04
03
02
0/
1.
1*
0)
1(
1'
1%
#58125
1!
1"
#58130
0!
0"
1:
15
14
0.
1)
0'
#58135
1!
1"
#58140
0!
0"
1:
11
05
13
1,
0)
0(
1'
1&
#58145
1!
1"
b1010101 6
#58150
0!
0"
1:
0$
15
04
12
00
1/
1.
0,
1+
0*
1(
0&
#58155
1!
1"
b10010001 6
#58160
0!
0"
1:
1$
01
05
03
10
1*
0(
1&
#58165
1!
1"
#58170
0!
0"
1:
13
02
00
0*
1)
0'
0%
#58175
1!
1"
#58180
0!
0"
1:
0$
15
14
0/
0-
1'
0&
1%
#58185
1!
1"
#58190
0!
0"
1:
1$
11
05
12
10
1-
0+
0)
1(
1&
#58195
1!
1"
b1101111 6
#58200
0!
0"
1:
0$
01
15
0.
1,
1*
1)
0(
0'
#58205
1!
1"
#58210
0!
0"
1:
11
03
1/
0,
0*
0)
1(
1'
0%
#58215
1!
1"
b1001101 6
#58220
0!
0"
1:
13
02
0(
0'
#58225
1!
1"
b10101 6
#58230
0!
0"
1:
1$
01
05
03
1.
0-
1,
1*
1'
1%
#58235
1!
1"
#58240
0!
0"
1:
0$
13
1+
0*
1(
0'
#58245
1!
1"
#58250
0!
0"
1:
1$
11
15
03
0+
1*
1)
0(
1'
0%
#58255
1!
1"
b10011010 6
#58260
0!
0"
1:
01
05
04
1-
0,
0)
1(
0&
1%
#58265
1!
1"
#58270
0!
0"
1:
11
14
0.
0-
1,
1)
0(
0'
1&
0%
#58275
1!
1"
b11000111 6
#58280
0!
0"
1:
01
15
13
00
1-
1+
0)
1(
1%
#58285
1!
1"
#58290
0!
0"
1:
11
05
03
0/
1.
0-
0+
1)
0(
1'
0&
#58295
1!
1"
#58300
0!
0"
1:
01
15
04
13
10
1/
1-
0,
1+
0)
0'
#58305
1!
1"
#58310
0!
0"
1:
0$
12
00
0/
0-
0+
1)
1(
1'
#58315
1!
1"
#58320
0!
0"
1:
1$
05
14
02
10
0.
1-
1,
1+
0(
0'
#58325
1!
1"
#58330
0!
0"
1:
0$
04
1/
1.
0-
0+
0*
1(
1'
1&
#58335
1!
1"
#58340
0!
0"
1:
15
00
0.
1+
1*
0)
0(
0'
0%
#58345
1!
1"
#58350
0!
0"
1:
1$
12
1-
0,
1)
1(
#58355
1!
1"
#58360
0!
0"
1:
0$
11
05
14
03
1.
0-
0*
0(
1'
1%
#58365
1!
1"
b11010100 6
#58370
0!
0"
1:
04
13
0/
1-
0+
1*
0)
1(
0&
0%
#58375
1!
1"
b10101001 6
#58380
0!
0"
1:
1$
01
03
02
0.
1,
1)
1%
#58385
1!
1"
#58390
0!
0"
1:
0$
11
15
12
1.
0-
1+
0*
0)
0(
1&
0%
#58395
1!
1"
b11001001 6
#58400
0!
0"
1:
1$
02
1/
0.
1-
0,
1*
0&
1%
#58405
1!
1"
b11011101 6
#58410
0!
0"
1:
01
14
0/
1.
1,
0*
0'
1&
0%
#58415
1!
1"
#58420
0!
0"
1:
11
05
04
13
12
1/
0+
1'
#58425
1!
1"
b10101001 6
#58430
0!
0"
1:
0$
01
15
14
10
0/
0.
0-
0,
1+
1(
0'
0&
#58435
1!
1"
#58440
0!
0"
1:
11
03
00
1/
1.
1-
1'
1&
#58445
1!
1"
b11011000 6
#58450
0!
0"
1:
04
0/
0.
0+
1*
1)
0(
0'
1%
#58455
1!
1"
b11001001 6
#58460
0!
0"
1:
01
05
13
02
1/
1,
1+
0)
0&
0%
#58465
1!
1"
#58470
0!
0"
1:
11
03
10
1.
0*
1)
1(
1'
1&
#58475
1!
1"
b100100 6
#58480
0!
0"
1:
01
13
12
00
0-
0&
#58485
1!
1"
#58490
0!
0"
1:
02
10
0+
1*
0(
1&
1%
#58495
1!
1"
#58500
0!
0"
1:
15
03
00
0.
1-
0)
#58505
1!
1"
#58510
0!
0"
1:
11
14
13
10
0/
1.
0,
1+
0*
1(
0'
0&
0%
#58515
1!
1"
b10101 6
#58520
0!
0"
1:
03
12
0-
1,
1)
#58525
1!
1"
b11011000 6
#58530
0!
0"
1:
04
13
02
1/
0.
0,
1*
0)
0(
1&
1%
#58535
1!
1"
b11101010 6
#58540
0!
0"
1:
05
14
12
0/
1.
1-
0+
1(
1'
0%
#58545
1!
1"
b1010111 6
#58550
0!
0"
1:
15
04
02
1/
0.
1,
0*
0(
0'
0&
1%
#58555
1!
1"
b11101010 6
#58560
0!
0"
1:
05
03
12
00
0/
1.
0-
1*
1)
1&
#58565
1!
1"
b11111001 6
#58570
0!
0"
1:
01
15
02
1/
0.
1-
0,
0)
0&
#58575
1!
1"
#58580
0!
0"
1:
10
1(
1'
1&
0%
11
#58585
1!
1"
b11011101 6
#58590
0!
0"
1:
1$
05
12
00
0/
1.
1,
0*
1)
0(
0'
0&
1%
#58595
1!
1"
b11111001 6
#58600
0!
0"
1:
15
13
10
0.
0-
0,
1+
1*
0)
1(
0%
#58605
1!
1"
b1111010 6
#58610
0!
0"
1:
03
02
00
1/
0+
1)
0(
1&
#58615
1!
1"
b1100001 6
#58620
0!
0"
1:
14
0/
1+
1'
1%
#58625
1!
1"
b10011010 6
#58630
0!
0"
1:
0$
01
05
13
12
10
1.
1,
0+
0*
0%
#58635
1!
1"
#58640
0!
0"
1:
15
04
03
02
1/
1+
1*
0)
0'
0&
1%
#58645
1!
1"
#58650
0!
0"
1:
1$
05
14
13
12
00
0.
0*
1)
1&
#58655
1!
1"
#58660
0!
0"
1:
0$
11
15
04
03
02
10
1.
1-
0+
1*
1(
1'
0&
0%
#58665
1!
1"
b1100001 6
#58670
0!
0"
1:
14
13
00
0,
0*
0(
0'
1&
#58675
1!
1"
b10101 6
#58680
0!
0"
1:
05
04
0.
0-
0&
#58685
1!
1"
b11000010 6
#58690
0!
0"
1:
1$
01
15
14
10
1-
1,
1*
0)
1(
#58695
1!
1"
#58700
0!
0"
1:
04
03
1+
0(
1%
#58705
1!
1"
#58710
0!
0"
1:
0$
0/
0-
0+
1(
1&
0%
#58715
1!
1"
#58720
0!
0"
1:
1$
05
14
13
1.
0,
0(
1'
0&
1%
#58725
1!
1"
#58730
0!
0"
1:
03
12
1/
1(
0'
1&
#58735
1!
1"
#58740
0!
0"
1:
00
0/
0.
1,
0*
0(
1'
0%
11
#58745
1!
1"
b1000101 6
#58750
0!
0"
1:
0$
01
04
02
10
1/
1.
1-
1)
1(
#58755
1!
1"
#58760
0!
0"
1:
1$
11
13
12
00
0/
0.
0-
1*
#58765
1!
1"
b10110010 6
#58770
0!
0"
1:
0$
01
02
10
1/
1.
1-
0,
0*
0(
0&
#58775
1!
1"
#58780
0!
0"
1:
1$
11
15
14
03
00
0-
1,
1*
1(
0'
#58785
1!
1"
b10011010 6
#58790
0!
0"
1:
01
04
13
10
0/
1-
1+
0*
0)
0(
1'
#58795
1!
1"
#58800
0!
0"
1:
0$
11
05
14
03
12
00
1/
0,
1*
1)
1(
0'
1&
1%
#58805
1!
1"
b1000101 6
#58810
0!
0"
1:
15
13
02
0/
0.
0-
1,
0*
#58815
1!
1"
b11010000 6
#58820
0!
0"
1:
05
04
03
10
1-
1*
0)
0(
1'
0&
0%
#58825
1!
1"
b100100 6
#58830
0!
0"
1:
1$
01
15
14
00
1/
0-
1(
0'
1%
#58835
1!
1"
#58840
0!
0"
1:
13
12
0/
0,
0+
0*
0(
1'
0%
#58845
1!
1"
#58850
0!
0"
1:
0$
11
04
03
02
10
1.
1*
#58855
1!
1"
b11010110 6
#58860
0!
0"
1:
1$
01
05
13
1/
1-
1,
1+
1(
1&
1%
#58865
1!
1"
#58870
0!
0"
1:
15
03
12
0/
0.
0*
0(
0'
#58875
1!
1"
#58880
0!
0"
1:
0$
05
0,
1)
0&
0%
#58885
1!
1"
#58890
0!
0"
1:
1$
11
15
02
00
1,
0+
0)
#58895
1!
1"
#58900
0!
0"
1:
0$
01
05
12
10
1&
#58905
1!
1"
#58910
0!
0"
1:
1$
13
0,
1+
1)
1(
0&
1%
#58915
1!
1"
#58920
0!
0"
1:
0$
15
02
00
1/
1.
0-
0+
0(
1'
1&
0%
#58925
1!
1"
#58930
0!
0"
1:
1$
05
14
03
1-
1,
1+
0)
1(
1%
#58935
1!
1"
#58940
0!
0"
1:
11
13
12
0/
0.
0,
1*
0'
#58945
1!
1"
b11100000 6
#58950
0!
0"
1:
0$
04
03
02
10
1/
1.
0+
0*
1)
1'
0&
#58955
1!
1"
b11000 6
#58960
0!
0"
1:
1$
14
12
0/
0.
1,
1*
0)
0(
#58965
1!
1"
b1000101 6
#58970
0!
0"
1:
0$
01
13
1/
1.
0,
1+
1)
1(
1&
#58975
1!
1"
#58980
0!
0"
1:
15
03
02
0-
1,
0+
0'
0%
#58985
1!
1"
#58990
0!
0"
1:
12
0/
0.
0)
1%
#58995
1!
1"
#59000
0!
0"
1:
11
05
04
13
00
1-
1'
0&
0%
#59005
1!
1"
b111001 6
#59010
0!
0"
1:
01
15
14
1.
0*
1&
#59015
1!
1"
#59020
0!
0"
1:
1$
11
04
03
02
0-
0,
1+
1*
0'
0&
1%
#59025
1!
1"
b11010110 6
#59030
0!
0"
1:
0$
01
05
14
10
0.
1-
1,
0*
0(
1&
#59035
1!
1"
#59040
0!
0"
1:
1$
04
13
12
00
1)
1(
0&
#59045
1!
1"
#59050
0!
0"
1:
11
15
14
03
02
10
0,
0)
0(
1'
1&
0%
#59055
1!
1"
b10011010 6
#59060
0!
0"
1:
05
13
12
00
1/
1.
0-
1,
1(
0'
0&
#59065
1!
1"
b11100000 6
#59070
0!
0"
1:
01
15
03
10
0/
0.
0(
1'
#59075
1!
1"
#59080
0!
0"
1:
11
05
04
13
02
00
1.
1-
0,
1*
0'
1&
1%
#59085
1!
1"
b11000010 6
#59090
0!
0"
1:
15
0-
1,
0+
1(
0%
#59095
1!
1"
b11101010 6
#59100
0!
0"
1:
0$
05
14
1/
0.
1-
0,
0*
0(
0&
#59105
1!
1"
b101001 6
#59110
0!
0"
1:
01
15
04
03
10
1.
1*
1&
#59115
1!
1"
#59120
0!
0"
1:
1$
05
14
13
00
0/
0-
1,
1(
1'
1%
#59125
1!
1"
#59130
0!
0"
1:
1+
0(
0%
#59135
1!
1"
#59140
0!
0"
1:
0$
15
04
10
1/
0.
0,
0+
0*
1)
1%
#59145
1!
1"
#59150
0!
0"
1:
11
05
03
12
1.
1+
0)
1(
#59155
1!
1"
b1111011 6
#59160
0!
0"
1:
1$
15
02
1-
1,
1)
0&
#59165
1!
1"
b110110 6
#59170
0!
0"
1:
12
00
0.
0-
0,
0+
0)
0(
#59175
1!
1"
b10111000 6
#59180
0!
0"
1:
0$
05
14
0/
1)
1&
0%
#59185
1!
1"
b10 6
#59190
0!
0"
1:
1$
1/
1.
1-
1*
1(
01
#59195
1!
1"
#59200
0!
0"
1:
15
04
02
10
0/
0.
1,
0*
0'
0&
1%
#59205
1!
1"
#59210
0!
0"
1:
05
13
1/
1*
1'
1&
#59215
1!
1"
#59220
0!
0"
1:
0$
15
03
12
1.
0-
0,
1+
0*
#59225
1!
1"
#59230
0!
0"
1:
1$
11
14
13
02
00
0.
0+
1*
0(
0'
#59235
1!
1"
b11001110 6
#59240
0!
0"
1:
0$
05
04
03
1-
1,
1(
0&
#59245
1!
1"
b11000 6
#59250
0!
0"
1:
01
13
12
10
1.
0-
0,
0*
1'
1&
0%
#59255
1!
1"
#59260
0!
0"
1:
1$
15
02
00
0.
1,
1+
0)
0(
0&
#59265
1!
1"
#59270
0!
0"
1:
0$
12
0/
1.
1-
1)
1(
0'
#59275
1!
1"
#59280
0!
0"
1:
1$
10
1/
0.
0-
0)
1'
1&
#59285
1!
1"
#59290
0!
0"
1:
11
05
03
00
1.
0,
0+
1*
1)
#59295
1!
1"
b1111011 6
#59300
0!
0"
1:
0$
01
15
14
02
0.
1-
1,
0(
0&
1%
#59305
1!
1"
#59310
0!
0"
1:
04
0/
0-
0,
1+
0*
0)
0'
1&
0%
#59315
1!
1"
#59320
0!
0"
1:
1$
05
13
12
10
1,
1*
1)
1(
1'
0&
1%
#59325
1!
1"
#59330
0!
0"
1:
0$
14
1.
0*
0)
0'
0%
#59335
1!
1"
#59340
0!
0"
1:
04
1/
0.
1-
0+
1*
0(
1&
#59345
1!
1"
#59350
0!
0"
1:
1$
15
00
0/
1.
1'
0&
1%
#59355
1!
1"
#59360
0!
0"
1:
03
0-
0,
1+
0*
1)
1(
0'
#59365
1!
1"
#59370
0!
0"
1:
05
02
10
1/
0.
0+
1*
0(
1&
0%
#59375
1!
1"
#59380
0!
0"
1:
0$
15
00
1.
1,
1+
0*
1%
#59385
1!
1"
#59390
0!
0"
1:
11
14
13
10
0,
1*
1(
1'
#59395
1!
1"
b11000110 6
#59400
0!
0"
1:
05
04
12
0.
1,
0'
#59405
1!
1"
b11000010 6
#59410
0!
0"
1:
1$
03
00
0/
1.
0*
0)
0(
1'
#59415
1!
1"
b1111011 6
#59420
0!
0"
1:
0$
01
02
0,
1)
1(
#59425
1!
1"
#59430
0!
0"
1:
11
13
10
1/
1-
0)
0(
0'
0%
#59435
1!
1"
b11000011 6
#59440
0!
0"
1:
1$
01
14
03
12
00
1,
0+
1)
1'
0&
1%
#59445
1!
1"
#59450
0!
0"
1:
0$
13
02
0)
1&
#59455
1!
1"
#59460
0!
0"
1:
1$
15
04
0/
0.
0-
1*
1)
0'
#59465
1!
1"
#59470
0!
0"
1:
0$
05
03
12
10
1.
1+
0*
0&
#59475
1!
1"
#59480
0!
0"
1:
1$
11
14
13
1/
0.
1-
0,
1*
1(
1'
#59485
1!
1"
b110100 6
#59490
0!
0"
1:
01
15
04
00
1.
0(
1&
0%
#59495
1!
1"
#59500
0!
0"
1:
0$
11
05
03
0.
1,
0)
0&
1%
#59505
1!
1"
b1111011 6
#59510
0!
0"
1:
15
13
10
0/
0,
0+
0*
1)
0'
1&
0%
#59515
1!
1"
b1101000 6
#59520
0!
0"
1:
1$
01
14
03
00
0-
1,
1*
0)
1(
1'
0&
1%
#59525
1!
1"
#59530
0!
0"
1:
0$
05
04
02
10
1/
1-
1+
0*
1)
0%
#59535
1!
1"
#59540
0!
0"
1:
11
15
00
0/
1.
0+
0(
1&
1%
#59545
1!
1"
b110110 6
#59550
0!
0"
1:
1$
10
0.
1+
1(
01
#59555
1!
1"
#59560
0!
0"
1:
0$
11
05
1/
0-
0,
1*
0'
0&
#59565
1!
1"
b11000 6
#59570
0!
0"
1:
1$
15
13
0*
0)
1'
#59575
1!
1"
b1010100 6
#59580
0!
0"
1:
01
03
12
0/
1.
1-
0+
1)
0'
1&
0%
#59585
1!
1"
#59590
0!
0"
1:
05
14
02
0-
0)
1'
1%
#59595
1!
1"
#59600
0!
0"
1:
15
13
1/
0.
1-
1*
0(
0'
0%
#59605
1!
1"
#59610
0!
0"
1:
00
0/
1.
0-
1,
0*
1)
1%
11
#59615
1!
1"
b11000110 6
#59620
0!
0"
1:
0$
01
05
10
1-
0,
1*
0&
#59625
1!
1"
#59630
0!
0"
1:
15
00
0.
1,
0*
1'
1&
0%
#59635
1!
1"
#59640
0!
0"
1:
05
12
10
1.
0,
1+
0)
1(
0'
#59645
1!
1"
#59650
0!
0"
1:
15
04
03
0-
1)
0&
#59655
1!
1"
#59660
0!
0"
1:
11
05
14
13
02
00
1/
1-
1,
0+
1*
1'
1%
#59665
1!
1"
b11101110 6
#59670
0!
0"
1:
01
15
04
10
0/
0.
0-
0,
1+
0*
0)
0'
1&
0%
#59675
1!
1"
#59680
0!
0"
1:
05
14
03
12
1/
1-
1,
1*
0(
0&
#59685
1!
1"
#59690
0!
0"
1:
11
15
13
00
1.
0-
0+
0*
1'
#59695
1!
1"
b101 6
#59700
0!
0"
1:
1$
04
02
10
0/
0.
1-
0,
1&
#59705
1!
1"
b10001101 6
#59710
0!
0"
1:
0$
05
12
1/
0-
1+
1*
0&
1%
#59715
1!
1"
b10010100 6
#59720
0!
0"
1:
1$
01
15
14
02
00
1.
0+
0*
0'
0%
#59725
1!
1"
#59730
0!
0"
1:
11
05
03
12
10
0/
1'
#59735
1!
1"
b10011110 6
#59740
0!
0"
1:
0$
02
1/
1+
1%
#59745
1!
1"
b101 6
#59750
0!
0"
1:
1$
01
13
12
0.
1-
0+
1*
1(
1&
0%
#59755
1!
1"
#59760
0!
0"
1:
0$
11
04
00
0/
0'
0&
#59765
1!
1"
b10010100 6
#59770
0!
0"
1:
1$
01
15
03
10
0-
1%
#59775
1!
1"
#59780
0!
0"
1:
0$
11
14
13
02
00
1,
1)
0(
1&
0%
#59785
1!
1"
b1001011 6
#59790
0!
0"
1:
1$
01
05
03
12
1-
0,
1+
0*
0&
1%
#59795
1!
1"
#59800
0!
0"
1:
11
15
13
02
0-
1,
0+
0)
1(
1&
#59805
1!
1"
#59810
0!
0"
1:
0$
01
05
04
12
1*
1)
0(
1'
#59815
1!
1"
#59820
0!
0"
1:
11
02
10
1/
1+
0*
0)
0&
0%
#59825
1!
1"
#59830
0!
0"
1:
14
12
00
0/
1.
1-
0,
1(
0'
#59835
1!
1"
b110100 6
#59840
0!
0"
1:
1$
03
0+
1*
0(
1&
1%
#59845
1!
1"
b10011110 6
#59850
0!
0"
1:
0$
01
15
13
1/
0.
0-
1,
1+
0*
1'
0&
0%
#59855
1!
1"
#59860
0!
0"
1:
1$
11
05
0/
1-
0,
0+
1*
1(
0'
#59865
1!
1"
b110100 6
#59870
0!
0"
1:
15
04
10
1/
1'
1&
#59875
1!
1"
b10000 6
#59880
0!
0"
1:
01
14
03
1.
0-
1+
0(
0'
#59885
1!
1"
#59890
0!
0"
1:
0$
13
02
00
0.
1,
0+
0*
1(
#59895
1!
1"
#59900
0!
0"
1:
11
05
03
1.
1-
0,
1+
1)
0&
1%
#59905
1!
1"
b101 6
#59910
0!
0"
1:
1$
01
13
12
0/
0.
0%
#59915
1!
1"
#59920
0!
0"
1:
15
04
03
02
10
1.
1,
0)
0(
1&
1%
#59925
1!
1"
#59930
0!
0"
1:
0$
11
13
1/
0-
0+
1*
1)
1(
#59935
1!
1"
b10001101 6
#59940
0!
0"
1:
14
03
12
0/
1-
0,
1+
0)
0&
#59945
1!
1"
b100011 6
#59950
0!
0"
1:
05
04
02
00
1/
0-
1,
1)
1'
0%
#59955
1!
1"
b110 6
#59960
0!
0"
1:
1$
12
0,
0+
0*
1&
1%
#59965
1!
1"
b10101000 6
#59970
0!
0"
1:
0$
01
13
10
0.
1-
1,
1*
0)
0%
#59975
1!
1"
#59980
0!
0"
1:
1$
15
14
0/
1.
0-
1+
0(
1%
#59985
1!
1"
#59990
0!
0"
1:
0$
05
04
03
02
0.
0+
0*
1)
1(
0'
0&
#59995
1!
1"
#60000
0!
0"
1:
11
14
13
0(
1'
#60005
1!
1"
b1001 6
#60010
0!
0"
1:
15
04
12
00
1/
1-
1(
1&
0%
#60015
1!
1"
b10000 6
#60020
0!
0"
1:
1$
01
14
03
0/
1+
1%
#60025
1!
1"
#60030
0!
0"
1:
11
05
13
02
1/
1.
0-
0,
1*
0)
0(
0'
0%
#60035
1!
1"
b1001 6
#60040
0!
0"
1:
0$
15
04
03
1(
1'
1%
#60045
1!
1"
b10101000 6
#60050
0!
0"
1:
01
14
0/
1-
1,
0+
0*
0&
#60055
1!
1"
#60060
0!
0"
1:
11
04
10
1/
0.
0-
1+
1*
1)
0'
#60065
1!
1"
#60070
0!
0"
1:
1$
0+
0*
0(
1'
0%
01
#60075
1!
1"
#60080
0!
0"
1:
05
14
13
0/
1-
1%
#60085
1!
1"
#60090
0!
0"
1:
15
00
1.
0-
1+
1(
0'
1&
#60095
1!
1"
#60100
0!
0"
1:
0$
11
05
04
03
0.
0,
0+
0(
1'
0&
#60105
1!
1"
b110 6
#60110
0!
0"
1:
1$
14
13
12
1-
1*
1(
0'
1&
0%
#60115
1!
1"
b1110101 6
#60120
0!
0"
1:
01
03
1/
1,
1+
0*
0(
1%
#60125
1!
1"
#60130
0!
0"
1:
0$
15
13
02
10
0/
1.
0-
1(
1'
0&
#60135
1!
1"
#60140
0!
0"
1:
1$
05
03
00
0.
0,
1*
0%
#60145
1!
1"
#60150
0!
0"
1:
0$
11
15
04
12
10
1-
1,
0+
0*
0(
1&
#60155
1!
1"
b1000001 6
#60160
0!
0"
1:
13
02
00
1.
0-
1*
0)
0'
0&
1%
#60165
1!
1"
b11001000 6
#60170
0!
0"
1:
1$
05
12
0.
0*
1(
1'
1&
0%
#60175
1!
1"
b10111010 6
#60180
0!
0"
1:
0$
10
1/
1.
1-
0,
1*
0&
01
#60185
1!
1"
#60190
0!
0"
1:
1$
15
03
00
0-
1+
0*
0'
#60195
1!
1"
#60200
0!
0"
1:
0.
1-
0+
1*
0(
1&
1%
11
#60205
1!
1"
b1000001 6
#60210
0!
0"
1:
0$
01
13
02
10
1)
1'
0&
0%
#60215
1!
1"
#60220
0!
0"
1:
1$
11
03
00
0-
0*
0)
0'
1&
#60225
1!
1"
b100110 6
#60230
0!
0"
1:
0$
01
05
13
12
10
1.
1-
1*
1)
1'
#60235
1!
1"
#60240
0!
0"
1:
15
03
02
0.
0-
1+
0*
0)
1(
0&
1%
#60245
1!
1"
#60250
0!
0"
1:
1$
05
14
13
00
1-
0+
1*
0(
0'
1&
0%
#60255
1!
1"
#60260
0!
0"
1:
0$
03
10
0-
1)
1'
0&
#60265
1!
1"
#60270
0!
0"
1:
1$
04
13
00
1.
1-
0*
0)
1&
1%
#60275
1!
1"
#60280
0!
0"
1:
11
03
0.
0-
1*
0'
0&
#60285
1!
1"
b110 6
#60290
0!
0"
1:
0$
15
14
12
10
0/
1.
1)
1'
1&
#60295
1!
1"
b100011 6
#60300
0!
0"
1:
13
02
00
0.
1,
1+
1(
#60305
1!
1"
b10000 6
#60310
0!
0"
1:
12
10
1/
1.
0+
0*
0(
0%
#60315
1!
1"
b10111000 6
#60320
0!
0"
1:
0/
0.
1-
0,
1+
0)
1(
0'
1%
#60325
1!
1"
#60330
0!
0"
1:
1$
01
02
1/
1.
1,
0+
1)
0&
#60335
1!
1"
#60340
0!
0"
1:
0$
04
03
00
0/
0.
0,
1'
1&
0%
#60345
1!
1"
#60350
0!
0"
1:
05
12
10
1/
1.
0-
1,
1+
1*
0&
1%
#60355
1!
1"
#60360
0!
0"
1:
14
02
00
0.
0+
0*
0(
0'
1&
#60365
1!
1"
#60370
0!
0"
1:
1$
15
13
0/
1-
0)
1(
0%
#60375
1!
1"
#60380
0!
0"
1:
11
03
12
10
0-
1*
0(
#60385
1!
1"
b100011 6
#60390
0!
0"
1:
0$
1/
1.
1-
1+
0*
1)
1'
0&
01
#60395
1!
1"
#60400
0!
0"
1:
11
13
00
0.
0-
0+
0)
1(
1&
#60405
1!
1"
b10111000 6
#60410
0!
0"
1:
05
04
03
0/
1.
1-
0,
1+
1)
0(
0&
#60415
1!
1"
b1000010 6
#60420
0!
0"
1:
14
13
10
0-
0+
0)
0'
1&
1%
#60425
1!
1"
b1110 6
#60430
0!
0"
1:
04
00
1-
1,
1(
1'
0%
#60435
1!
1"
b1001010 6
#60440
0!
0"
1:
1$
15
03
02
10
0.
0-
0,
1*
0'
#60445
1!
1"
b100110 6
#60450
0!
0"
1:
05
12
00
1/
1.
1,
1+
1)
0(
1'
0&
1%
#60455
1!
1"
b1000010 6
#60460
0!
0"
1:
01
15
14
02
0+
1(
0'
1&
0%
#60465
1!
1"
#60470
0!
0"
1:
0$
04
13
12
0.
1-
0,
1+
0&
#60475
1!
1"
#60480
0!
0"
1:
11
05
14
0/
1.
0-
0+
0*
0(
1'
1%
#60485
1!
1"
b1110 6
#60490
0!
0"
1:
1$
01
15
04
03
02
10
0.
1,
1+
1*
0)
0'
0%
#60495
1!
1"
#60500
0!
0"
1:
0$
14
1/
1.
0*
1)
1&
#60505
1!
1"
#60510
0!
0"
1:
11
04
00
0/
1-
0,
0+
1'
0&
#60515
1!
1"
b100110 6
#60520
0!
0"
1:
14
10
1/
1,
#60525
1!
1"
b11100000 6
#60530
0!
0"
1:
1$
05
13
00
0.
0,
1*
1(
1&
1%
#60535
1!
1"
b1001 6
#60540
0!
0"
1:
0$
04
12
10
0/
1+
0*
0(
#60545
1!
1"
b1001010 6
#60550
0!
0"
1:
01
15
03
02
1/
1,
0)
0%
#60555
1!
1"
#60560
0!
0"
1:
0/
0-
0+
1%
#60565
1!
1"
#60570
0!
0"
1:
14
13
12
00
1/
0,
1*
1(
0'
0%
#60575
1!
1"
#60580
0!
0"
1:
0/
1,
1)
0&
1%
#60585
1!
1"
#60590
0!
0"
1:
04
03
02
1/
1.
1-
1+
0*
0(
1'
1&
0%
#60595
1!
1"
#60600
0!
0"
1:
14
0.
0&
#60605
1!
1"
#60610
0!
0"
1:
11
05
13
12
0/
0+
1*
0)
#60615
1!
1"
b1110 6
#60620
0!
0"
1:
15
04
03
1)
0'
#60625
1!
1"
b10011111 6
#60630
0!
0"
1:
1$
13
02
10
1.
0-
0,
1&
1%
#60635
1!
1"
b11010110 6
#60640
0!
0"
1:
0$
14
03
00
1-
1,
1+
0)
1(
0%
#60645
1!
1"
b11100000 6
#60650
0!
0"
1:
01
04
13
1/
0.
0+
0&
#60655
1!
1"
#60660
0!
0"
1:
11
05
03
12
1.
0-
0(
#60665
1!
1"
b1000010 6
#60670
0!
0"
1:
14
02
1-
0,
1)
1(
1&
1%
#60675
1!
1"
b10010011 6
#60680
0!
0"
1:
1$
01
04
0/
0.
0*
1'
0&
0%
#60685
1!
1"
#60690
0!
0"
1:
11
13
10
1.
0-
1,
1*
0)
0(
1&
1%
#60695
1!
1"
b1010001 6
#60700
0!
0"
1:
0$
15
14
03
00
0.
1+
0*
1)
0%
#60705
1!
1"
b10001000 6
#60710
0!
0"
1:
01
04
1.
1-
0+
0)
#60715
1!
1"
#60720
0!
0"
1:
05
13
12
10
0,
1+
1)
1(
0'
#60725
1!
1"
#60730
0!
0"
1:
1$
03
00
0-
1,
0+
0)
#60735
1!
1"
#60740
0!
0"
1:
10
0.
0,
0(
1'
0&
11
#60745
1!
1"
b1000010 6
#60750
0!
0"
1:
01
14
1/
1.
1-
1%
#60755
1!
1"
#60760
0!
0"
1:
11
15
00
0/
0-
1,
1+
1*
1)
0'
1&
#60765
1!
1"
b100011 6
#60770
0!
0"
1:
01
05
04
1/
0,
0)
1'
#60775
1!
1"
#60780
0!
0"
1:
11
15
14
13
02
10
0/
1,
0*
1)
1(
0'
0&
0%
#60785
1!
1"
b10000 6
#60790
0!
0"
1:
0$
01
05
12
00
0+
1*
0)
1'
1&
#60795
1!
1"
#60800
0!
0"
1:
11
15
04
02
1/
1-
0,
0*
1)
0&
1%
#60805
1!
1"
b10100 6
#60810
0!
0"
1:
01
03
12
0/
0.
0-
1*
0)
#60815
1!
1"
#60820
0!
0"
1:
11
02
10
1+
1)
0'
1&
0%
#60825
1!
1"
b10110101 6
#60830
0!
0"
1:
12
00
1.
1-
0+
0(
0&
1%
#60835
1!
1"
b10011111 6
#60840
0!
0"
1:
14
02
10
0-
1,
1+
0*
1(
1'
1&
#60845
1!
1"
b10001000 6
#60850
0!
0"
1:
05
04
13
00
0.
1-
0%
#60855
1!
1"
b1010001 6
#60860
0!
0"
1:
1$
01
15
14
0-
0,
0&
#60865
1!
1"
#60870
0!
0"
1:
0$
11
05
04
03
12
1.
1,
0)
1&
#60875
1!
1"
b1000010 6
#60880
0!
0"
1:
1$
14
13
1/
0.
1-
0,
0+
0(
0'
0&
1%
#60885
1!
1"
b1100110 6
#60890
0!
0"
1:
0$
15
02
0-
1*
#60895
1!
1"
b10000 6
#60900
0!
0"
1:
04
03
12
0/
1.
1,
0*
1(
1&
0%
#60905
1!
1"
b10011111 6
#60910
0!
0"
1:
1$
1/
0,
1)
0(
1'
0&
1%
#60915
1!
1"
#60920
0!
0"
1:
10
0/
0.
1-
1,
1*
0)
1&
01
#60925
1!
1"
#60930
0!
0"
1:
0$
14
02
1.
0-
0*
0'
0%
#60935
1!
1"
#60940
0!
0"
1:
1$
00
0.
1+
1)
1(
1'
1%
11
#60945
1!
1"
b10100000 6
#60950
0!
0"
1:
01
05
04
12
10
1.
0,
0+
0%
#60955
1!
1"
#60960
0!
0"
1:
0$
15
14
02
0.
1-
1,
1+
1*
0)
0(
0&
#60965
1!
1"
#60970
0!
0"
1:
1$
13
12
00
1/
1.
0,
0+
0*
0'
#60975
1!
1"
#60980
0!
0"
1:
0$
04
10
0/
1*
1'
1&
1%
#60985
1!
1"
#60990
0!
0"
1:
1$
05
02
0.
0-
1+
1)
1(
0%
#60995
1!
1"
#61000
0!
0"
1:
0$
11
15
14
00
1/
0+
0*
0'
0&
1%
#61005
1!
1"
b11100001 6
#61010
0!
0"
1:
1$
01
04
03
1-
1+
1*
1&
#61015
1!
1"
#61020
0!
0"
1:
11
05
13
12
0/
0-
0*
1'
#61025
1!
1"
b11110100 6
#61030
0!
0"
1:
15
1/
1.
1-
1,
0+
0(
0'
0&
#61035
1!
1"
b11101010 6
#61040
0!
0"
1:
0$
01
05
14
03
02
0/
0.
1+
0)
1(
1'
1&
#61045
1!
1"
#61050
0!
0"
1:
11
15
13
10
1.
0-
0+
1*
0(
0'
0&
0%
#61055
1!
1"
b11100001 6
#61060
0!
0"
1:
1$
01
05
12
00
0.
1'
1%
#61065
1!
1"
#61070
0!
0"
1:
04
1/
1-
1+
1)
1(
0'
0%
#61075
1!
1"
#61080
0!
0"
1:
0$
15
14
02
0/
1.
0(
1'
1%
#61085
1!
1"
#61090
0!
0"
1:
11
12
0*
0)
0'
#61095
1!
1"
b10100000 6
#61100
0!
0"
1:
01
05
04
03
1/
0.
0-
0%
#61105
1!
1"
#61110
0!
0"
1:
1$
15
14
13
02
1-
0,
0+
1(
1&
#61115
1!
1"
#61120
0!
0"
1:
0$
05
04
03
12
10
0-
1,
1+
1*
1)
0(
1'
#61125
1!
1"
#61130
0!
0"
1:
11
13
02
00
0/
0,
0+
0'
#61135
1!
1"
b1010001 6
#61140
0!
0"
1:
15
14
12
1/
1-
1,
1+
0)
0&
1%
#61145
1!
1"
b10100000 6
#61150
0!
0"
1:
1$
01
05
04
10
0-
0,
0+
0*
1(
1'
0%
#61155
1!
1"
#61160
0!
0"
1:
03
00
0/
1.
1-
1,
1+
0(
#61165
1!
1"
#61170
0!
0"
1:
0$
11
15
13
02
10
0.
0,
1*
1)
0'
#61175
1!
1"
b1010 6
#61180
0!
0"
1:
1$
01
03
12
1/
0-
1,
0)
1'
1%
#61185
1!
1"
#61190
0!
0"
1:
0$
11
14
0/
0,
0+
0*
0'
0%
#61195
1!
1"
b100011 6
#61200
0!
0"
1:
1$
01
05
04
1/
1-
1+
1*
1%
#61205
1!
1"
#61210
0!
0"
1:
0$
15
13
00
1.
1)
1&
0%
#61215
1!
1"
#61220
0!
0"
1:
1$
11
14
03
02
10
0/
0.
0-
0+
1'
#61225
1!
1"
b11 6
#61230
0!
0"
1:
0$
05
04
1/
1.
1,
1+
1(
0'
#61235
1!
1"
b1110 6
#61240
0!
0"
1:
14
13
12
00
0/
0*
0)
0&
#61245
1!
1"
b1011001 6
#61250
0!
0"
1:
1$
01
15
04
03
02
1/
0.
0,
0(
1'
1&
#61255
1!
1"
#61260
0!
0"
1:
05
14
13
10
0/
1.
1-
1,
1)
1(
0&
#61265
1!
1"
#61270
0!
0"
1:
0$
11
12
1/
0.
0-
0,
0)
0(
0'
1&
#61275
1!
1"
#61280
0!
0"
1:
01
03
0/
1-
1)
1(
0&
#61285
1!
1"
#61290
0!
0"
1:
1$
11
15
13
00
1.
0-
1,
0+
0(
1&
#61295
1!
1"
b10100000 6
#61300
0!
0"
1:
0$
03
02
1/
1-
1+
1*
1(
#61305
1!
1"
b10111101 6
#61310
0!
0"
1:
13
12
10
0/
0+
0*
1'
0&
1%
#61315
1!
1"
b10100000 6
#61320
0!
0"
1:
1$
05
04
03
0-
1+
#61325
1!
1"
b1101011 6
#61330
0!
0"
1:
01
15
13
1/
0.
0,
1*
0(
1&
#61335
1!
1"
#61340
0!
0"
1:
0$
11
05
14
02
00
0+
0*
0)
1(
0&
#61345
1!
1"
b100010 6
#61350
0!
0"
1:
01
15
04
03
12
10
0/
1*
1)
0'
#61355
1!
1"
#61360
0!
0"
1:
1$
00
1/
1-
1,
0)
1'
11
#61365
1!
1"
b10011111 6
#61370
0!
0"
1:
0$
01
05
02
10
0/
1.
0,
1+
0*
0(
1&
#61375
1!
1"
#61380
0!
0"
1:
1$
11
13
12
00
1/
0.
1(
#61385
1!
1"
b11110100 6
#61390
0!
0"
1:
0$
15
14
03
02
10
0/
1.
0-
0(
0'
0&
0%
#61395
1!
1"
b10111101 6
#61400
0!
0"
1:
1$
01
12
00
1/
0.
1-
0+
1)
1(
1&
#61405
1!
1"
#61410
0!
0"
1:
13
02
0/
0-
1+
1*
0(
1'
#61415
1!
1"
#61420
0!
0"
1:
03
10
1/
1,
0+
0*
0)
0'
1%
#61425
1!
1"
#61430
0!
0"
1:
11
05
13
12
0,
0&
#61435
1!
1"
b11100011 6
#61440
0!
0"
1:
0$
00
1.
1-
1'
1&
0%
#61445
1!
1"
#61450
0!
0"
1:
01
15
04
03
02
10
1,
1+
1)
0&
#61455
1!
1"
#61460
0!
0"
1:
05
13
12
0/
0-
0+
1*
0'
1&
1%
#61465
1!
1"
#61470
0!
0"
1:
15
14
02
00
1/
1+
0)
1'
0&
#61475
1!
1"
#61480
0!
0"
1:
05
04
03
0/
0+
1(
0%
#61485
1!
1"
#61490
0!
0"
1:
1$
11
14
13
12
10
1/
1-
0,
1+
0*
1)
0(
0'
1&
#61495
1!
1"
#61500
0!
0"
1:
01
03
00
0/
0)
1(
1'
1%
#61505
1!
1"
#61510
0!
0"
1:
02
10
1/
0.
1*
0'
0%
#61515
1!
1"
#61520
0!
0"
1:
11
04
13
0/
1.
1,
0+
0*
1)
0(
0&
#61525
1!
1"
b10101111 6
#61530
0!
0"
1:
14
12
00
0-
0,
1*
0)
1(
#61535
1!
1"
b11100011 6
#61540
0!
0"
1:
0$
01
15
04
03
10
1/
0.
1,
1+
0(
#61545
1!
1"
#61550
0!
0"
1:
1$
13
02
00
0/
1-
0+
1(
1%
#61555
1!
1"
#61560
0!
0"
1:
0$
03
10
0-
1)
1'
1&
0%
#61565
1!
1"
#61570
0!
0"
1:
11
12
00
1/
1-
0'
1%
#61575
1!
1"
b1011000 6
#61580
0!
0"
1:
14
0/
1.
1+
1'
#61585
1!
1"
b1011010 6
#61590
0!
0"
1:
1/
0.
0-
0+
0*
0)
0'
01
#61595
1!
1"
#61600
0!
0"
1:
05
13
02
10
1.
0,
0(
0&
0%
#61605
1!
1"
#61610
0!
0"
1:
0/
0.
1-
1+
1*
1)
11
#61615
1!
1"
b11100000 6
#61620
0!
0"
1:
15
03
12
1/
1.
1,
0+
0*
1&
#61625
1!
1"
b1011010 6
#61630
0!
0"
1:
01
13
02
0.
1+
1'
0&
#61635
1!
1"
#61640
0!
0"
1:
1$
11
05
04
00
1.
1*
1(
0'
1&
1%
#61645
1!
1"
b10101111 6
#61650
0!
0"
1:
15
14
0/
0.
0,
0+
0)
0%
#61655
1!
1"
b11100001 6
#61660
0!
0"
1:
0$
01
04
03
12
10
1/
1.
0-
1,
1+
0*
1'
1%
#61665
1!
1"
#61670
0!
0"
1:
1$
11
14
13
02
00
0,
1)
0(
0'
0&
#61675
1!
1"
#61680
0!
0"
1:
01
04
03
12
0/
0.
1,
1*
1(
1'
1&
#61685
1!
1"
#61690
0!
0"
1:
05
14
1/
1.
0+
#61695
1!
1"
#61700
0!
0"
1:
15
04
13
02
10
0/
1-
0,
0*
0)
0'
0%
#61705
1!
1"
#61710
0!
0"
1:
11
05
14
12
1,
1*
1)
1'
#61715
1!
1"
b11100011 6
#61720
0!
0"
1:
0$
15
04
02
1/
0-
0*
#61725
1!
1"
b1101 6
#61730
0!
0"
1:
05
14
1*
0)
0(
0'
0&
1%
#61735
1!
1"
b11100000 6
#61740
0!
0"
1:
04
12
1-
1)
1(
1'
0%
#61745
1!
1"
b10011 6
#61750
0!
0"
1:
1$
02
00
0.
0-
1+
0)
0'
#61755
1!
1"
b10101111 6
#61760
0!
0"
1:
15
14
03
0,
0+
0*
1)
0(
1'
1&
#61765
1!
1"
b10111101 6
#61770
0!
0"
1:
01
05
13
10
0/
1-
1,
0)
1(
0'
#61775
1!
1"
#61780
0!
0"
1:
0$
03
12
0-
0,
1+
1)
1%
#61785
1!
1"
#61790
0!
0"
1:
1$
04
13
00
1/
1-
1,
0+
1*
0)
0(
0&
#61795
1!
1"
#61800
0!
0"
1:
0$
11
15
0/
1.
0*
0%
#61805
1!
1"
b11111110 6
#61810
0!
0"
1:
01
14
02
1/
0-
0,
1+
1*
1)
1(
1%
#61815
1!
1"
#61820
0!
0"
1:
11
05
03
0/
0+
0)
0(
1'
#61825
1!
1"
b111100 6
#61830
0!
0"
1:
1$
01
12
1/
0.
1-
1,
1)
0'
#61835
1!
1"
#61840
0!
0"
1:
0$
11
15
04
02
1.
0)
1(
1&
0%
#61845
1!
1"
b1110010 6
#61850
0!
0"
1:
1$
01
05
14
12
10
0/
0.
0-
1+
1)
0(
0&
#61855
1!
1"
#61860
0!
0"
1:
0$
11
15
13
00
1.
0,
0)
1'
#61865
1!
1"
b11010110 6
#61870
0!
0"
1:
1$
01
05
04
1/
0.
1-
1,
0*
1&
#61875
1!
1"
#61880
0!
0"
1:
0$
11
03
02
10
0/
0-
0&
1%
#61885
1!
1"
b11110001 6
#61890
0!
0"
1:
1$
15
1-
0,
1*
1)
1(
0'
1&
#61895
1!
1"
b1110010 6
#61900
0!
0"
1:
13
1/
1.
1,
0+
0*
0)
0(
0%
#61905
1!
1"
b11001 6
#61910
0!
0"
1:
05
14
03
0/
0.
0,
1+
1(
1'
0&
#61915
1!
1"
b111100 6
#61920
0!
0"
1:
0$
15
13
1/
0-
1,
0+
1*
1)
1&
1%
#61925
1!
1"
b11011101 6
#61930
0!
0"
1:
01
05
03
12
1.
1-
0*
0&
#61935
1!
1"
#61940
0!
0"
1:
1$
04
02
00
0.
0-
0)
0(
1&
#61945
1!
1"
#61950
0!
0"
1:
11
15
0/
1+
1*
1)
0%
#61955
1!
1"
b1110010 6
#61960
0!
0"
1:
01
14
1/
1.
1(
1%
#61965
1!
1"
#61970
0!
0"
1:
0$
13
0/
1-
0,
0*
0(
0&
#61975
1!
1"
#61980
0!
0"
1:
1$
11
05
04
03
12
1/
0.
1*
0%
#61985
1!
1"
b11011010 6
#61990
0!
0"
1:
0$
14
13
10
1.
0-
0*
1(
1&
#61995
1!
1"
b10010 6
#62000
0!
0"
1:
1$
01
03
02
00
0/
0.
0)
0(
1%
#62005
1!
1"
#62010
0!
0"
1:
11
15
04
12
10
1.
1-
0'
0&
#62015
1!
1"
b1011000 6
#62020
0!
0"
1:
01
05
14
13
0.
0-
1(
#62025
1!
1"
#62030
0!
0"
1:
11
04
00
1.
0+
1&
0%
#62035
1!
1"
b10011 6
#62040
0!
0"
1:
14
03
1-
0(
0&
1%
#62045
1!
1"
b1110011 6
#62050
0!
0"
1:
01
15
02
10
1/
0-
1+
1'
1&
#62055
1!
1"
#62060
0!
0"
1:
0$
04
13
00
1*
1)
0'
#62065
1!
1"
#62070
0!
0"
1:
14
03
12
1-
0&
0%
#62075
1!
1"
#62080
0!
0"
1:
1$
04
13
02
0/
1,
0)
1'
1&
1%
#62085
1!
1"
#62090
0!
0"
1:
12
10
1/
0-
0+
0*
1)
0'
#62095
1!
1"
#62100
0!
0"
1:
05
03
00
0/
0,
1*
0)
1'
0&
0%
#62105
1!
1"
#62110
0!
0"
1:
13
02
10
1/
1-
1,
1+
1(
0'
1%
#62115
1!
1"
#62120
0!
0"
1:
11
15
03
12
00
0.
0-
0,
1)
0(
1'
#62125
1!
1"
b1111111 6
#62130
0!
0"
1:
0$
02
10
1.
1,
0*
1(
#62135
1!
1"
b1110010 6
#62140
0!
0"
1:
01
05
00
0/
1-
0+
0(
#62145
1!
1"
#62150
0!
0"
1:
15
14
12
1/
0.
0-
0,
1+
1*
0)
0%
#62155
1!
1"
#62160
0!
0"
1:
1$
04
13
1.
0+
0*
1)
1&
#62165
1!
1"
#62170
0!
0"
1:
0$
11
05
14
03
1-
1+
0)
1(
0'
0&
1%
#62175
1!
1"
b11100010 6
#62180
0!
0"
1:
01
04
13
02
10
0/
0.
1,
0(
1'
0%
#62185
1!
1"
#62190
0!
0"
1:
15
12
1.
0+
1*
1)
1%
#62195
1!
1"
#62200
0!
0"
1:
11
05
14
03
1/
0-
1+
0*
#62205
1!
1"
#62210
0!
0"
1:
01
15
00
1-
1*
0)
0%
#62215
1!
1"
#62220
0!
0"
1:
05
04
13
0+
1&
1%
#62225
1!
1"
#62230
0!
0"
1:
03
10
0.
0,
1)
0%
#62235
1!
1"
#62240
0!
0"
1:
1$
15
14
13
00
1.
0-
1,
0*
#62245
1!
1"
#62250
0!
0"
1:
0/
0.
1+
1*
0)
1(
0'
0&
1%
11
#62255
1!
1"
b11110110 6
#62260
0!
0"
1:
0$
01
05
04
03
10
1.
1-
0,
0*
1)
1&
#62265
1!
1"
#62270
0!
0"
1:
11
14
13
00
0.
1*
0(
#62275
1!
1"
b1111100 6
#62280
0!
0"
1:
1$
01
03
1.
0-
1,
0+
0*
0)
1(
1'
0%
#62285
1!
1"
#62290
0!
0"
1:
11
15
04
13
0.
0,
0&
#62295
1!
1"
b11101001 6
#62300
0!
0"
1:
0$
01
03
02
1.
1+
1*
1)
0(
1&
#62305
1!
1"
#62310
0!
0"
1:
11
05
14
13
1-
1,
0*
1(
#62315
1!
1"
b10010110 6
#62320
0!
0"
1:
1$
01
15
0-
0+
1*
0)
0&
#62325
1!
1"
#62330
0!
0"
1:
0$
11
05
04
03
12
10
1/
0.
1+
0*
1)
0'
#62335
1!
1"
b1100 6
#62340
0!
0"
1:
1$
01
14
13
00
0,
0+
0(
1'
1&
#62345
1!
1"
#62350
0!
0"
1:
0$
11
04
03
0/
1-
1,
1(
1%
#62355
1!
1"
#62360
0!
0"
1:
01
15
13
10
1/
0,
1+
1*
0(
0'
0&
#62365
1!
1"
#62370
0!
0"
1:
1$
11
02
00
1.
0-
0+
0*
1(
1'
0%
#62375
1!
1"
b100 6
#62380
0!
0"
1:
10
0/
1,
1+
1*
1%
#62385
1!
1"
#62390
0!
0"
1:
0$
05
14
03
12
00
1/
0,
0+
0*
0)
0(
0%
#62395
1!
1"
b11100010 6
#62400
0!
0"
1:
01
15
13
02
10
1,
1+
1)
1&
1%
#62405
1!
1"
#62410
0!
0"
1:
1$
11
05
04
12
0/
1*
0)
1(
0%
#62415
1!
1"
b10010111 6
#62420
0!
0"
1:
0$
14
00
0.
0,
0+
1)
0&
1%
#62425
1!
1"
b1111100 6
#62430
0!
0"
1:
1.
1,
1+
0*
0(
0'
#62435
1!
1"
#62440
0!
0"
1:
01
15
03
02
10
1/
0,
0)
1(
#62445
1!
1"
#62450
0!
0"
1:
1$
0.
1-
1,
0+
0(
11
#62455
1!
1"
b10000110 6
#62460
0!
0"
1:
01
05
04
13
00
1.
1+
1)
1(
1'
#62465
1!
1"
#62470
0!
0"
1:
0$
14
12
10
0/
0,
0(
0%
#62475
1!
1"
#62480
0!
0"
1:
1$
15
03
00
1/
0.
0-
1*
1(
1&
#62485
1!
1"
#62490
0!
0"
1:
10
1,
0+
0*
0)
0(
0&
1%
#62495
1!
1"
#62500
0!
0"
1:
0$
05
04
02
0/
1-
1*
1)
1(
0'
1&
#62505
1!
1"
#62510
0!
0"
1:
1$
14
1.
0-
0,
1+
0*
0)
1'
0%
#62515
1!
1"
#62520
0!
0"
1:
15
13
1/
0.
1-
1,
0+
1*
1)
1%
#62525
1!
1"
#62530
0!
0"
1:
0$
0/
1.
0-
0,
1+
0*
0)
0(
0&
0%
11
#62535
1!
1"
b100101 6
#62540
0!
0"
1:
04
00
0.
1-
1)
0'
1&
1%
#62545
1!
1"
b100 6
#62550
0!
0"
1:
1$
10
1*
1(
1'
0&
0%
#62555
1!
1"
#62560
0!
0"
1:
01
05
03
00
1/
1.
0-
1,
0(
1&
#62565
1!
1"
#62570
0!
0"
1:
0$
11
15
14
1-
0+
0*
1(
0'
0&
#62575
1!
1"
b11101001 6
#62580
0!
0"
1:
1$
01
05
04
13
10
0/
0(
1&
#62585
1!
1"
#62590
0!
0"
1:
15
14
03
12
00
0-
0,
1*
0)
1(
1'
#62595
1!
1"
#62600
0!
0"
1:
0$
11
05
13
02
10
1/
0*
#62605
1!
1"
b11110110 6
#62610
0!
0"
1:
15
04
12
00
0/
0.
1-
1*
0(
0'
1%
#62615
1!
1"
b11101001 6
#62620
0!
0"
1:
01
02
10
0-
1(
1'
0%
#62625
1!
1"
#62630
0!
0"
1:
05
12
00
1/
1.
1+
1)
0'
#62635
1!
1"
#62640
0!
0"
1:
11
15
14
03
0.
1'
0&
#62645
1!
1"
b10111110 6
#62650
0!
0"
1:
1$
01
13
02
0*
0)
0(
1&
#62655
1!
1"
#62660
0!
0"
1:
0$
11
04
03
10
0/
1-
1,
1*
1)
1(
1%
#62665
1!
1"
b1110010 6
#62670
0!
0"
1:
1$
05
13
12
1/
1.
0)
0(
#62675
1!
1"
b10010111 6
#62680
0!
0"
1:
0$
14
03
00
0/
0.
0-
0'
#62685
1!
1"
b10011 6
#62690
0!
0"
1:
02
1.
1-
0,
1(
1'
#62695
1!
1"
b1000100 6
#62700
0!
0"
1:
15
13
10
1/
1,
0+
0*
0(
0%
#62705
1!
1"
#62710
0!
0"
1:
1$
01
05
03
12
00
0/
0-
1)
1(
0'
0&
#62715
1!
1"
#62720
0!
0"
1:
0$
11
15
04
0.
1&
#62725
1!
1"
b1110000 6
#62730
0!
0"
1:
1$
05
14
02
10
1-
1*
0(
1'
0&
1%
#62735
1!
1"
b1000100 6
#62740
0!
0"
1:
01
15
13
12
1/
0-
0,
0*
0)
1&
#62745
1!
1"
#62750
0!
0"
1:
11
05
04
03
02
1.
1-
1*
0%
#62755
1!
1"
b11110001 6
#62760
0!
0"
1:
0$
14
0.
0-
1,
1+
0'
0&
#62765
1!
1"
b1000100 6
#62770
0!
0"
1:
04
13
12
0/
1-
0+
0*
1)
1(
1&
#62775
1!
1"
b10010111 6
#62780
0!
0"
1:
1$
14
00
1.
0,
1*
0(
#62785
1!
1"
b11 6
#62790
0!
0"
1:
01
15
10
0)
1'
#62795
1!
1"
#62800
0!
0"
1:
0$
04
00
1/
0-
1,
1+
1)
1(
0'
#62805
1!
1"
#62810
0!
0"
1:
14
10
0/
0+
1'
#62815
1!
1"
#62820
0!
0"
1:
1/
0.
0,
1+
0(
0'
0&
#62825
1!
1"
#62830
0!
0"
1:
1$
04
00
1-
1,
0+
0)
1(
1%
#62835
1!
1"
#62840
0!
0"
1:
02
10
0/
1.
0,
1+
0*
1)
0(
1&
0%
#62845
1!
1"
#62850
0!
0"
1:
0$
11
05
14
03
12
0-
0+
1*
0)
1(
0&
1%
#62855
1!
1"
b11011001 6
#62860
0!
0"
1:
1$
01
13
00
1-
0(
1'
#62865
1!
1"
#62870
0!
0"
1:
10
1/
0.
0-
0'
1&
0%
11
#62875
1!
1"
b11 6
#62880
0!
0"
1:
15
02
0/
1.
1,
1+
0*
1(
0&
1%
#62885
1!
1"
b1000100 6
#62890
0!
0"
1:
0$
01
05
12
1-
0,
0+
1)
0(
1&
#62895
1!
1"
#62900
0!
0"
1:
1$
11
04
00
0.
1,
0&
0%
#62905
1!
1"
b10010111 6
#62910
0!
0"
1:
0$
03
02
10
1/
1.
0,
1*
1'
1&
1%
#62915
1!
1"
b10011000 6
#62920
0!
0"
1:
15
12
00
1,
0*
1(
0%
#62925
1!
1"
b110101 6
#62930
0!
0"
1:
05
14
13
02
10
0.
0-
0,
1+
1*
0)
#62935
1!
1"
b1001101 6
#62940
0!
0"
1:
1$
12
0+
0'
0&
#62945
1!
1"
b11 6
#62950
0!
0"
1:
0$
04
02
00
1+
1)
0(
1'
1%
#62955
1!
1"
b1000011 6
#62960
0!
0"
1:
1$
03
12
10
0/
1.
0)
1(
0'
1&
#62965
1!
1"
b11011 6
#62970
0!
0"
1:
0$
01
15
14
1-
1,
0+
0*
0&
0%
#62975
1!
1"
#62980
0!
0"
1:
1$
11
02
00
1/
0-
0,
1)
1&
#62985
1!
1"
b11101001 6
#62990
0!
0"
1:
04
13
12
0/
0.
1-
1*
0)
1'
0&
1%
#62995
1!
1"
b1100101 6
#63000
0!
0"
1:
0$
05
14
02
10
1/
1+
0*
1)
0'
#63005
1!
1"
b1001101 6
#63010
0!
0"
1:
03
00
0/
1,
0+
0)
0%
#63015
1!
1"
b1000100 6
#63020
0!
0"
1:
1$
10
1/
0-
1+
1)
1'
1&
1%
#63025
1!
1"
#63030
0!
0"
1:
01
15
04
13
12
00
1.
0,
0)
0(
0&
0%
#63035
1!
1"
#63040
0!
0"
1:
11
14
10
0/
1&
1%
#63045
1!
1"
b10110011 6
#63050
0!
0"
1:
01
04
03
1/
0.
1,
0+
1*
1)
0'
0&
#63055
1!
1"
#63060
0!
0"
1:
0$
11
13
02
0/
1.
1+
1(
1'
0%
#63065
1!
1"
b10000110 6
#63070
0!
0"
1:
05
12
0)
#63075
1!
1"
b10010111 6
#63080
0!
0"
1:
14
1/
0.
0*
0(
0'
1&
#63085
1!
1"
b100101 6
#63090
0!
0"
1:
03
0/
1.
1-
0,
0+
1)
#63095
1!
1"
b1001100 6
#63100
0!
0"
1:
15
13
00
0.
0-
1(
1'
0&
1%
#63105
1!
1"
b10110011 6
#63110
0!
0"
1:
1$
01
05
04
02
1/
1.
1-
1*
0)
0'
0%
#63115
1!
1"
#63120
0!
0"
1:
15
10
0.
0-
1+
0*
1&
1%
#63125
1!
1"
#63130
0!
0"
1:
0/
1,
1*
1'
0&
11
#63135
1!
1"
b10000110 6
#63140
0!
0"
1:
0$
1.
0,
0*
0'
0%
#63145
1!
1"
#63150
0!
0"
1:
1$
01
14
00
0.
1-
0+
0(
1'
1&
#63155
1!
1"
#63160
0!
0"
1:
0$
11
05
12
10
1.
1+
0'
0&
#63165
1!
1"
b100101 6
#63170
0!
0"
1:
15
00
1/
0-
1,
0+
1*
1)
#63175
1!
1"
b10110011 6
#63180
0!
0"
1:
1$
05
03
10
0/
0.
0,
0*
1(
1%
#63185
1!
1"
b1001100 6
#63190
0!
0"
1:
0$
04
13
02
00
1,
1+
1*
0)
0(
1&
#63195
1!
1"
b1000011 6
#63200
0!
0"
1:
1$
15
14
12
10
1/
1.
1-
0&
#63205
1!
1"
b10110011 6
#63210
0!
0"
1:
0$
01
03
00
0.
0+
0*
1(
1&
0%
#63215
1!
1"
#63220
0!
0"
1:
11
05
04
13
02
0/
0,
1*
1'
0&
1%
#63225
1!
1"
b1000011 6
#63230
0!
0"
1:
14
10
1.
1+
0*
1)
0(
0'
1&
#63235
1!
1"
b1000 6
#63240
0!
0"
1:
15
00
0-
1,
0+
1*
0)
0&
#63245
1!
1"
b1000100 6
#63250
0!
0"
1:
01
05
0,
1+
0*
0%
#63255
1!
1"
#63260
0!
0"
1:
1$
15
04
03
12
1/
0.
1,
1*
1(
1&
1%
#63265
1!
1"
#63270
0!
0"
1:
0$
11
05
10
0/
1-
0*
1)
#63275
1!
1"
b1111111 6
#63280
0!
0"
1:
15
02
1.
0+
0)
0(
0&
#63285
1!
1"
b1001110 6
#63290
0!
0"
1:
1$
01
14
13
12
0.
1*
1(
1'
#63295
1!
1"
#63300
0!
0"
1:
03
00
1/
0-
0,
1+
0*
0'
1&
#63305
1!
1"
#63310
0!
0"
1:
11
13
1.
1-
0+
1*
1)
0%
#63315
1!
1"
b10110011 6
#63320
0!
0"
1:
0$
04
02
10
0-
0*
0)
1%
#63325
1!
1"
b11001110 6
#63330
0!
0"
1:
12
1,
1+
1'
0%
#63335
1!
1"
b100010 6
#63340
0!
0"
1:
1$
03
00
0/
0+
1*
0(
0&
1%
#63345
1!
1"
b10000001 6
#63350
0!
0"
1:
01
05
13
1-
0,
1)
1(
0'
1&
#63355
1!
1"
#63360
0!
0"
1:
0$
11
14
03
10
1/
0.
1+
0*
0)
0(
1'
#63365
1!
1"
b1010100 6
#63370
0!
0"
1:
1$
15
13
0/
0-
1,
1*
1)
1(
0'
0%
#63375
1!
1"
b10110011 6
#63380
0!
0"
1:
04
02
1.
0+
0(
1'
0&
#63385
1!
1"
b11110001 6
#63390
0!
0"
1:
0$
01
03
00
0.
1+
0)
1%
#63395
1!
1"
#63400
0!
0"
1:
1$
05
13
1-
0,
0'
1&
0%
#63405
1!
1"
#63410
0!
0"
1:
0$
15
14
1.
0-
0+
0*
1)
0&
#63415
1!
1"
#63420
0!
0"
1:
11
03
10
1/
0.
1-
1,
1*
0)
#63425
1!
1"
b11101001 6
#63430
0!
0"
1:
01
05
13
12
1.
0-
0,
0*
1)
1%
#63435
1!
1"
#63440
0!
0"
1:
1$
00
0/
1+
0)
1(
1'
1&
0%
#63445
1!
1"
#63450
0!
0"
1:
0$
11
03
10
0.
1,
1)
0(
0'
0&
#63455
1!
1"
b1010100 6
#63460
0!
0"
1:
01
04
13
02
00
1/
1.
1-
0,
1*
0)
1&
#63465
1!
1"
#63470
0!
0"
1:
1$
14
10
0/
0.
0+
0*
1)
0&
#63475
1!
1"
#63480
0!
0"
1:
0$
11
03
12
1/
1.
1,
1+
1*
1'
1%
#63485
1!
1"
#63490
0!
0"
1:
1$
04
13
00
0.
0-
0,
0*
0)
1(
1&
#63495
1!
1"
b10010111 6
#63500
0!
0"
1:
0$
14
02
0/
1.
1-
1,
0+
1*
0'
0&
#63505
1!
1"
b1000 6
#63510
0!
0"
1:
15
04
03
1/
0-
1+
0%
#63515
1!
1"
b1001110 6
#63520
0!
0"
1:
1$
05
14
1-
0+
1)
1%
#63525
1!
1"
b11010101 6
#63530
0!
0"
1:
15
13
0/
0,
0*
0(
1'
#63535
1!
1"
b100100 6
#63540
0!
0"
1:
05
03
10
0.
1,
1+
#63545
1!
1"
b11010101 6
#63550
0!
0"
1:
0$
15
04
13
00
1.
0-
1*
0'
1&
#63555
1!
1"
b11110001 6
#63560
0!
0"
1:
10
0,
0)
1'
0&
0%
01
#63565
1!
1"
#63570
0!
0"
1:
11
05
14
03
00
1-
0+
1)
1%
#63575
1!
1"
b11010101 6
#63580
0!
0"
1:
1$
01
15
13
12
0-
0)
1(
#63585
1!
1"
#63590
0!
0"
1:
05
04
02
10
0.
1-
1+
0*
0'
1&
#63595
1!
1"
#63600
0!
0"
1:
0$
11
15
03
12
0-
1,
0+
1*
1)
0(
0&
#63605
1!
1"
b11011110 6
#63610
0!
0"
1:
1$
01
02
00
1/
1-
0*
1'
#63615
1!
1"
#63620
0!
0"
1:
0$
11
12
10
0/
1.
0-
0,
1+
0)
0'
1&
#63625
1!
1"
#63630
0!
0"
1:
1$
05
14
02
0+
0&
#63635
1!
1"
b11010101 6
#63640
0!
0"
1:
13
12
00
0.
1-
1+
1)
1&
0%
#63645
1!
1"
b100101 6
#63650
0!
0"
1:
01
04
10
1/
1.
0-
0+
0)
0&
#63655
1!
1"
#63660
0!
0"
1:
11
15
14
03
0/
0.
1-
1+
1*
1)
1(
1'
#63665
1!
1"
b1000100 6
#63670
0!
0"
1:
0$
05
04
02
1/
1.
0+
0(
#63675
1!
1"
b111 6
#63680
0!
0"
1:
01
15
14
13
12
00
0/
0.
0-
0*
0)
1(
1&
1%
#63685
1!
1"
#63690
0!
0"
1:
11
04
03
02
1-
1,
1+
1*
0(
0'
0%
#63695
1!
1"
b1001110 6
#63700
0!
0"
1:
1$
14
13
12
1/
1.
0,
0+
0*
1)
1(
1%
#63705
1!
1"
b100010 6
#63710
0!
0"
1:
0$
03
02
10
0/
0-
1,
1*
0(
0&
0%
#63715
1!
1"
b11101001 6
#63720
0!
0"
1:
05
12
00
0.
0*
1&
1%
#63725
1!
1"
b10011010 6
#63730
0!
0"
1:
1$
01
15
04
13
02
1-
0,
1*
0)
1(
0%
#63735
1!
1"
#63740
0!
0"
1:
0$
11
14
03
1.
1+
1)
0(
1%
#63745
1!
1"
b11101001 6
#63750
0!
0"
1:
01
05
12
1,
0)
1(
0%
#63755
1!
1"
#63760
0!
0"
1:
11
15
04
13
02
10
1/
0,
0+
0*
0(
#63765
1!
1"
b1001000 6
#63770
0!
0"
1:
1$
05
14
03
12
00
0/
0-
1,
1+
1(
#63775
1!
1"
b10011010 6
#63780
0!
0"
1:
01
15
13
02
10
1/
0.
0+
1*
0(
#63785
1!
1"
#63790
0!
0"
1:
03
00
1.
1+
0*
1'
#63795
1!
1"
#63800
0!
0"
1:
05
04
13
10
1-
1(
0'
0&
1%
#63805
1!
1"
#63810
0!
0"
1:
15
14
03
12
00
0/
0.
0+
0%
#63815
1!
1"
#63820
0!
0"
1:
13
1.
1+
1'
#63825
1!
1"
#63830
0!
0"
1:
11
04
03
1/
0.
0-
0,
1*
0(
#63835
1!
1"
b111111 6
#63840
0!
0"
1:
01
13
02
0/
1.
1,
0*
1)
1&
#63845
1!
1"
#63850
0!
0"
1:
03
1-
0,
1(
0'
#63855
1!
1"
#63860
0!
0"
1:
11
13
12
0.
0-
1*
1'
0&
1%
#63865
1!
1"
b10001110 6
#63870
0!
0"
1:
0$
03
10
1-
0(
0'
1&
#63875
1!
1"
b111111 6
#63880
0!
0"
1:
1$
01
05
14
02
00
1.
0)
1(
#63885
1!
1"
#63890
0!
0"
1:
0$
11
15
10
1/
1,
0*
1)
0(
1'
0%
#63895
1!
1"
b111100 6
#63900
0!
0"
1:
1$
01
04
13
12
00
0/
0.
0-
0+
0)
1(
1%
#63905
1!
1"
#63910
0!
0"
1:
14
03
1/
1.
0,
1+
0(
0'
#63915
1!
1"
#63920
0!
0"
1:
05
13
02
10
1-
1,
1*
0&
0%
#63925
1!
1"
#63930
0!
0"
1:
11
03
0.
0-
0,
0*
1'
#63935
1!
1"
b1100010 6
#63940
0!
0"
1:
0$
15
04
00
1,
0+
1)
1(
0'
#63945
1!
1"
b11000 6
#63950
0!
0"
1:
1$
14
12
0/
1.
1-
0,
1+
1*
1&
1%
#63955
1!
1"
b11100000 6
#63960
0!
0"
1:
01
04
13
02
1/
0.
0-
0)
0&
#63965
1!
1"
#63970
0!
0"
1:
05
14
1,
0+
1)
0(
0%
#63975
1!
1"
#63980
0!
0"
1:
0$
11
04
03
10
1.
0,
0*
0)
1'
1&
1%
#63985
1!
1"
b11010010 6
#63990
0!
0"
1:
1$
15
13
12
00
#63995
1!
1"
b11101100 6
#64000
0!
0"
1:
0$
03
10
0/
1-
1*
1)
1(
0'
0&
0%
#64005
1!
1"
b1100010 6
#64010
0!
0"
1:
01
05
14
13
02
1/
0.
0-
0(
1'
#64015
1!
1"
#64020
0!
0"
1:
11
15
12
00
1.
1-
1+
1&
#64025
1!
1"
b10000 6
#64030
0!
0"
1:
05
1,
0+
0*
0)
0'
0&
#64035
1!
1"
b110 6
#64040
0!
0"
1:
1$
15
04
02
0/
0.
1)
1'
1&
1%
#64045
1!
1"
b10101100 6
#64050
0!
0"
1:
0$
01
03
1/
1.
0-
1*
#64055
1!
1"
#64060
0!
0"
1:
0/
0,
0*
1(
0'
11
#64065
1!
1"
b11000 6
#64070
0!
0"
1:
01
05
14
12
10
1/
0.
1-
1,
1+
1*
0%
#64075
1!
1"
#64080
0!
0"
1:
0+
0)
#64085
1!
1"
#64090
0!
0"
1:
11
15
02
00
0/
1.
0-
1+
0*
1%
#64095
1!
1"
b111100 6
#64100
0!
0"
1:
1$
1/
0.
0(
1'
0%
#64105
1!
1"
#64110
0!
0"
1:
01
05
04
12
1.
1-
0,
0+
1*
0&
1%
#64115
1!
1"
#64120
0!
0"
1:
0$
0.
1,
1)
1(
1&
11
#64125
1!
1"
b101 6
#64130
0!
0"
1:
1$
02
0/
0-
0,
0*
0)
0'
#64135
1!
1"
b11010010 6
#64140
0!
0"
1:
0$
14
12
10
1/
1-
1*
0(
1'
0&
#64145
1!
1"
b1001110 6
#64150
0!
0"
1:
1$
01
04
13
02
0/
0-
1,
1)
0%
#64155
1!
1"
#64160
0!
0"
1:
14
12
00
1.
0)
1%
#64165
1!
1"
#64170
0!
0"
1:
0$
15
04
03
02
1/
0.
1-
1+
1)
#64175
1!
1"
#64180
0!
0"
1:
1$
10
0/
0+
0)
0'
#64185
1!
1"
#64190
0!
0"
1:
0$
11
14
13
12
1/
0-
0,
0*
1)
1'
#64195
1!
1"
b10000 6
#64200
0!
0"
1:
1$
03
1.
1,
1+
1*
0)
1(
0%
#64205
1!
1"
b11100000 6
#64210
0!
0"
1:
0$
01
04
13
02
0/
0.
1-
0(
#64215
1!
1"
#64220
0!
0"
1:
05
14
1/
0-
0+
1)
1(
1%
#64225
1!
1"
#64230
0!
0"
1:
1$
11
15
04
0,
1+
0*
1&
0%
#64235
1!
1"
b10101100 6
#64240
0!
0"
1:
05
03
12
00
0/
1.
1,
0)
0(
0&
1%
#64245
1!
1"
b1011001 6
#64250
0!
0"
1:
0$
14
13
02
10
1/
0.
0,
0+
1)
0'
1&
#64255
1!
1"
b110010 6
#64260
0!
0"
1:
04
00
1.
1-
1+
1(
1'
0&
0%
#64265
1!
1"
b1010011 6
#64270
0!
0"
1:
1$
15
14
03
0.
0+
0)
#64275
1!
1"
b1110111 6
#64280
0!
0"
1:
13
10
1.
0-
1,
1*
#64285
1!
1"
b10100011 6
#64290
0!
0"
1:
01
05
03
00
0/
0.
0,
1+
1)
0(
0'
1&
#64295
1!
1"
#64300
0!
0"
1:
0$
15
10
1-
1,
0&
1%
#64305
1!
1"
#64310
0!
0"
1:
1$
00
1.
0-
0*
1(
1&
#64315
1!
1"
#64320
0!
0"
1:
13
12
10
1/
1-
0+
0&
#64325
1!
1"
#64330
0!
0"
1:
0$
11
04
03
02
00
0-
0)
1'
#64335
1!
1"
b11000 6
#64340
0!
0"
1:
12
0.
1-
1+
1*
1)
0(
0%
#64345
1!
1"
b10011111 6
#64350
0!
0"
1:
1$
01
05
14
10
0/
1.
0)
1(
1&
#64355
1!
1"
#64360
0!
0"
1:
04
02
00
0.
0-
1)
0(
0&
#64365
1!
1"
#64370
0!
0"
1:
1/
1.
0+
0*
0)
1&
1%
11
#64375
1!
1"
b11010010 6
#64380
0!
0"
1:
01
15
10
0/
0,
1*
1)
#64385
1!
1"
#64390
0!
0"
1:
11
14
13
1/
1,
1(
0'
0%
#64395
1!
1"
b1111101 6
#64400
0!
0"
1:
0$
04
03
12
0/
0.
0)
0&
1%
#64405
1!
1"
b10011111 6
#64410
0!
0"
1:
14
0,
1)
0(
1'
0%
#64415
1!
1"
b11100000 6
#64420
0!
0"
1:
1$
01
04
02
00
1-
1,
1+
1(
0'
#64425
1!
1"
#64430
0!
0"
1:
0$
11
14
12
0-
0)
1%
#64435
1!
1"
#64440
0!
0"
1:
01
13
10
1-
0(
1'
1&
#64445
1!
1"
#64450
0!
0"
1:
04
02
00
1/
1.
0+
0*
1)
#64455
1!
1"
#64460
0!
0"
1:
1$
11
14
0/
0-
0,
0)
1(
0'
0%
#64465
1!
1"
b1111101 6
#64470
0!
0"
1:
0$
05
1/
1-
1,
1*
0(
1'
0&
1%
#64475
1!
1"
b110010 6
#64480
0!
0"
1:
15
0/
0.
0-
0,
1+
#64485
1!
1"
b1111101 6
#64490
0!
0"
1:
1$
04
12
10
1/
0+
0*
1)
#64495
1!
1"
b10110100 6
#64500
0!
0"
1:
0$
01
14
0/
1.
1-
1,
1*
0)
1(
0'
0%
#64505
1!
1"
#64510
0!
0"
1:
11
05
04
02
00
1+
0(
1%
#64515
1!
1"
b11100000 6
#64520
0!
0"
1:
01
12
1/
0,
0+
1&
0%
#64525
1!
1"
#64530
0!
0"
1:
11
03
02
10
0.
1+
0*
1)
1(
0&
#64535
1!
1"
b11010010 6
#64540
0!
0"
1:
01
15
13
12
00
0/
1*
0)
0(
1&
1%
#64545
1!
1"
#64550
0!
0"
1:
1$
11
05
1/
0-
1,
0&
#64555
1!
1"
b100110 6
#64560
0!
0"
1:
0$
01
15
03
0/
1.
0*
1)
1&
#64565
1!
1"
#64570
0!
0"
1:
13
10
0.
1-
0,
0+
1*
1(
0%
#64575
1!
1"
#64580
0!
0"
1:
1$
05
03
02
1.
1,
1'
1%
#64585
1!
1"
#64590
0!
0"
1:
14
13
12
00
1/
0,
1+
0)
0%
#64595
1!
1"
#64600
0!
0"
1:
0$
11
04
03
0/
0*
0(
0&
#64605
1!
1"
b1110010 6
#64610
0!
0"
1:
01
14
02
10
1/
1,
1)
1(
1&
#64615
1!
1"
#64620
0!
0"
1:
11
13
12
00
0.
0-
0,
0(
0&
1%
#64625
1!
1"
b11000101 6
#64630
0!
0"
1:
1$
01
02
1.
1-
0+
0)
1(
0'
0%
#64635
1!
1"
#64640
0!
0"
1:
12
10
0/
0.
0-
1,
1+
0(
1'
1%
#64645
1!
1"
#64650
0!
0"
1:
0$
15
04
02
00
1.
1-
0+
1(
#64655
1!
1"
#64660
0!
0"
1:
05
10
0-
0,
1)
0'
0%
#64665
1!
1"
#64670
0!
0"
1:
15
00
1/
1-
1,
0)
0(
1'
1&
#64675
1!
1"
#64680
0!
0"
1:
1$
10
0/
0.
1+
0&
1%
#64685
1!
1"
#64690
0!
0"
1:
1.
0-
0+
1*
1)
1(
0'
1&
0%
#64695
1!
1"
#64700
0!
0"
1:
0$
11
14
03
12
00
0.
0,
0)
0(
1'
#64705
1!
1"
b11100000 6
#64710
0!
0"
1:
01
13
02
1/
1.
1-
1,
1+
0&
#64715
1!
1"
#64720
0!
0"
1:
1$
04
03
12
0.
0,
0*
1(
1&
#64725
1!
1"
#64730
0!
0"
1:
11
02
1.
0-
0+
1*
0(
0'
#64735
1!
1"
b1110 6
#64740
0!
0"
1:
01
05
1-
0*
1)
1(
0&
#64745
1!
1"
#64750
0!
0"
1:
0$
15
12
10
0.
0-
0)
1%
#64755
1!
1"
#64760
0!
0"
1:
1$
14
1*
#64765
1!
1"
#64770
0!
0"
1:
0$
11
05
04
13
1.
0*
#64775
1!
1"
b100110 6
#64780
0!
0"
1:
01
15
03
00
0.
1*
1)
0(
1'
1&
#64785
1!
1"
#64790
0!
0"
1:
05
14
13
02
10
1.
1,
1+
0*
0)
0'
0&
0%
#64795
1!
1"
#64800
0!
0"
1:
11
15
04
0.
1-
0,
1'
1&
1%
#64805
1!
1"
b11010101 6
#64810
0!
0"
1:
01
14
12
00
0/
1.
1)
1(
0%
#64815
1!
1"
#64820
0!
0"
1:
1$
11
05
02
10
1*
0)
0(
0'
#64825
1!
1"
b110010 6
#64830
0!
0"
1:
0$
01
04
03
00
1/
0-
1,
0+
0*
0&
#64835
1!
1"
#64840
0!
0"
1:
1$
11
15
14
12
10
0.
1+
1)
1'
1&
1%
#64845
1!
1"
b11100000 6
#64850
0!
0"
1:
01
05
04
02
0,
1*
0)
1(
0'
0&
0%
#64855
1!
1"
#64860
0!
0"
1:
13
0/
1.
1,
0+
0*
0(
1&
1%
#64865
1!
1"
#64870
0!
0"
1:
11
15
14
12
00
0,
1+
1)
1(
0%
#64875
1!
1"
b11011101 6
#64880
0!
0"
1:
03
02
0.
1-
1,
0)
1'
1%
#64885
1!
1"
b1010111 6
#64890
0!
0"
1:
0$
10
1.
0+
1*
1)
0(
0&
0%
01
#64895
1!
1"
#64900
0!
0"
1:
11
04
12
00
1/
0-
0,
1+
0*
0'
1%
#64905
1!
1"
b1000011 6
#64910
0!
0"
1:
1$
14
13
02
10
0/
1-
1,
0)
1'
1&
#64915
1!
1"
b101010 6
#64920
0!
0"
1:
0$
01
05
0,
1)
0'
0&
#64925
1!
1"
#64930
0!
0"
1:
1$
15
04
12
00
1/
0.
1(
1'
#64935
1!
1"
#64940
0!
0"
1:
11
03
10
1.
0-
0)
1&
#64945
1!
1"
b1000011 6
#64950
0!
0"
1:
0$
01
05
14
13
02
1)
0'
#64955
1!
1"
#64960
0!
0"
1:
11
15
00
1*
0)
0(
#64965
1!
1"
b101010 6
#64970
0!
0"
1:
1$
05
04
12
0/
0.
1-
1,
0+
1)
0%
#64975
1!
1"
b10101 6
#64980
0!
0"
1:
01
15
03
1/
1+
0*
1'
1%
#64985
1!
1"
#64990
0!
0"
1:
13
02
0/
1.
0-
0,
1*
0)
0'
0&
0%
#64995
1!
1"
#65000
0!
0"
1:
0$
11
05
03
12
10
0.
1,
0+
1)
1'
#65005
1!
1"
b1110010 6
#65010
0!
0"
1:
1$
01
13
1.
0,
1+
0)
1(
0'
#65015
1!
1"
#65020
0!
0"
1:
0$
11
03
02
1,
0+
1)
1'
1%
#65025
1!
1"
b1100100 6
#65030
0!
0"
1:
1$
01
15
13
12
00
0,
1+
0)
1&
#65035
1!
1"
#65040
0!
0"
1:
05
14
03
10
1/
0.
1,
0+
0*
1)
0&
#65045
1!
1"
#65050
0!
0"
1:
15
04
13
02
0/
0,
1+
0)
0'
1&
0%
#65055
1!
1"
#65060
0!
0"
1:
0$
05
12
1.
1-
0+
1)
0&
#65065
1!
1"
#65070
0!
0"
1:
11
14
02
1/
0.
0-
1+
0(
#65075
1!
1"
b110010 6
#65080
0!
0"
1:
15
12
0/
1,
0+
1(
1'
1&
1%
#65085
1!
1"
b1100100 6
#65090
0!
0"
1:
1$
04
02
1.
1-
1+
1*
0(
0'
0&
0%
#65095
1!
1"
b100001 6
#65100
0!
0"
1:
14
0-
0,
0+
0)
1'
1&
1%
#65105
1!
1"
b101010 6
#65110
0!
0"
1:
05
00
0.
1-
0*
1)
#65115
1!
1"
b110010 6
#65120
0!
0"
1:
04
03
12
10
1/
1.
1+
0)
1(
0&
0%
#65125
1!
1"
b1110010 6
#65130
0!
0"
1:
0$
01
14
13
02
00
0/
0.
1,
0+
1&
1%
#65135
1!
1"
#65140
0!
0"
1:
12
10
1/
1.
0-
0,
1+
1*
0(
0'
0&
0%
#65145
1!
1"
#65150
0!
0"
1:
03
00
0/
0.
1-
1,
0+
0*
1(
1'
1%
#65155
1!
1"
#65160
0!
0"
1:
11
04
13
10
1.
0-
0,
1+
0'
0%
#65165
1!
1"
b10101 6
#65170
0!
0"
1:
01
15
14
03
00
1-
0+
1*
1%
#65175
1!
1"
#65180
0!
0"
1:
1$
11
04
02
1/
0.
0-
1+
0(
0%
#65185
1!
1"
b1100101 6
#65190
0!
0"
1:
0$
05
13
12
10
0/
1.
1-
1,
0+
0*
1(
1'
1%
#65195
1!
1"
b10101 6
#65200
0!
0"
1:
1$
00
0.
0,
1+
1*
0%
#65205
1!
1"
#65210
0!
0"
1:
0$
01
14
1.
0-
1,
0+
0*
1)
0(
0'
1&
#65215
1!
1"
#65220
0!
0"
1:
1$
04
02
10
1/
0.
0,
1(
1'
1%
#65225
1!
1"
#65230
0!
0"
1:
0$
11
03
12
00
1-
1,
1+
1*
0)
0(
0'
0&
#65235
1!
1"
b1110010 6
#65240
0!
0"
1:
1$
01
02
10
0/
1.
0,
1)
1(
1'
1&
#65245
1!
1"
#65250
0!
0"
1:
0$
11
14
12
1/
0*
0&
0%
#65255
1!
1"
b111001 6
#65260
0!
0"
1:
1$
01
04
13
02
0.
1,
0+
1*
0(
#65265
1!
1"
#65270
0!
0"
1:
15
12
0/
1.
0,
1+
0'
1&
1%
#65275
1!
1"
#65280
0!
0"
1:
11
05
14
03
02
0-
1,
0)
0&
#65285
1!
1"
b11011011 6
#65290
0!
0"
1:
0$
01
12
00
0.
0,
0+
0*
1)
1'
1&
0%
#65295
1!
1"
#65300
0!
0"
1:
15
02
10
1/
1,
1+
0'
0&
1%
#65305
1!
1"
#65310
0!
0"
1:
04
12
1-
0,
0+
1*
0%
#65315
1!
1"
#65320
0!
0"
1:
1.
0-
1+
1(
11
#65325
1!
1"
b1000011 6
#65330
0!
0"
1:
05
14
02
0/
1-
1,
0+
0*
0(
1'
1&
#65335
1!
1"
b11011011 6
#65340
0!
0"
1:
1$
15
04
12
00
0.
0-
0)
0&
#65345
1!
1"
b1000011 6
#65350
0!
0"
1:
05
14
13
02
10
1/
1.
1(
0'
#65355
1!
1"
b110010 6
#65360
0!
0"
1:
0$
01
15
03
00
0/
0,
1&
1%
#65365
1!
1"
#65370
0!
0"
1:
04
13
12
0.
1,
1+
1*
0(
#65375
1!
1"
#65380
0!
0"
1:
1$
11
05
03
1-
0,
0+
0*
1)
0%
#65385
1!
1"
b1110101 6
#65390
0!
0"
1:
0$
14
13
1/
1.
0-
1'
0&
1%
#65395
1!
1"
b10001000 6
#65400
0!
0"
1:
1$
01
15
03
02
10
1-
0)
1(
#65405
1!
1"
#65410
0!
0"
1:
05
13
12
00
0/
0.
1,
1*
1)
0(
0'
#65415
1!
1"
#65420
0!
0"
1:
0$
11
04
02
10
1/
0-
0,
1+
0*
1(
1'
1&
#65425
1!
1"
#65430
0!
0"
1:
1$
01
14
1-
1,
0+
0)
0(
0&
0%
#65435
1!
1"
#65440
0!
0"
1:
0$
11
04
03
12
00
0/
1(
0'
#65445
1!
1"
b11011000 6
#65450
0!
0"
1:
01
14
02
0-
1+
1*
1)
0(
1&
#65455
1!
1"
#65460
0!
0"
1:
1$
04
12
10
1/
1.
0*
1(
0&
#65465
1!
1"
#65470
0!
0"
1:
0$
00
0/
0.
1-
0,
1&
1%
11
#65475
1!
1"
#65480
0!
0"
1:
1$
15
10
1.
0-
0)
0&
0%
#65485
1!
1"
b1000011 6
#65490
0!
0"
1:
01
13
00
1*
0(
1%
#65495
1!
1"
#65500
0!
0"
1:
0$
11
05
02
0.
0*
1)
1(
0%
#65505
1!
1"
b10001000 6
#65510
0!
0"
1:
15
14
1/
1,
1*
0)
1&
#65515
1!
1"
b101010 6
#65520
0!
0"
1:
1$
01
03
12
0/
0*
1)
0(
1'
#65525
1!
1"
#65530
0!
0"
1:
10
0+
1*
1(
0'
1%
#65535
1!
1"
#65540
0!
0"
1:
11
05
04
13
02
00
1/
1-
0,
1+
0(
1'
0&
#65545
1!
1"
b10001000 6
#65550
0!
0"
1:
0$
01
15
03
12
1.
0*
0)
0'
1&
0%
#65555
1!
1"
#65560
0!
0"
1:
1$
11
05
14
13
02
0/
0.
1,
0+
#65565
1!
1"
b10110000 6
#65570
0!
0"
1:
0$
01
04
1/
1.
0,
1+
1(
#65575
1!
1"
#65580
0!
0"
1:
10
0/
1'
0&
11
#65585
1!
1"
b11000 6
#65590
0!
0"
1:
01
14
03
00
0-
1,
0+
0'
1&
#65595
1!
1"
#65600
0!
0"
1:
1$
11
04
13
0.
1-
0,
1*
0(
1'
0&
#65605
1!
1"
#65610
0!
0"
1:
0$
01
15
10
1.
1)
1(
0'
1&
#65615
1!
1"
#65620
0!
0"
1:
1$
14
03
12
00
1/
0.
1,
1+
0)
0&
#65625
1!
1"
#65630
0!
0"
1:
05
04
02
1.
0+
0*
0(
1'
1&
#65635
1!
1"
#65640
0!
0"
1:
13
12
10
0.
1+
1*
1)
0'
#65645
1!
1"
#65650
0!
0"
1:
0$
11
14
03
02
00
0/
1.
0*
1(
1'
#65655
1!
1"
b1001000 6
#65660
0!
0"
1:
01
15
04
10
0.
0-
0,
0+
1*
0)
0'
0&
#65665
1!
1"
#65670
0!
0"
1:
1$
05
13
1/
1-
1)
0(
1'
1%
#65675
1!
1"
#65680
0!
0"
1:
11
03
1+
0)
1(
0'
1&
#65685
1!
1"
b1100010 6
#65690
0!
0"
1:
01
14
13
1.
0+
0(
1'
0&
#65695
1!
1"
#65700
0!
0"
1:
0$
03
00
0.
0-
0*
1(
0'
1&
0%
#65705
1!
1"
#65710
0!
0"
1:
1$
12
10
1.
1-
1,
1+
1*
1)
0(
1'
0&
#65715
1!
1"
#65720
0!
0"
1:
13
02
0+
0)
0'
1&
1%
#65725
1!
1"
#65730
0!
0"
1:
15
03
12
00
0.
0,
1+
1)
#65735
1!
1"
#65740
0!
0"
1:
0$
11
05
13
0/
1.
1,
0*
0)
1'
#65745
1!
1"
b10001000 6
#65750
0!
0"
1:
02
10
0.
0-
1*
0'
0%
#65755
1!
1"
b11110 6
#65760
0!
0"
1:
01
04
03
12
1/
1-
0,
0+
0*
0&
1%
#65765
1!
1"
#65770
0!
0"
1:
1$
14
13
02
00
0/
1,
1*
1)
1(
1&
#65775
1!
1"
#65780
0!
0"
1:
0$
15
04
03
0,
1+
#65785
1!
1"
#65790
0!
0"
1:
11
14
0+
0)
0&
#65795
1!
1"
b1101000 6
#65800
0!
0"
1:
1$
01
04
13
10
1/
1,
0*
1)
1'
0%
#65805
1!
1"
#65810
0!
0"
1:
11
05
03
12
00
1.
0-
1+
1*
0)
0(
1&
1%
#65815
1!
1"
b1100100 6
#65820
0!
0"
1:
0$
01
13
0*
1(
0&
#65825
1!
1"
#65830
0!
0"
1:
15
03
1-
0+
1*
0(
0'
#65835
1!
1"
#65840
0!
0"
1:
1$
05
14
13
0.
0-
0*
1(
1'
0%
#65845
1!
1"
#65850
0!
0"
1:
11
15
03
02
10
1-
1+
1&
1%
#65855
1!
1"
b10010 6
#65860
0!
0"
1:
0$
05
13
12
0/
0-
0,
0(
0&
#65865
1!
1"
b1110110 6
#65870
0!
0"
1:
1$
15
04
1/
1.
1-
0+
1)
1(
0%
#65875
1!
1"
b11011000 6
#65880
0!
0"
1:
01
03
00
0/
0.
0-
1+
1*
0(
0'
1%
#65885
1!
1"
#65890
0!
0"
1:
0$
05
02
1.
1-
1,
0)
1(
1'
0%
#65895
1!
1"
#65900
0!
0"
1:
1$
15
13
0-
0+
0*
0(
0'
#65905
1!
1"
#65910
0!
0"
1:
0.
1)
1(
11
#65915
1!
1"
b100001 6
#65920
0!
0"
1:
0$
12
10
1.
1+
1*
1%
#65925
1!
1"
b11011000 6
#65930
0!
0"
1:
01
03
00
1/
0.
1-
0,
0+
0(
1'
1&
#65935
1!
1"
#65940
0!
0"
1:
11
05
02
10
1.
1+
0)
0'
0&
#65945
1!
1"
b10100 6
#65950
0!
0"
1:
1$
15
14
12
00
0/
0.
0-
1,
0+
0*
1)
1(
0%
#65955
1!
1"
b1111 6
#65960
0!
0"
1:
0$
02
10
1/
1&
#65965
1!
1"
b10001111 6
#65970
0!
0"
1:
01
04
12
0/
1.
0)
1'
#65975
1!
1"
#65980
0!
0"
1:
1$
05
00
1/
0.
0,
1*
0&
1%
#65985
1!
1"
#65990
0!
0"
1:
15
14
02
1.
1+
0(
0%
#65995
1!
1"
#66000
0!
0"
1:
0$
05
13
10
0.
0*
1)
1(
1%
#66005
1!
1"
#66010
0!
0"
1:
1$
15
04
03
12
0/
1,
0+
1*
0)
0%
#66015
1!
1"
#66020
0!
0"
1:
0$
11
05
13
02
00
1/
1.
0,
1+
0*
1)
0(
1&
#66025
1!
1"
b11111011 6
#66030
0!
0"
1:
15
12
0/
0+
1*
0'
#66035
1!
1"
b11011000 6
#66040
0!
0"
1:
1$
01
14
10
1/
0.
1,
0&
#66045
1!
1"
#66050
0!
0"
1:
0$
11
05
00
1+
1(
1'
1%
#66055
1!
1"
b1110110 6
#66060
0!
0"
1:
1$
01
15
03
02
1.
0,
0)
0'
0%
#66065
1!
1"
#66070
0!
0"
1:
04
12
0/
0.
1'
1%
#66075
1!
1"
#66080
0!
0"
1:
05
14
13
02
1/
1.
0+
0*
1)
0'
1&
#66085
1!
1"
#66090
0!
0"
1:
0$
11
04
0/
0.
1-
1,
1+
1*
0)
0(
0&
#66095
1!
1"
b11111011 6
#66100
0!
0"
1:
1$
01
15
14
12
1/
1.
0-
0+
1)
0%
#66105
1!
1"
#66110
0!
0"
1:
11
04
03
02
10
0/
0.
1+
0*
0)
1'
1&
1%
#66115
1!
1"
b1100110 6
#66120
0!
0"
1:
01
05
14
13
12
00
1.
0,
0+
1*
0'
0&
#66125
1!
1"
#66130
0!
0"
1:
15
04
03
10
1,
1+
1)
1(
#66135
1!
1"
#66140
0!
0"
1:
0$
11
13
02
0.
0,
0+
0*
1&
0%
#66145
1!
1"
b100001 6
#66150
0!
0"
1:
14
12
00
1/
1,
1*
1'
#66155
1!
1"
b111011 6
#66160
0!
0"
1:
04
03
02
0,
1+
0(
0'
#66165
1!
1"
b1100110 6
#66170
0!
0"
1:
1$
10
1,
0+
0*
1(
1'
0&
1%
#66175
1!
1"
#66180
0!
0"
1:
01
05
13
00
1.
1+
0)
0(
0'
0%
#66185
1!
1"
#66190
0!
0"
1:
0$
15
14
12
0/
0.
1-
0,
0+
1)
1(
1'
#66195
1!
1"
#66200
0!
0"
1:
05
04
02
1.
0-
1,
1+
1*
0'
1&
#66205
1!
1"
#66210
0!
0"
1:
1$
15
03
10
1-
0+
0(
1'
0&
1%
#66215
1!
1"
#66220
0!
0"
1:
11
05
14
13
12
0-
0,
1+
0'
#66225
1!
1"
b110001 6
#66230
0!
0"
1:
0$
01
15
04
03
1/
1-
1,
0+
0*
0)
1(
1'
0%
#66235
1!
1"
#66240
0!
0"
1:
1$
02
0/
0.
0-
1+
0(
0'
1&
#66245
1!
1"
#66250
0!
0"
1:
05
14
12
1/
1-
0,
0+
1*
1)
1%
#66255
1!
1"
#66260
0!
0"
1:
04
13
00
0*
1(
1'
0&
#66265
1!
1"
#66270
0!
0"
1:
14
03
02
10
1.
1*
0)
0'
#66275
1!
1"
#66280
0!
0"
1:
0$
11
15
04
13
00
0.
1,
0*
1)
1'
1&
0%
#66285
1!
1"
b100001 6
#66290
0!
0"
1:
1$
01
03
1.
0-
1+
1*
0&
#66295
1!
1"
#66300
0!
0"
1:
0$
11
14
0*
0(
1&
#66305
1!
1"
b11110110 6
#66310
0!
0"
1:
1$
05
04
10
1-
0+
1(
0&
#66315
1!
1"
b110110 6
#66320
0!
0"
1:
0$
15
14
13
12
0/
0-
0)
0(
#66325
1!
1"
b111011 6
#66330
0!
0"
1:
1$
03
02
00
1(
0'
1&
1%
#66335
1!
1"
b10011111 6
#66340
0!
0"
1:
01
05
10
1/
0.
0,
1+
1*
0(
1'
0%
#66345
1!
1"
#66350
0!
0"
1:
11
12
00
0/
1-
1,
0*
1)
0&
1%
#66355
1!
1"
b11011101 6
#66360
0!
0"
1:
01
13
10
0-
0+
1*
0)
1(
#66365
1!
1"
#66370
0!
0"
1:
00
1/
1-
0,
0*
0'
0%
#66375
1!
1"
#66380
0!
0"
1:
0$
11
15
04
03
02
0/
1.
0-
1+
1*
0(
1'
#66385
1!
1"
b1010 6
#66390
0!
0"
1:
05
14
13
12
1-
0+
1)
0'
#66395
1!
1"
b110001 6
#66400
0!
0"
1:
01
15
04
03
10
0-
1,
1%
#66405
1!
1"
#66410
0!
0"
1:
1$
11
14
13
1/
0*
0)
0%
#66415
1!
1"
b111011 6
#66420
0!
0"
1:
0$
05
04
00
0/
0.
1-
0,
1+
1*
1)
1'
1&
#66425
1!
1"
b11001011 6
#66430
0!
0"
1:
15
10
1/
1.
0+
0)
1(
0'
1%
#66435
1!
1"
b10100 6
#66440
0!
0"
1:
1$
02
0.
1+
1)
1'
0%
#66445
1!
1"
b100001 6
#66450
0!
0"
1:
01
05
00
0/
0-
1,
0+
0*
0'
#66455
1!
1"
#66460
0!
0"
1:
1.
1*
0)
1'
0&
11
#66465
1!
1"
b110001 6
#66470
0!
0"
1:
0$
14
03
10
0.
0,
0*
1)
0'
#66475
1!
1"
b1100110 6
#66480
0!
0"
1:
1$
01
15
12
1/
1.
1,
1*
#66485
1!
1"
#66490
0!
0"
1:
05
04
00
0.
0,
1+
0)
1'
1%
#66495
1!
1"
#66500
0!
0"
1:
0$
11
15
10
1,
0*
0'
1&
#66505
1!
1"
b1001111 6
#66510
0!
0"
1:
1$
13
0/
0,
1)
#66515
1!
1"
b10100 6
#66520
0!
0"
1:
0$
1.
1-
1,
0+
1*
0(
#66525
1!
1"
b10100001 6
#66530
0!
0"
1:
03
00
0,
1+
0*
0)
1'
0%
#66535
1!
1"
b1001111 6
#66540
0!
0"
1:
1$
01
05
14
02
10
1,
0+
0&
#66545
1!
1"
#66550
0!
0"
1:
0$
11
15
04
12
1/
0.
0,
1)
0'
1&
#66555
1!
1"
#66560
0!
0"
1:
1$
01
14
00
1.
0-
1,
1+
1'
1%
#66565
1!
1"
#66570
0!
0"
1:
0$
11
04
0/
1-
0,
0+
0)
0&
0%
#66575
1!
1"
#66580
0!
0"
1:
1$
01
05
14
13
10
1/
0.
1*
1(
#66585
1!
1"
#66590
0!
0"
1:
15
03
00
1.
0-
1)
0(
0'
1&
#66595
1!
1"
#66600
0!
0"
1:
05
04
13
02
10
0.
1,
1(
1'
1%
#66605
1!
1"
#66610
0!
0"
1:
00
0/
1-
0(
0'
0%
11
#66615
1!
1"
b11000110 6
#66620
0!
0"
1:
0$
12
1.
0-
0,
0*
1(
1%
#66625
1!
1"
b11001011 6
#66630
0!
0"
1:
1$
01
15
03
1/
0.
1+
1*
0)
0(
1'
0&
#66635
1!
1"
#66640
0!
0"
1:
13
02
0/
1.
1-
1,
0*
1)
1(
0'
0%
#66645
1!
1"
#66650
0!
0"
1:
14
03
10
1/
0.
0,
0+
1*
0)
1'
1&
1%
#66655
1!
1"
#66660
0!
0"
1:
0$
13
12
0/
0-
1,
1)
0(
0'
0&
0%
#66665
1!
1"
#66670
0!
0"
1:
1$
11
03
00
1/
1.
1-
0,
1'
1&
1%
#66675
1!
1"
b1100010 6
#66680
0!
0"
1:
0.
0-
0*
0&
0%
01
#66685
1!
1"
#66690
0!
0"
1:
05
04
1-
1(
0'
#66695
1!
1"
#66700
0!
0"
1:
0$
14
02
10
1.
0(
1'
#66705
1!
1"
#66710
0!
0"
1:
11
15
12
0-
1*
0)
#66715
1!
1"
#66720
0!
0"
1:
00
0.
1)
1(
0'
#66725
1!
1"
#66730
0!
0"
1:
05
04
13
0/
1.
1-
1,
1+
0*
0)
0(
1&
1%
#66735
1!
1"
b11001011 6
#66740
0!
0"
1:
1$
01
15
14
03
02
0.
0-
0+
1*
1(
#66745
1!
1"
#66750
0!
0"
1:
0$
11
04
10
0*
1)
0&
0%
#66755
1!
1"
b10001010 6
#66760
0!
0"
1:
1$
01
05
14
00
1/
1-
1*
1'
1&
1%
#66765
1!
1"
#66770
0!
0"
1:
0$
11
15
13
10
0-
0,
1+
0)
0(
0&
#66775
1!
1"
b11101011 6
#66780
0!
0"
1:
05
03
1,
0+
0*
1)
0'
1&
0%
#66785
1!
1"
b10000010 6
#66790
0!
0"
1:
04
00
0/
1.
1-
0)
1(
1'
#66795
1!
1"
b10111 6
#66800
0!
0"
1:
1$
1/
0.
1)
0(
0'
0&
#66805
1!
1"
#66810
0!
0"
1:
14
13
0-
1+
1*
1(
1'
1&
#66815
1!
1"
b1100011 6
#66820
0!
0"
1:
04
0/
1.
1-
0*
0(
0&
1%
#66825
1!
1"
b11011000 6
#66830
0!
0"
1:
01
12
1/
0.
0-
0,
0+
1(
0%
#66835
1!
1"
#66840
0!
0"
1:
11
02
1-
1+
0'
1&
1%
#66845
1!
1"
#66850
0!
0"
1:
0$
15
14
12
10
1.
0-
0+
0)
0(
#66855
1!
1"
b11011010 6
#66860
0!
0"
1:
01
05
04
03
02
0.
1*
0&
0%
#66865
1!
1"
#66870
0!
0"
1:
1$
11
14
13
12
00
0/
1-
1)
1(
#66875
1!
1"
b11001110 6
#66880
0!
0"
1:
0$
01
04
10
1.
0*
1'
1%
#66885
1!
1"
#66890
0!
0"
1:
11
15
14
1/
0.
1,
1*
0'
1&
0%
#66895
1!
1"
b11011010 6
#66900
0!
0"
1:
1$
01
05
04
03
00
0,
1+
0)
0(
1'
0&
1%
#66905
1!
1"
#66910
0!
0"
1:
14
13
02
0+
0*
1(
1&
0%
#66915
1!
1"
#66920
0!
0"
1:
0$
04
03
10
0/
1.
0-
1+
#66925
1!
1"
#66930
0!
0"
1:
15
12
1*
1%
#66935
1!
1"
#66940
0!
0"
1:
1$
11
14
13
02
00
1/
1-
1)
#66945
1!
1"
b1010 6
#66950
0!
0"
1:
01
04
12
10
0.
0-
1,
0+
0*
0&
#66955
1!
1"
#66960
0!
0"
1:
0$
14
03
02
00
0(
0%
#66965
1!
1"
#66970
0!
0"
1:
04
13
1.
0,
1+
0)
1&
#66975
1!
1"
#66980
0!
0"
1:
11
12
10
0/
1,
1*
1)
#66985
1!
1"
b10101010 6
#66990
0!
0"
1:
1$
03
02
00
0.
1-
0,
0*
0)
0&
#66995
1!
1"
b11001000 6
#67000
0!
0"
1:
0$
13
12
0-
1,
1)
#67005
1!
1"
b10101010 6
#67010
0!
0"
1:
03
02
10
1/
1.
1-
0+
0'
#67015
1!
1"
b11001000 6
#67020
0!
0"
1:
1$
01
05
12
00
0/
0.
1'
#67025
1!
1"
#67030
0!
0"
1:
0$
11
15
14
10
1.
0,
1+
1(
0'
1&
1%
#67035
1!
1"
b10010011 6
#67040
0!
0"
1:
01
04
02
00
1/
0.
0-
1,
0+
1*
0&
0%
#67045
1!
1"
#67050
0!
0"
1:
1$
14
0/
1-
1+
0)
1%
#67055
1!
1"
#67060
0!
0"
1:
13
0-
0*
1)
0(
1&
#67065
1!
1"
#67070
0!
0"
1:
0$
11
05
04
03
1/
1.
1-
0,
0+
1*
1'
0%
#67075
1!
1"
b10011010 6
#67080
0!
0"
1:
1$
01
15
14
12
0)
1(
#67085
1!
1"
#67090
0!
0"
1:
05
04
13
0*
1)
0(
0'
0&
#67095
1!
1"
#67100
0!
0"
1:
02
0.
0-
1+
0)
1&
1%
#67105
1!
1"
#67110
0!
0"
1:
15
14
10
0/
1.
1,
1(
1'
0&
#67115
1!
1"
#67120
0!
0"
1:
0$
04
12
1/
0.
0+
1&
#67125
1!
1"
#67130
0!
0"
1:
1$
11
14
00
0/
0,
1)
0%
#67135
1!
1"
b11101110 6
#67140
0!
0"
1:
1/
1-
1,
1+
1%
01
#67145
1!
1"
#67150
0!
0"
1:
0$
11
05
04
03
10
0/
1.
0,
1*
0'
#67155
1!
1"
b11100101 6
#67160
0!
0"
1:
0+
0)
0(
0%
01
#67165
1!
1"
#67170
0!
0"
1:
1$
15
14
00
1/
0.
1,
0*
1)
1(
#67175
1!
1"
#67180
0!
0"
1:
0$
04
13
10
0/
0-
1+
1*
0)
0(
1'
1%
#67185
1!
1"
#67190
0!
0"
1:
11
14
02
00
1.
1-
0%
#67195
1!
1"
b10000000 6
#67200
0!
0"
1:
12
10
1/
0.
0,
0*
1)
1(
0'
#67205
1!
1"
b10111010 6
#67210
0!
0"
1:
1$
01
02
00
1.
1,
1*
0(
0&
1%
#67215
1!
1"
#67220
0!
0"
1:
0$
05
03
12
10
0/
0+
0)
1(
1'
1&
#67225
1!
1"
#67230
0!
0"
1:
1$
13
0,
1+
0*
1)
0%
#67235
1!
1"
#67240
0!
0"
1:
0$
11
04
03
02
1/
0.
1,
#67245
1!
1"
b10001110 6
#67250
0!
0"
1:
1$
14
00
0-
0,
0+
0'
1%
#67255
1!
1"
b10011000 6
#67260
0!
0"
1:
04
12
10
1,
1+
1*
0)
0(
1'
0&
0%
#67265
1!
1"
b11111110 6
#67270
0!
0"
1:
0$
01
13
02
0/
1.
0,
0*
#67275
1!
1"
#67280
0!
0"
1:
11
15
14
03
1/
0.
1,
1*
1(
0'
#67285
1!
1"
b10000010 6
#67290
0!
0"
1:
13
0/
1.
1-
0,
1)
#67295
1!
1"
b10101101 6
#67300
0!
0"
1:
1$
05
03
0.
1,
0*
0)
0(
1&
1%
#67305
1!
1"
b1110011 6
#67310
0!
0"
1:
0$
04
12
00
1/
0-
0,
0+
1*
1(
0&
0%
#67315
1!
1"
b11111110 6
#67320
0!
0"
1:
1$
01
14
13
10
0/
1-
1+
0*
1)
0(
1'
1%
#67325
1!
1"
#67330
0!
0"
1:
0$
11
15
04
03
02
1/
1.
0-
1,
0+
0)
0%
#67335
1!
1"
b11001000 6
#67340
0!
0"
1:
01
05
14
12
00
1*
1(
1&
1%
#67345
1!
1"
#67350
0!
0"
1:
1$
04
02
10
0/
1-
0,
0*
1)
0(
0&
#67355
1!
1"
#67360
0!
0"
1:
14
13
12
00
0-
1,
1+
1*
0)
1(
0'
#67365
1!
1"
#67370
0!
0"
1:
11
04
02
1/
0.
1-
1)
0(
1&
0%
#67375
1!
1"
b11011000 6
#67380
0!
0"
1:
15
14
03
12
0/
0-
0,
1(
#67385
1!
1"
b110101 6
#67390
0!
0"
1:
01
04
13
02
10
1/
1.
0*
1%
#67395
1!
1"
#67400
0!
0"
1:
0$
05
14
03
12
0.
1,
0(
1'
0&
0%
#67405
1!
1"
#67410
0!
0"
1:
1$
04
02
0,
0+
0)
1(
0'
1%
#67415
1!
1"
#67420
0!
0"
1:
0$
15
13
12
0/
1.
1-
1,
0(
1&
#67425
1!
1"
#67430
0!
0"
1:
05
14
02
1+
1)
1(
1'
0&
0%
#67435
1!
1"
#67440
0!
0"
1:
1$
15
04
12
00
1/
0,
0+
1*
0(
0'
1&
1%
#67445
1!
1"
#67450
0!
0"
1:
0$
11
14
02
0/
0.
1,
1'
0%
#67455
1!
1"
b10101101 6
#67460
0!
0"
1:
04
12
10
1+
0*
0)
#67465
1!
1"
b10100111 6
#67470
0!
0"
1:
01
05
14
00
1/
1.
0-
0+
1(
0'
0&
#67475
1!
1"
#67480
0!
0"
1:
0/
0.
1+
1)
1'
1&
1%
#67485
1!
1"
#67490
0!
0"
1:
11
03
10
0,
0+
0)
0(
#67495
1!
1"
b10001101 6
#67500
0!
0"
1:
01
15
13
1/
1-
1+
1*
1(
0'
0&
0%
#67505
1!
1"
#67510
0!
0"
1:
05
04
03
02
0/
0-
0+
0(
#67515
1!
1"
#67520
0!
0"
1:
1$
14
12
00
1+
0*
1(
1'
#67525
1!
1"
#67530
0!
0"
1:
04
02
1/
1-
0+
1)
0(
1&
1%
#67535
1!
1"
#67540
0!
0"
1:
13
12
10
0/
1.
1+
1(
0'
0&
0%
#67545
1!
1"
#67550
0!
0"
1:
0$
15
14
03
02
1/
0)
1&
1%
#67555
1!
1"
#67560
0!
0"
1:
11
05
00
0/
0-
1*
1)
0&
#67565
1!
1"
b1110011 6
#67570
0!
0"
1:
15
04
13
10
0.
1-
0+
0)
1'
1&
#67575
1!
1"
b11100000 6
#67580
0!
0"
1:
1$
01
05
1,
0*
0'
0&
#67585
1!
1"
#67590
0!
0"
1:
11
15
12
00
1/
1.
0,
1)
0(
1'
1&
#67595
1!
1"
b10100111 6
#67600
0!
0"
1:
01
05
14
0/
1+
1*
0)
0'
0&
0%
#67605
1!
1"
#67610
0!
0"
1:
04
03
02
10
1/
0.
1,
1(
1%
#67615
1!
1"
#67620
0!
0"
1:
11
14
12
00
0/
1.
0*
1)
0(
#67625
1!
1"
b10001101 6
#67630
0!
0"
1:
13
10
1/
0-
0+
1*
0)
1'
1&
#67635
1!
1"
b10001110 6
#67640
0!
0"
1:
01
02
00
0/
0.
0*
1)
0&
#67645
1!
1"
#67650
0!
0"
1:
11
03
12
1/
1.
1+
1*
1&
#67655
1!
1"
b10010000 6
#67660
0!
0"
1:
0$
15
02
0/
0.
0+
1(
0'
0&
0%
#67665
1!
1"
b100000 6
#67670
0!
0"
1:
01
13
12
0,
0(
1'
1%
#67675
1!
1"
#67680
0!
0"
1:
03
02
1.
1,
0'
#67685
1!
1"
#67690
0!
0"
1:
11
04
10
1/
0,
0*
1(
#67695
1!
1"
b10101101 6
#67700
0!
0"
1:
1$
01
05
13
0.
1,
1+
0%
#67705
1!
1"
#67710
0!
0"
1:
14
03
12
00
0,
1*
0)
0(
1'
1&
1%
#67715
1!
1"
#67720
0!
0"
1:
04
02
10
0/
1.
1-
0+
1)
0&
0%
#67725
1!
1"
#67730
0!
0"
1:
0$
11
14
13
00
1/
0.
1,
1&
#67735
1!
1"
b1100011 6
#67740
0!
0"
1:
01
04
03
0/
1.
0,
1(
0'
0&
1%
#67745
1!
1"
#67750
0!
0"
1:
1$
11
15
12
1/
0.
1,
0)
0(
1&
#67755
1!
1"
b1111011 6
#67760
0!
0"
1:
0$
01
05
14
13
02
0/
0-
1+
0*
#67765
1!
1"
#67770
0!
0"
1:
11
04
12
1/
1.
1-
0,
0+
1)
0&
0%
#67775
1!
1"
b1011010 6
#67780
0!
0"
1:
15
03
10
0/
0.
1+
#67785
1!
1"
b1111011 6
#67790
0!
0"
1:
1$
01
13
00
1.
0)
1(
1&
1%
#67795
1!
1"
#67800
0!
0"
1:
0$
11
02
10
0.
1,
1)
0&
0%
#67805
1!
1"
b11100000 6
#67810
0!
0"
1:
1$
14
12
00
1/
0,
0)
1'
1&
#67815
1!
1"
b10111010 6
#67820
0!
0"
1:
01
05
02
10
0/
1,
0+
0(
#67825
1!
1"
#67830
0!
0"
1:
04
03
1.
0-
1*
1(
0'
0&
1%
#67835
1!
1"
#67840
0!
0"
1:
13
12
00
1/
0.
0,
1+
1)
0(
1'
1&
#67845
1!
1"
#67850
0!
0"
1:
0$
11
02
0/
1.
1,
0+
0*
0)
1(
0&
0%
#67855
1!
1"
b11111010 6
#67860
0!
0"
1:
15
14
03
12
1/
0,
1+
1*
1)
0(
0'
#67865
1!
1"
b110101 6
#67870
0!
0"
1:
0/
0.
1'
1&
1%
#67875
1!
1"
#67880
0!
0"
1:
1$
05
13
02
0*
0%
#67885
1!
1"
b11001 6
#67890
0!
0"
1:
01
15
04
03
1,
0&
#67895
1!
1"
#67900
0!
0"
1:
0$
11
05
14
12
10
1/
1-
0,
1*
0)
1(
1&
1%
#67905
1!
1"
b10010000 6
#67910
0!
0"
1:
15
04
00
1.
0-
1,
0+
1)
0&
0%
#67915
1!
1"
b1010101 6
#67920
0!
0"
1:
01
05
13
0/
0.
1-
1+
0*
0)
0(
0'
1&
1%
#67925
1!
1"
#67930
0!
0"
1:
1$
02
10
1/
1.
0-
0+
1)
#67935
1!
1"
#67940
0!
0"
1:
03
12
00
1-
1*
0)
0%
#67945
1!
1"
#67950
0!
0"
1:
0$
11
15
13
02
10
0/
0-
0*
1(
0&
1%
#67955
1!
1"
b11100000 6
#67960
0!
0"
1:
01
05
03
12
1-
1*
1)
0(
1'
#67965
1!
1"
#67970
0!
0"
1:
11
15
13
00
1/
1+
0)
1&
#67975
1!
1"
b101100 6
#67980
0!
0"
1:
01
03
0,
0*
0'
0%
#67985
1!
1"
#67990
0!
0"
1:
1$
11
05
14
13
02
0/
0-
0&
1%
#67995
1!
1"
b10100000 6
#68000
0!
0"
1:
01
04
03
12
10
1-
1,
1*
1)
1'
0%
#68005
1!
1"
#68010
0!
0"
1:
0$
15
13
1/
0,
0+
1(
0'
1&
1%
#68015
1!
1"
#68020
0!
0"
1:
1$
02
0/
0)
0(
1'
0%
#68025
1!
1"
#68030
0!
0"
1:
0$
14
12
00
0.
0-
1,
0*
1(
0&
#68035
1!
1"
#68040
0!
0"
1:
1$
11
05
04
03
1/
0,
1+
1*
1)
0(
0'
#68045
1!
1"
b100100 6
#68050
0!
0"
1:
01
15
13
02
1-
0+
0)
1(
#68055
1!
1"
#68060
0!
0"
1:
11
03
10
1.
1+
0*
1)
1'
#68065
1!
1"
b1001010 6
#68070
0!
0"
1:
01
13
1,
0+
0)
0(
0'
#68075
1!
1"
#68080
0!
0"
1:
14
12
00
0/
0.
0-
0,
1*
1)
1(
1%
#68085
1!
1"
#68090
0!
0"
1:
0$
04
03
10
1/
1,
0)
1'
1&
#68095
1!
1"
#68100
0!
0"
1:
1$
11
13
02
00
0/
1-
1+
0*
1)
0&
0%
#68105
1!
1"
b11100000 6
#68110
0!
0"
1:
05
10
1/
1.
0,
0+
0)
0(
1&
#68115
1!
1"
b1011110 6
#68120
0!
0"
1:
0$
01
12
0.
1+
1*
0'
1%
#68125
1!
1"
#68130
0!
0"
1:
1$
14
03
00
1(
1'
#68135
1!
1"
#68140
0!
0"
1:
0$
1.
0-
1)
0'
11
#68145
1!
1"
b10010000 6
#68150
0!
0"
1:
1$
15
04
0.
1,
0*
#68155
1!
1"
b11000000 6
#68160
0!
0"
1:
0$
01
05
13
0/
1.
0,
0+
1*
0)
0(
1'
0&
#68165
1!
1"
#68170
0!
0"
1:
15
14
03
02
10
1/
1,
1)
1(
0'
1&
#68175
1!
1"
#68180
0!
0"
1:
11
13
1+
0*
0)
0(
0&
0%
#68185
1!
1"
b101010 6
#68190
0!
0"
1:
1$
01
03
0/
0,
1*
1)
1(
1'
#68195
1!
1"
#68200
0!
0"
1:
0$
11
04
13
1/
0.
1-
0)
0'
#68205
1!
1"
b11100000 6
#68210
0!
0"
1:
14
12
1.
1,
0(
1%
#68215
1!
1"
b1101010 6
#68220
0!
0"
1:
01
05
02
0.
1'
0%
#68225
1!
1"
#68230
0!
0"
1:
1$
15
12
00
0-
0,
0+
0*
1)
0'
1%
#68235
1!
1"
#68240
0!
0"
1:
0$
04
03
02
0/
1,
1*
0)
1(
1'
#68245
1!
1"
#68250
0!
0"
1:
1$
10
1-
0,
1+
0*
0(
0'
1&
#68255
1!
1"
#68260
0!
0"
1:
05
13
00
0-
0+
1*
#68265
1!
1"
#68270
0!
0"
1:
0$
11
15
10
1/
1,
1+
1)
1(
0&
0%
#68275
1!
1"
b11100000 6
#68280
0!
0"
1:
01
05
14
00
1-
0,
0+
0(
1%
#68285
1!
1"
#68290
0!
0"
1:
11
12
10
1.
1,
1+
0*
1(
#68295
1!
1"
b11100010 6
#68300
0!
0"
1:
15
03
0/
0(
1&
#68305
1!
1"
b110101 6
#68310
0!
0"
1:
1$
01
05
04
13
00
0-
1*
0&
0%
#68315
1!
1"
#68320
0!
0"
1:
11
15
14
10
1/
0,
0*
1(
1'
#68325
1!
1"
b1101010 6
#68330
0!
0"
1:
0$
05
04
02
00
1-
1,
0+
1*
0(
1%
#68335
1!
1"
b1011110 6
#68340
0!
0"
1:
1$
12
10
0.
0-
0*
0)
1(
1&
#68345
1!
1"
b1000000 6
#68350
0!
0"
1:
15
14
00
1.
1-
1*
0'
0%
#68355
1!
1"
b10011 6
#68360
0!
0"
1:
0$
04
02
1)
1'
0&
#68365
1!
1"
b1011110 6
#68370
0!
0"
1:
01
05
03
12
10
0/
0,
0)
0'
1&
#68375
1!
1"
#68380
0!
0"
1:
11
15
02
0.
1,
1+
1)
0(
1'
0&
1%
#68385
1!
1"
b1001010 6
#68390
0!
0"
1:
01
14
1.
0,
0*
1(
0'
1&
0%
#68395
1!
1"
#68400
0!
0"
1:
11
05
12
00
1/
0-
1,
0+
0)
1'
0&
#68405
1!
1"
b10010000 6
#68410
0!
0"
1:
1$
02
10
0/
1-
1+
1)
0(
0'
1%
#68415
1!
1"
b11111101 6
#68420
0!
0"
1:
0$
00
0-
0+
1*
0)
1'
1&
01
#68425
1!
1"
#68430
0!
0"
1:
1$
11
15
04
13
12
0.
0,
0*
1)
0&
0%
#68435
1!
1"
b10110010 6
#68440
0!
0"
1:
0$
01
14
10
1/
0)
1(
1&
#68445
1!
1"
#68450
0!
0"
1:
1$
04
03
00
1.
1*
0(
0&
#68455
1!
1"
#68460
0!
0"
1:
05
14
13
02
10
0/
0.
1-
1+
1)
1(
0'
1%
#68465
1!
1"
#68470
0!
0"
1:
0$
04
00
1.
1,
0+
0*
0)
0(
1&
#68475
1!
1"
#68480
0!
0"
1:
1$
15
14
03
12
10
0.
0-
1+
1*
1)
#68485
1!
1"
#68490
0!
0"
1:
0$
11
05
04
13
02
00
1/
1.
0,
0+
#68495
1!
1"
b1011110 6
#68500
0!
0"
1:
15
14
03
10
0/
0.
1-
1,
1+
0*
1'
0&
#68505
1!
1"
b10100111 6
#68510
0!
0"
1:
13
12
00
1.
0,
0+
1*
0)
0'
1&
#68515
1!
1"
b10011 6
#68520
0!
0"
1:
1$
01
05
04
03
10
1,
1'
0&
#68525
1!
1"
#68530
0!
0"
1:
13
00
1/
0.
1)
1&
#68535
1!
1"
#68540
0!
0"
1:
0$
11
14
10
1.
0-
1(
0'
0%
#68545
1!
1"
b11011010 6
#68550
0!
0"
1:
1$
01
04
02
00
0.
1+
0*
0)
0&
#68555
1!
1"
#68560
0!
0"
1:
12
0+
1*
1)
0(
1'
1&
1%
#68565
1!
1"
#68570
0!
0"
1:
15
03
0/
1.
0*
1(
0'
0&
#68575
1!
1"
#68580
0!
0"
1:
11
05
10
1/
1*
1'
1&
0%
#68585
1!
1"
b10111101 6
#68590
0!
0"
1:
0$
14
00
0.
1-
0)
0(
0'
#68595
1!
1"
b1011101 6
#68600
0!
0"
1:
1$
01
13
02
10
0,
1+
0*
1)
1(
1'
0&
#68605
1!
1"
#68610
0!
0"
1:
0$
15
03
12
00
0/
0+
1*
1%
#68615
1!
1"
#68620
0!
0"
1:
11
05
13
02
10
0-
1,
0*
0(
1&
0%
#68625
1!
1"
b1111 6
#68630
0!
0"
1:
15
04
12
00
1.
0'
#68635
1!
1"
b10110010 6
#68640
0!
0"
1:
05
14
10
1-
1*
1'
#68645
1!
1"
b11010010 6
#68650
0!
0"
1:
00
1/
0-
0)
0'
1%
01
#68655
1!
1"
#68660
0!
0"
1:
1$
04
03
02
10
1+
1)
1'
0&
#68665
1!
1"
#68670
0!
0"
1:
13
00
0/
0.
0+
0)
1(
0%
#68675
1!
1"
#68680
0!
0"
1:
0$
11
15
14
1-
0,
1+
0*
1)
0(
1&
#68685
1!
1"
b11010111 6
#68690
0!
0"
1:
1$
01
05
03
1/
1.
1(
0'
0&
#68695
1!
1"
#68700
0!
0"
1:
0$
13
10
0/
0.
1,
0+
1&
#68705
1!
1"
#68710
0!
0"
1:
11
15
03
12
1/
0,
1+
1*
1'
0&
#68715
1!
1"
b110101 6
#68720
0!
0"
1:
1$
01
05
13
02
00
1.
1,
0+
0)
0(
#68725
1!
1"
#68730
0!
0"
1:
0$
11
15
03
12
10
0/
0.
0,
1)
#68735
1!
1"
#68740
0!
0"
1:
1$
05
1/
1.
0-
1,
0*
0)
0'
#68745
1!
1"
b11110111 6
#68750
0!
0"
1:
01
15
13
02
00
0.
0,
1+
1)
1'
#68755
1!
1"
#68760
0!
0"
1:
0$
11
03
12
1.
1-
1,
1*
0)
1(
0'
#68765
1!
1"
b110101 6
#68770
0!
0"
1:
04
10
0/
1)
1&
1%
#68775
1!
1"
b10010100 6
#68780
0!
0"
1:
1/
0-
0,
0+
0)
01
#68785
1!
1"
#68790
0!
0"
1:
11
05
14
13
0/
0.
1-
1,
0*
1)
0&
0%
#68795
1!
1"
b11010010 6
#68800
0!
0"
1:
01
15
04
03
00
1/
0-
0)
0(
1'
1&
#68805
1!
1"
#68810
0!
0"
1:
11
02
0/
1.
1-
0,
1*
1(
0'
#68815
1!
1"
b10101110 6
#68820
0!
0"
1:
1$
01
14
12
10
1/
0-
0*
1)
0(
1%
#68825
1!
1"
#68830
0!
0"
1:
05
02
00
0/
1-
1+
1'
0&
0%
#68835
1!
1"
#68840
0!
0"
1:
11
15
04
13
12
0-
1,
0+
1*
1(
1%
#68845
1!
1"
b10110010 6
#68850
0!
0"
1:
0$
01
05
10
0.
1+
0)
0(
0'
1&
0%
#68855
1!
1"
#68860
0!
0"
1:
14
03
02
1/
1.
1-
0+
1'
1%
#68865
1!
1"
#68870
0!
0"
1:
04
12
0-
1+
0*
1(
0'
#68875
1!
1"
#68880
0!
0"
1:
11
14
13
00
0,
1)
#68885
1!
1"
b11010010 6
#68890
0!
0"
1:
01
15
03
10
1,
0+
0&
#68895
1!
1"
#68900
0!
0"
1:
1$
13
00
0.
0,
1+
1*
0(
1&
#68905
1!
1"
#68910
0!
0"
1:
05
0*
0)
1(
0&
0%
#68915
1!
1"
#68920
0!
0"
1:
04
02
10
1-
1)
0(
1'
1&
1%
#68925
1!
1"
#68930
0!
0"
1:
15
03
12
00
0/
1.
0-
1*
1(
0'
0&
#68935
1!
1"
#68940
0!
0"
1:
05
14
02
10
1,
0+
0*
1'
#68945
1!
1"
#68950
0!
0"
1:
0$
00
1/
0,
1*
0(
0'
1&
0%
11
#68955
1!
1"
b10101100 6
#68960
0!
0"
1:
1$
04
13
10
1-
1,
0)
1(
1'
1%
#68965
1!
1"
b1011110 6
#68970
0!
0"
1:
0$
14
00
0/
0-
0*
0(
0'
0%
#68975
1!
1"
b1111 6
#68980
0!
0"
1:
1$
01
04
03
1/
1-
0,
1+
1*
1)
1'
#68985
1!
1"
#68990
0!
0"
1:
0$
11
15
14
13
12
0/
0.
1,
0+
0'
1%
#68995
1!
1"
b1011111 6
#69000
0!
0"
1:
01
04
02
0-
1'
0%
#69005
1!
1"
#69010
0!
0"
1:
1$
05
14
12
1/
1.
0,
0)
1%
#69015
1!
1"
#69020
0!
0"
1:
11
04
03
02
1-
1,
1)
0'
0&
0%
#69025
1!
1"
b10111 6
#69030
0!
0"
1:
01
13
10
0/
0-
0,
1+
0)
1(
1%
#69035
1!
1"
#69040
0!
0"
1:
15
03
00
1/
1-
0*
1)
0(
1'
0%
#69045
1!
1"
#69050
0!
0"
1:
05
14
13
12
10
0.
0+
0)
0'
1%
#69055
1!
1"
#69060
0!
0"
1:
11
15
00
0/
0-
1*
1)
1(
0%
#69065
1!
1"
b1011111 6
#69070
0!
0"
1:
05
10
1-
1,
1'
1&
#69075
1!
1"
b1000110 6
#69080
0!
0"
1:
01
15
04
03
1/
0-
0,
0*
0(
0&
#69085
1!
1"
#69090
0!
0"
1:
0$
11
05
13
02
0/
1+
1(
1&
1%
#69095
1!
1"
b1011110 6
#69100
0!
0"
1:
00
1/
1-
1,
0+
0(
0'
0&
#69105
1!
1"
#69110
0!
0"
1:
1$
01
14
10
0-
0,
1+
1(
#69115
1!
1"
#69120
0!
0"
1:
0$
11
15
12
0/
1*
0)
0(
1'
1&
0%
#69125
1!
1"
b1011111 6
#69130
0!
0"
1:
1$
03
02
00
1,
0+
0'
0&
1%
#69135
1!
1"
b1010000 6
#69140
0!
0"
1:
01
05
04
12
10
1.
1-
1+
0*
1)
1'
1&
0%
#69145
1!
1"
#69150
0!
0"
1:
11
13
02
00
1/
0-
0,
1*
0)
1(
0'
0&
#69155
1!
1"
b1011110 6
#69160
0!
0"
1:
0$
01
14
03
12
10
0.
1,
0+
0*
1)
1'
1&
1%
#69165
1!
1"
#69170
0!
0"
1:
1$
04
02
0/
0'
0%
#69175
1!
1"
#69180
0!
0"
1:
0$
15
14
12
1/
1.
1+
0)
0(
1%
#69185
1!
1"
#69190
0!
0"
1:
1$
13
0/
1-
0,
0+
1*
1'
0%
#69195
1!
1"
#69200
0!
0"
1:
11
04
00
0.
0-
1,
1)
0'
0&
#69205
1!
1"
b10110010 6
#69210
0!
0"
1:
05
14
03
1.
1+
0)
#69215
1!
1"
b11110111 6
#69220
0!
0"
1:
0$
01
15
13
02
1/
1-
0,
0+
1)
1'
1%
#69225
1!
1"
#69230
0!
0"
1:
04
12
0.
1,
1+
1&
0%
#69235
1!
1"
#69240
0!
0"
1:
11
03
10
0,
0)
0&
#69245
1!
1"
b10100011 6
#69250
0!
0"
1:
1$
01
05
14
00
1.
0-
1)
1(
#69255
1!
1"
#69260
0!
0"
1:
11
15
0/
1-
1,
0+
0*
0)
0(
#69265
1!
1"
b10010101 6
#69270
0!
0"
1:
01
05
13
10
1/
0.
0,
1+
1*
1)
1&
1%
#69275
1!
1"
#69280
0!
0"
1:
11
15
02
00
0/
1.
1,
0+
0)
#69285
1!
1"
b11011001 6
#69290
0!
0"
1:
01
05
04
03
12
1/
0.
0,
1+
0*
1)
0'
0&
0%
#69295
1!
1"
#69300
0!
0"
1:
15
02
0-
1*
1(
1'
#69305
1!
1"
#69310
0!
0"
1:
05
14
12
0/
1,
0+
0*
0)
0(
0'
1&
1%
#69315
1!
1"
#69320
0!
0"
1:
15
0,
1+
0&
0%
#69325
1!
1"
#69330
0!
0"
1:
0$
05
04
10
1/
1.
1)
1(
#69335
1!
1"
#69340
0!
0"
1:
11
15
14
13
02
0/
0.
0+
1*
0(
1%
#69345
1!
1"
#69350
0!
0"
1:
1$
01
05
04
12
1/
1-
1,
1+
0)
1(
0%
#69355
1!
1"
#69360
0!
0"
1:
0$
15
14
00
0/
1.
0-
0,
0*
1)
0(
1&
1%
#69365
1!
1"
#69370
0!
0"
1:
11
03
0.
1,
0+
1*
1'
0%
#69375
1!
1"
b10010101 6
#69380
0!
0"
1:
1$
13
10
1.
1+
0*
0)
1(
0'
1%
#69385
1!
1"
b1011111 6
#69390
0!
0"
1:
04
0.
1-
0+
1)
0(
#69395
1!
1"
b110101 6
#69400
0!
0"
1:
01
05
14
03
00
1.
1+
1*
0)
1(
1'
#69405
1!
1"
#69410
0!
0"
1:
0$
15
02
0*
1)
0'
0%
#69415
1!
1"
#69420
0!
0"
1:
11
05
04
12
10
1/
0.
1*
0(
0&
1%
#69425
1!
1"
b1010000 6
#69430
0!
0"
1:
1$
01
15
14
1.
0-
0,
0*
0)
0%
#69435
1!
1"
#69440
0!
0"
1:
11
05
04
00
0.
1-
0+
1(
1'
1%
#69445
1!
1"
#69450
0!
0"
1:
0$
01
15
14
13
02
0/
1,
1+
1*
0(
#69455
1!
1"
#69460
0!
0"
1:
05
04
03
1/
1.
0+
1&
0%
#69465
1!
1"
#69470
0!
0"
1:
10
0,
0*
1)
1(
0'
0&
#69475
1!
1"
#69480
0!
0"
1:
1$
12
0/
0-
1,
1*
0)
0(
1%
#69485
1!
1"
#69490
0!
0"
1:
1/
1+
1'
#69495
1!
1"
#69500
0!
0"
1:
0$
14
13
02
00
0/
0.
1-
0,
0+
1&
#69505
1!
1"
#69510
0!
0"
1:
1$
11
04
03
10
1.
0-
1+
0*
1)
1(
0'
#69515
1!
1"
b100111 6
#69520
0!
0"
1:
0$
15
14
13
12
00
1/
1,
1*
0&
#69525
1!
1"
b1111100 6
#69530
0!
0"
1:
1$
04
03
02
10
0/
0,
0+
0(
1&
#69535
1!
1"
b1111011 6
#69540
0!
0"
1:
01
12
00
1/
1-
1,
0*
0)
#69545
1!
1"
#69550
0!
0"
1:
11
13
0-
0,
1*
1(
0&
0%
#69555
1!
1"
b10100101 6
#69560
0!
0"
1:
05
02
0.
1,
1+
0*
1&
1%
#69565
1!
1"
b1011110 6
#69570
0!
0"
1:
15
03
12
0/
1-
1*
1)
0(
0&
#69575
1!
1"
b10100011 6
#69580
0!
0"
1:
05
14
13
02
10
1/
1.
0,
0+
0*
1'
0%
#69585
1!
1"
b1001101 6
#69590
0!
0"
1:
0$
15
0/
0.
0-
1,
1+
1*
0)
1(
1%
#69595
1!
1"
b11011001 6
#69600
0!
0"
1:
01
04
03
12
1.
1-
0,
0+
0*
0(
1&
0%
#69605
1!
1"
#69610
0!
0"
1:
05
14
13
02
1,
1*
1)
0'
0&
#69615
1!
1"
#69620
0!
0"
1:
11
04
03
00
1/
0-
0,
1(
1&
1%
#69625
1!
1"
b100111 6
#69630
0!
0"
1:
14
1-
0)
0(
1'
0&
0%
#69635
1!
1"
b10001111 6
#69640
0!
0"
1:
01
12
10
0.
0-
1,
1+
1)
0'
1&
1%
#69645
1!
1"
#69650
0!
0"
1:
1$
11
13
1-
0,
0*
0)
0%
#69655
1!
1"
b1011100 6
#69660
0!
0"
1:
01
15
02
00
0/
1)
1(
1%
#69665
1!
1"
#69670
0!
0"
1:
0$
11
05
12
1.
0)
0(
1'
0%
#69675
1!
1"
#69680
0!
0"
1:
04
03
1/
0-
1,
0+
1*
1(
0&
#69685
1!
1"
b11111000 6
#69690
0!
0"
1:
1$
15
14
02
0/
0.
0,
1+
0*
1)
0'
1&
#69695
1!
1"
b11100010 6
#69700
0!
0"
1:
1/
0+
1*
1%
01
#69705
1!
1"
#69710
0!
0"
1:
05
13
10
0/
1-
1,
0*
0%
#69715
1!
1"
#69720
0!
0"
1:
0$
11
04
03
1/
1.
0,
0)
1'
0&
#69725
1!
1"
b100111 6
#69730
0!
0"
1:
01
15
12
00
0-
1,
0'
1&
1%
#69735
1!
1"
#69740
0!
0"
1:
11
14
0/
1*
1)
0(
0%
#69745
1!
1"
b1010 6
#69750
0!
0"
1:
1$
01
05
04
10
1/
0.
1-
0*
0)
1%
#69755
1!
1"
#69760
0!
0"
1:
11
15
0/
1.
0-
0,
1+
1*
1(
1'
0%
#69765
1!
1"
b10100011 6
#69770
0!
0"
1:
0$
01
05
13
02
00
0.
1-
1,
0*
0'
0&
1%
#69775
1!
1"
#69780
0!
0"
1:
11
15
14
03
1/
0,
0+
1)
1'
#69785
1!
1"
b11100010 6
#69790
0!
0"
1:
01
12
10
0/
0-
1+
0)
0(
0'
#69795
1!
1"
#69800
0!
0"
1:
11
05
1-
0+
1&
0%
#69805
1!
1"
b1110111 6
#69810
0!
0"
1:
1$
01
04
00
1.
0-
0&
1%
#69815
1!
1"
#69820
0!
0"
1:
0$
13
10
1/
0.
1,
#69825
1!
1"
#69830
0!
0"
1:
1$
1-
1*
1)
1&
11
#69835
1!
1"
b11011 6
#69840
0!
0"
1:
01
15
14
03
02
1.
0-
1+
0*
0)
1(
1'
0&
0%
#69845
1!
1"
#69850
0!
0"
1:
0$
11
04
13
00
1-
0+
1)
0'
1&
#69855
1!
1"
b10011001 6
#69860
0!
0"
1:
1$
01
05
03
12
10
0.
0-
1+
1*
1'
#69865
1!
1"
#69870
0!
0"
1:
1.
1-
0,
0+
0*
0(
0&
#69875
1!
1"
#69880
0!
0"
1:
14
00
0-
1+
0'
1&
1%
#69885
1!
1"
#69890
0!
0"
1:
15
0/
1-
0+
1(
1'
0&
#69895
1!
1"
#69900
0!
0"
1:
0$
04
02
10
1/
0-
1,
1*
0)
0(
1&
#69905
1!
1"
#69910
0!
0"
1:
1$
11
05
14
0.
1-
0,
0*
1(
0&
#69915
1!
1"
b10001111 6
#69920
0!
0"
1:
01
15
13
12
0/
1.
1,
1+
1)
0'
#69925
1!
1"
#69930
0!
0"
1:
04
00
0,
0+
0)
1&
0%
#69935
1!
1"
#69940
0!
0"
1:
0$
11
05
10
1/
0.
1+
1)
0(
1%
#69945
1!
1"
b10100110 6
#69950
0!
0"
1:
01
03
02
00
1.
1,
1*
1(
1'
0%
#69955
1!
1"
#69960
0!
0"
1:
1$
15
14
0/
0.
0-
0,
0+
0)
0&
1%
#69965
1!
1"
#69970
0!
0"
1:
13
12
10
1.
1-
1+
1)
0'
#69975
1!
1"
#69980
0!
0"
1:
05
1/
0.
1,
0+
0*
0(
1'
#69985
1!
1"
#69990
0!
0"
1:
04
1.
0-
1+
0)
0'
#69995
1!
1"
#70000
0!
0"
1:
0$
11
14
02
00
0/
0.
1)
1'
1&
0%
#70005
1!
1"
b1001101 6
#70010
0!
0"
1:
1$
15
04
03
10
1/
1-
0,
0+
1*
0)
0&
1%
#70015
1!
1"
b1000110 6
#70020
0!
0"
1:
0$
01
05
14
1.
0-
1+
0*
1(
0'
1&
0%
#70025
1!
1"
#70030
0!
0"
1:
1$
11
15
13
12
0/
1-
0+
1*
1)
1%
#70035
1!
1"
b1111100 6
#70040
0!
0"
1:
04
0.
0-
1,
0)
0&
#70045
1!
1"
b11001101 6
#70050
0!
0"
1:
0$
14
02
00
1/
1.
0,
0(
1'
1&
0%
#70055
1!
1"
b11110011 6
#70060
0!
0"
1:
01
04
03
0/
0.
1+
1)
0&
#70065
1!
1"
#70070
0!
0"
1:
1.
1-
0)
1(
1&
1%
#70075
1!
1"
#70080
0!
0"
1:
1$
12
1/
0.
1,
0&
#70085
1!
1"
#70090
0!
0"
1:
0$
05
13
02
0/
1.
0+
1)
#70095
1!
1"
#70100
0!
0"
1:
11
12
1/
0-
0,
1+
0)
#70105
1!
1"
b10100110 6
#70110
0!
0"
1:
1$
01
15
02
10
0/
0+
0*
0'
1&
#70115
1!
1"
#70120
0!
0"
1:
0$
03
12
00
1-
1,
1'
#70125
1!
1"
#70130
0!
0"
1:
1$
11
14
1/
0.
1+
0'
0&
#70135
1!
1"
b1111010 6
#70140
0!
0"
1:
01
04
10
0/
0,
1*
1'
1&
0%
#70145
1!
1"
#70150
0!
0"
1:
0$
11
05
02
00
1.
0-
1)
0(
0&
1%
#70155
1!
1"
b100111 6
#70160
0!
0"
1:
1$
14
13
10
1/
0.
0+
0)
1(
0%
#70165
1!
1"
b1001101 6
#70170
0!
0"
1:
01
04
12
1.
1-
1+
0*
1)
0'
1%
#70175
1!
1"
#70180
0!
0"
1:
11
15
02
00
0-
1,
0+
1*
1'
0%
#70185
1!
1"
b1100 6
#70190
0!
0"
1:
14
03
12
0/
0.
1-
0,
1+
1&
1%
#70195
1!
1"
b1111010 6
#70200
0!
0"
1:
0$
04
10
1/
1.
0+
0*
0)
#70205
1!
1"
b10101111 6
#70210
0!
0"
1:
01
05
02
0.
0-
1,
0%
#70215
1!
1"
#70220
0!
0"
1:
11
13
12
00
1.
0,
1+
0'
#70225
1!
1"
b10100110 6
#70230
0!
0"
1:
1$
15
14
02
10
0.
1,
0+
1)
0(
1'
0&
1%
#70235
1!
1"
b1101001 6
#70240
0!
0"
1:
0$
01
04
12
0/
1.
0,
1+
1*
0)
1(
0'
1&
#70245
1!
1"
#70250
0!
0"
1:
05
14
02
00
1/
0.
1-
1,
0+
0*
#70255
1!
1"
#70260
0!
0"
1:
1$
04
12
1.
1+
1)
0(
1'
0&
0%
#70265
1!
1"
#70270
0!
0"
1:
15
14
03
02
0/
0-
0+
1*
0)
0'
#70275
1!
1"
#70280
0!
0"
1:
0$
05
13
12
0.
1-
0,
1+
0*
1%
#70285
1!
1"
#70290
0!
0"
1:
1$
15
03
02
10
1/
0-
1*
1)
1(
1'
#70295
1!
1"
#70300
0!
0"
1:
0$
11
04
0/
1.
1-
1,
0'
#70305
1!
1"
b1000110 6
#70310
0!
0"
1:
1$
00
0.
0-
0,
0(
1'
#70315
1!
1"
#70320
0!
0"
1:
0$
1/
0*
0)
0'
0%
#70325
1!
1"
#70330
0!
0"
1:
05
14
13
10
0/
1,
1*
1)
1'
#70335
1!
1"
b1001101 6
#70340
0!
0"
1:
1$
15
04
12
1.
1-
0+
0*
0'
1&
1%
#70345
1!
1"
b101 6
#70350
0!
0"
1:
0$
01
05
14
03
02
1/
0-
1+
1*
1'
0%
#70355
1!
1"
#70360
0!
0"
1:
1$
15
0/
#70365
1!
1"
#70370
0!
0"
1:
11
13
1/
0.
0,
0*
0)
0&
#70375
1!
1"
b1101001 6
#70380
0!
0"
1:
0$
01
04
03
12
1-
1*
1%
#70385
1!
1"
#70390
0!
0"
1:
1$
05
14
00
0-
1,
0+
1)
1(
1&
0%
#70395
1!
1"
#70400
0!
0"
1:
0$
11
15
1.
1+
0*
0'
#70405
1!
1"
b11100011 6
#70410
0!
0"
1:
1$
01
13
02
10
0.
1-
0+
1'
1%
#70415
1!
1"
#70420
0!
0"
1:
0$
05
03
12
00
0/
0,
1+
0(
#70425
1!
1"
#70430
0!
0"
1:
15
04
02
10
1.
0-
0+
0)
0&
0%
#70435
1!
1"
#70440
0!
0"
1:
11
14
12
00
1/
1-
1+
1*
0'
#70445
1!
1"
#70450
0!
0"
1:
01
04
13
02
0-
1,
0*
1)
1&
#70455
1!
1"
#70460
0!
0"
1:
1$
11
14
03
10
1-
0+
0)
1(
1'
#70465
1!
1"
b11010110 6
#70470
0!
0"
1:
0$
05
04
13
12
0.
0-
0,
1*
1)
0'
1%
#70475
1!
1"
b10011101 6
#70480
0!
0"
1:
01
15
14
00
0/
1.
1,
1+
1'
0&
#70485
1!
1"
#70490
0!
0"
1:
0*
0'
0%
11
#70495
1!
1"
b10011011 6
#70500
0!
0"
1:
1$
10
1/
0.
1-
0,
0)
0(
1'
1&
1%
#70505
1!
1"
#70510
0!
0"
1:
04
03
00
0/
0-
1,
0+
1*
0'
0%
#70515
1!
1"
b10101111 6
#70520
0!
0"
1:
05
13
02
1+
0*
1(
0&
1%
#70525
1!
1"
b1010000 6
#70530
0!
0"
1:
0$
15
12
10
1/
0,
0+
1)
1'
1&
#70535
1!
1"
b101 6
#70540
0!
0"
1:
1$
01
02
1.
1-
1+
0)
0'
0%
#70545
1!
1"
#70550
0!
0"
1:
11
03
12
00
0-
1*
#70555
1!
1"
b110000 6
#70560
0!
0"
1:
05
14
13
10
0/
0+
0*
0(
1'
0&
1%
#70565
1!
1"
b101011 6
#70570
0!
0"
1:
15
02
00
0.
1(
0'
1&
#70575
1!
1"
b11111 6
#70580
0!
0"
1:
01
05
04
03
12
1/
1.
1)
0%
#70585
1!
1"
#70590
0!
0"
1:
15
14
02
0.
1'
#70595
1!
1"
#70600
0!
0"
1:
05
04
12
10
0/
1+
1*
0)
0&
1%
#70605
1!
1"
#70610
0!
0"
1:
11
15
14
1/
1-
1,
1)
0(
0%
#70615
1!
1"
b1100001 6
#70620
0!
0"
1:
01
05
04
13
02
00
0/
1.
0-
0,
0+
1(
0'
1&
1%
#70625
1!
1"
#70630
0!
0"
1:
0$
15
14
03
12
1/
1-
0*
0&
#70635
1!
1"
#70640
0!
0"
1:
1$
11
05
02
0/
0-
1+
1*
1&
#70645
1!
1"
b11111011 6
#70650
0!
0"
1:
04
13
12
0*
0(
0&
0%
#70655
1!
1"
b10011101 6
#70660
0!
0"
1:
1-
1,
0+
0)
1'
1%
01
#70665
1!
1"
#70670
0!
0"
1:
15
1/
0,
1*
1&
#70675
1!
1"
#70680
0!
0"
1:
0$
02
0-
1+
0*
1(
0'
#70685
1!
1"
#70690
0!
0"
1:
14
10
1-
1,
0+
1*
0(
1'
#70695
1!
1"
#70700
0!
0"
1:
1$
05
04
03
0,
0%
#70705
1!
1"
#70710
0!
0"
1:
13
00
0.
0*
1)
1%
#70715
1!
1"
#70720
0!
0"
1:
11
15
14
10
0/
0-
1,
1*
0)
1(
0&
0%
#70725
1!
1"
b10000010 6
#70730
0!
0"
1:
01
03
00
1/
1.
1-
0*
1)
#70735
1!
1"
#70740
0!
0"
1:
0$
13
0.
0(
0'
1%
#70745
1!
1"
#70750
0!
0"
1:
1$
11
05
04
12
1.
1+
1*
0)
1(
1'
0%
#70755
1!
1"
b10011101 6
#70760
0!
0"
1:
01
14
03
02
0/
0,
0*
0'
#70765
1!
1"
#70770
0!
0"
1:
0$
11
15
13
10
0.
0-
0+
0(
1%
#70775
1!
1"
b10000010 6
#70780
0!
0"
1:
01
05
04
03
12
00
1.
1-
1,
1+
1*
1)
#70785
1!
1"
#70790
0!
0"
1:
1$
10
1/
0-
0,
1(
1'
#70795
1!
1"
#70800
0!
0"
1:
0$
11
15
00
0.
0*
0(
1&
0%
#70805
1!
1"
b110000 6
#70810
0!
0"
1:
1$
01
13
1.
1*
1(
0'
0&
#70815
1!
1"
#70820
0!
0"
1:
05
10
0/
0.
0+
0*
0(
1'
1%
#70825
1!
1"
#70830
0!
0"
1:
0$
11
03
02
1/
1.
1,
1+
1*
0)
0'
#70835
1!
1"
b10100100 6
#70840
0!
0"
1:
1$
01
13
00
0,
0+
0*
1(
1'
1&
#70845
1!
1"
#70850
0!
0"
1:
0$
0/
1+
1)
0(
0&
11
#70855
1!
1"
b1010000 6
#70860
0!
0"
1:
1$
01
03
0.
1-
1,
1(
0'
#70865
1!
1"
#70870
0!
0"
1:
0$
11
15
12
0,
0)
1&
0%
#70875
1!
1"
b10111000 6
#70880
0!
0"
1:
01
14
10
1/
0+
1*
1)
0(
1'
1%
#70885
1!
1"
#70890
0!
0"
1:
1$
11
05
13
00
1.
0-
1+
0*
0)
0'
0%
#70895
1!
1"
b10001010 6
#70900
0!
0"
1:
0$
15
04
02
10
1-
1,
0+
1'
0&
1%
#70905
1!
1"
b10000110 6
#70910
0!
0"
1:
05
14
0.
0,
1)
0'
#70915
1!
1"
b1001111 6
#70920
0!
0"
1:
1$
01
03
00
1.
0-
1,
1+
1*
1(
#70925
1!
1"
#70930
0!
0"
1:
12
0/
0)
1'
0%
#70935
1!
1"
#70940
0!
0"
1:
0$
04
02
10
0.
1-
0,
1)
0(
1%
#70945
1!
1"
#70950
0!
0"
1:
11
15
13
12
00
1.
0*
0)
#70955
1!
1"
b11100100 6
#70960
0!
0"
1:
05
14
02
10
1/
1)
#70965
1!
1"
b1001111 6
#70970
0!
0"
1:
1$
00
0/
0+
0)
1(
0'
0%
01
#70975
1!
1"
#70980
0!
0"
1:
0$
11
15
04
03
1,
1+
1*
1&
#70985
1!
1"
b1100 6
#70990
0!
0"
1:
01
14
12
10
0.
0-
0+
1)
0(
1'
1%
#70995
1!
1"
#71000
0!
0"
1:
1$
11
05
13
02
1.
1-
1(
#71005
1!
1"
b1001111 6
#71010
0!
0"
1:
0$
15
04
03
1/
0,
0*
0)
#71015
1!
1"
b1100 6
#71020
0!
0"
1:
1$
01
14
13
00
0.
0-
1)
0'
#71025
1!
1"
#71030
0!
0"
1:
0$
11
04
03
12
0/
1-
1,
1*
0)
1'
0&
#71035
1!
1"
b11110110 6
#71040
0!
0"
1:
1$
01
13
10
0,
1+
0'
1&
#71045
1!
1"
#71050
0!
0"
1:
0$
03
00
1/
1.
0-
0+
0*
0(
1'
0&
0%
#71055
1!
1"
#71060
0!
0"
1:
11
05
10
0/
0.
1,
1*
1(
0'
1%
#71065
1!
1"
b110111 6
#71070
0!
0"
1:
1$
01
14
13
02
00
1/
1-
0,
0(
1'
1&
#71075
1!
1"
#71080
0!
0"
1:
11
12
1.
0*
1)
1(
0&
0%
#71085
1!
1"
b1001010 6
#71090
0!
0"
1:
0$
01
04
03
0/
0.
0-
1*
0'
1&
#71095
1!
1"
#71100
0!
0"
1:
1$
14
02
1+
0(
0&
#71105
1!
1"
#71110
0!
0"
1:
11
12
10
1.
1-
1,
0*
0)
1'
1&
#71115
1!
1"
b10000001 6
#71120
0!
0"
1:
0$
15
04
13
02
00
1/
0.
0-
1*
1)
0'
0&
1%
#71125
1!
1"
b10000110 6
#71130
0!
0"
1:
1$
14
10
0,
1(
1'
#71135
1!
1"
b10000010 6
#71140
0!
0"
1:
01
03
00
0/
1-
0+
0(
1&
#71145
1!
1"
#71150
0!
0"
1:
0$
11
05
04
13
10
1,
0*
0)
0'
0%
#71155
1!
1"
b100110 6
#71160
0!
0"
1:
15
1/
0-
1+
1*
1(
1%
#71165
1!
1"
b10000110 6
#71170
0!
0"
1:
1$
03
12
00
0/
1.
1-
0*
1)
0(
1'
#71175
1!
1"
b11110110 6
#71180
0!
0"
1:
0$
01
02
10
1/
0,
1*
0&
0%
#71185
1!
1"
#71190
0!
0"
1:
1$
05
13
0/
0.
0+
1(
1&
#71195
1!
1"
#71200
0!
0"
1:
0$
15
14
03
12
1/
0-
0)
0(
0'
#71205
1!
1"
#71210
0!
0"
1:
11
05
13
02
00
0/
1.
1-
1+
0*
1)
1(
1'
1%
#71215
1!
1"
b111101 6
#71220
0!
0"
1:
04
03
0.
0+
0(
0%
#71225
1!
1"
b11100000 6
#71230
0!
0"
1:
1$
10
1,
1+
1*
0)
0'
0&
01
#71235
1!
1"
#71240
0!
0"
1:
15
00
1/
1.
0+
0*
1)
1(
1&
#71245
1!
1"
#71250
0!
0"
1:
11
05
13
12
1+
1*
0)
#71255
1!
1"
b10011101 6
#71260
0!
0"
1:
0$
10
0/
0.
0-
0,
0(
1'
0&
#71265
1!
1"
#71270
0!
0"
1:
15
14
03
00
0+
0*
1)
1&
1%
#71275
1!
1"
b11100011 6
#71280
0!
0"
1:
02
1.
1+
1*
0&
0%
#71285
1!
1"
b10001110 6
#71290
0!
0"
1:
13
1-
0)
0'
#71295
1!
1"
b11001001 6
#71300
0!
0"
1:
1$
03
12
10
1/
0-
0+
0*
1)
1'
1&
#71305
1!
1"
b11100011 6
#71310
0!
0"
1:
04
13
02
0.
1*
0)
1(
0'
1%
#71315
1!
1"
b1111110 6
#71320
0!
0"
1:
0$
01
05
12
00
1-
1)
0(
0&
0%
#71325
1!
1"
#71330
0!
0"
1:
11
14
03
02
10
0/
1.
1,
0*
#71335
1!
1"
b11111011 6
#71340
0!
0"
1:
15
13
0)
1'
1&
#71345
1!
1"
b11001001 6
#71350
0!
0"
1:
1$
01
05
12
00
0.
0-
0,
1+
1(
0'
#71355
1!
1"
#71360
0!
0"
1:
0$
02
10
1/
1-
0+
1*
0(
1%
#71365
1!
1"
#71370
0!
0"
1:
1$
11
15
03
12
00
0-
1+
1)
1(
#71375
1!
1"
b11100011 6
#71380
0!
0"
1:
0$
01
02
10
0/
1.
1-
0*
0(
1'
0&
#71385
1!
1"
#71390
0!
0"
1:
11
04
1/
0-
1,
1*
1(
1&
0%
#71395
1!
1"
b1100 6
#71400
0!
0"
1:
1$
05
00
0,
0&
1%
#71405
1!
1"
b1111001 6
#71410
0!
0"
1:
0$
14
12
10
0.
1-
1,
0'
1&
#71415
1!
1"
b10000001 6
#71420
0!
0"
1:
15
04
02
0-
0,
0+
0*
0)
0(
0&
#71425
1!
1"
b1100 6
#71430
0!
0"
1:
05
13
12
00
0/
1.
1-
1*
1'
0%
#71435
1!
1"
b10011101 6
#71440
0!
0"
1:
1$
01
15
14
03
02
10
1/
0.
1,
0*
#71445
1!
1"
#71450
0!
0"
1:
11
04
13
00
0/
0-
0,
1%
#71455
1!
1"
b100000 6
#71460
0!
0"
1:
01
05
03
10
1.
1-
1&
#71465
1!
1"
#71470
0!
0"
1:
0$
15
14
0-
1)
1(
0'
0&
0%
#71475
1!
1"
#71480
0!
0"
1:
1$
11
05
04
1-
1+
1*
#71485
1!
1"
b1111001 6
#71490
0!
0"
1:
0$
14
00
1/
0+
0*
0(
1'
1&
1%
#71495
1!
1"
b11011 6
#71500
0!
0"
1:
01
15
04
13
12
0-
1+
0)
1(
0&
0%
#71505
1!
1"
#71510
0!
0"
1:
1$
11
14
02
10
0/
0.
1-
1,
1*
1)
0'
1%
#71515
1!
1"
b11001001 6
#71520
0!
0"
1:
0$
04
12
00
1/
0-
0,
0*
0)
0(
0%
#71525
1!
1"
b11100010 6
#71530
0!
0"
1:
1$
01
05
03
02
0/
1-
1,
1*
1)
1(
1'
1&
1%
#71535
1!
1"
#71540
0!
0"
1:
0$
15
14
13
12
1/
1.
0-
0+
0*
0)
0(
0'
0&
0%
#71545
1!
1"
#71550
0!
0"
1:
02
0/
1-
1*
1)
1'
1&
#71555
1!
1"
#71560
0!
0"
1:
1$
05
0,
0*
0)
1(
#71565
1!
1"
#71570
0!
0"
1:
11
15
04
03
12
1,
0'
#71575
1!
1"
b11111001 6
#71580
0!
0"
1:
0$
05
14
13
02
1/
0.
0,
1*
1)
#71585
1!
1"
b10000111 6
#71590
0!
0"
1:
03
12
0/
1.
1,
1+
1'
0&
#71595
1!
1"
b0 6
#71600
0!
0"
1:
1$
01
15
02
10
1/
0,
0*
0)
1&
1%
#71605
1!
1"
#71610
0!
0"
1:
05
04
13
00
0.
0+
1*
0'
#71615
1!
1"
#71620
0!
0"
1:
14
10
0/
0-
1+
0(
1'
#71625
1!
1"
#71630
0!
0"
1:
15
03
1/
1-
1,
0+
0*
#71635
1!
1"
#71640
0!
0"
1:
0$
11
05
13
12
00
0/
1.
1+
1*
1)
1(
0'
0%
#71645
1!
1"
b11011 6
#71650
0!
0"
1:
15
04
03
02
10
0+
0*
0)
0&
1%
#71655
1!
1"
b11101101 6
#71660
0!
0"
1:
1$
01
05
14
12
1/
0-
0,
1*
0(
1&
#71665
1!
1"
#71670
0!
0"
1:
15
04
1-
1,
1+
0*
1)
1(
0%
#71675
1!
1"
#71680
0!
0"
1:
0$
11
05
14
02
0.
0-
1*
1%
#71685
1!
1"
b11011 6
#71690
0!
0"
1:
1$
15
04
00
0/
0,
0*
0&
#71695
1!
1"
b11101101 6
#71700
0!
0"
1:
13
10
1,
0+
1*
0)
1&
0%
#71705
1!
1"
b10111111 6
#71710
0!
0"
1:
05
14
03
1.
1-
0*
1)
0(
0&
#71715
1!
1"
b11011 6
#71720
0!
0"
1:
01
04
13
12
0.
0-
0,
1*
0)
1(
1'
1&
#71725
1!
1"
#71730
0!
0"
1:
15
00
1+
1)
0(
0&
#71735
1!
1"
#71740
0!
0"
1:
0$
11
03
1/
1.
1-
1,
1(
0'
1&
#71745
1!
1"
b10100000 6
#71750
0!
0"
1:
1$
05
14
02
10
0/
0.
0-
0)
1'
#71755
1!
1"
b11100000 6
#71760
0!
0"
1:
01
15
12
00
1/
1.
0,
0*
0'
0&
1%
#71765
1!
1"
#71770
0!
0"
1:
04
02
0/
1-
1,
1*
1)
1'
0%
#71775
1!
1"
#71780
0!
0"
1:
14
12
10
1/
0-
0+
0)
0(
0'
1&
#71785
1!
1"
#71790
0!
0"
1:
0$
00
1-
1+
0*
0&
1%
#71795
1!
1"
#71800
0!
0"
1:
11
13
02
0/
0.
1*
1(
1&
0%
#71805
1!
1"
b1110001 6
#71810
0!
0"
1:
1$
04
03
10
1/
0+
0*
0(
1'
1%
#71815
1!
1"
b11101101 6
#71820
0!
0"
1:
0$
05
13
0/
1.
0,
1)
0'
0&
0%
#71825
1!
1"
b1010111 6
#71830
0!
0"
1:
14
0.
1+
1(
#71835
1!
1"
b10000111 6
#71840
0!
0"
1:
1$
00
1/
1.
0-
0+
1*
0)
1'
1&
1%
01
#71845
1!
1"
#71850
0!
0"
1:
0$
11
15
03
12
0/
0.
1-
1+
1)
0(
0&
0%
#71855
1!
1"
b11100110 6
#71860
0!
0"
1:
1$
01
05
04
1/
0-
0+
0)
1(
1&
#71865
1!
1"
#71870
0!
0"
1:
0$
15
14
13
02
1)
0(
0&
1%
#71875
1!
1"
#71880
0!
0"
1:
11
04
03
12
10
0/
1,
1+
0)
0'
#71885
1!
1"
b100110 6
#71890
0!
0"
1:
1$
01
05
14
13
02
00
0*
0%
#71895
1!
1"
#71900
0!
0"
1:
0$
15
04
03
10
1/
1.
0+
1*
1&
#71905
1!
1"
#71910
0!
0"
1:
1$
11
05
12
00
0.
1-
0*
1)
1'
#71915
1!
1"
b110111 6
#71920
0!
0"
1:
0$
01
02
10
0/
1.
1(
#71925
1!
1"
#71930
0!
0"
1:
1$
15
13
12
00
0.
0,
1+
0'
0&
#71935
1!
1"
#71940
0!
0"
1:
05
03
02
1/
0-
1,
1%
#71945
1!
1"
#71950
0!
0"
1:
14
13
12
10
0/
1.
1-
1'
1&
#71955
1!
1"
#71960
0!
0"
1:
0$
11
04
03
0-
0+
0)
0(
0'
0&
0%
#71965
1!
1"
#71970
0!
0"
1:
01
15
14
02
0.
1+
1*
1)
1'
1%
#71975
1!
1"
#71980
0!
0"
1:
13
1.
0+
1&
#71985
1!
1"
#71990
0!
0"
1:
1$
11
04
03
12
1/
0.
0,
1+
0)
1(
0'
0&
#71995
1!
1"
b10110010 6
#72000
0!
0"
1:
0$
05
13
1.
0+
0(
1'
0%
#72005
1!
1"
b1000111 6
#72010
0!
0"
1:
1$
01
15
14
0/
0.
1-
1,
1+
1)
1%
#72015
1!
1"
#72020
0!
0"
1:
04
00
1/
0,
0*
0'
1&
#72025
1!
1"
#72030
0!
0"
1:
11
14
03
02
10
0)
1'
#72035
1!
1"
b11111100 6
#72040
0!
0"
1:
0$
01
04
13
12
00
0-
1,
0+
1*
0'
#72045
1!
1"
#72050
0!
0"
1:
1$
11
02
10
0/
1.
1-
1+
0*
1)
1'
0&
#72055
1!
1"
b1010001 6
#72060
0!
0"
1:
0$
01
05
14
03
00
1/
0.
0,
0+
1(
1&
0%
#72065
1!
1"
#72070
0!
0"
1:
15
04
13
0/
0(
0'
#72075
1!
1"
#72080
0!
0"
1:
1$
14
03
10
1/
1.
1*
0)
#72085
1!
1"
#72090
0!
0"
1:
0$
11
05
04
13
12
00
0/
1,
1+
0*
1(
1%
#72095
1!
1"
b10101010 6
#72100
0!
0"
1:
14
0-
0+
0(
0&
#72105
1!
1"
b101011 6
#72110
0!
0"
1:
1$
03
10
0.
1+
1*
1'
#72115
1!
1"
b10111101 6
#72120
0!
0"
1:
0$
04
00
1-
0+
1)
0'
#72125
1!
1"
b110111 6
#72130
0!
0"
1:
1$
15
14
02
1.
0,
1+
0)
1(
1'
0%
#72135
1!
1"
b11111100 6
#72140
0!
0"
1:
0$
10
0.
0-
0*
1)
0(
01
#72145
1!
1"
#72150
0!
0"
1:
11
05
04
13
12
00
1/
1.
1,
0+
1*
0'
1&
#72155
1!
1"
b10101010 6
#72160
0!
0"
1:
1$
03
02
10
0,
0*
0)
1(
#72165
1!
1"
b110000 6
#72170
0!
0"
1:
01
14
12
00
1+
1*
1)
#72175
1!
1"
#72180
0!
0"
1:
15
10
0.
1-
0*
0)
1'
#72185
1!
1"
#72190
0!
0"
1:
0$
04
13
0/
1.
0-
0+
0(
0&
#72195
1!
1"
#72200
0!
0"
1:
1$
11
05
14
02
00
1/
1,
1+
1)
1&
#72205
1!
1"
b10011010 6
#72210
0!
0"
1:
01
15
04
12
0/
0.
1*
0)
1(
0'
0&
1%
#72215
1!
1"
#72220
0!
0"
1:
0$
05
1.
1)
#72225
1!
1"
#72230
0!
0"
1:
15
14
10
1-
0,
1'
#72235
1!
1"
#72240
0!
0"
1:
05
04
03
02
0+
0)
0(
0'
0%
#72245
1!
1"
#72250
0!
0"
1:
1$
11
15
0.
1,
1+
0*
1)
1&
#72255
1!
1"
b10101000 6
#72260
0!
0"
1:
05
13
1/
1.
1'
#72265
1!
1"
b10111001 6
#72270
0!
0"
1:
0$
03
00
0/
0.
0,
0+
0)
1(
0'
#72275
1!
1"
b110000 6
#72280
0!
0"
1:
15
14
13
12
1/
0-
1*
1)
0(
1'
0&
1%
#72285
1!
1"
b10111101 6
#72290
0!
0"
1:
01
03
10
1,
0)
1(
0%
#72295
1!
1"
#72300
0!
0"
1:
1$
04
00
0/
0*
1)
0(
1&
1%
#72305
1!
1"
#72310
0!
0"
1:
0$
05
1.
1+
0)
1(
0'
#72315
1!
1"
#72320
0!
0"
1:
15
13
02
0.
0,
1*
1'
0&
#72325
1!
1"
#72330
0!
0"
1:
14
03
10
1.
1-
1)
0(
0'
0%
#72335
1!
1"
#72340
0!
0"
1:
11
04
13
00
0.
1,
#72345
1!
1"
b11100110 6
#72350
0!
0"
1:
1$
05
03
12
10
1/
1.
0,
0+
0*
1(
1&
1%
#72355
1!
1"
b110111 6
#72360
0!
0"
1:
01
13
00
0.
1,
1*
0)
0&
0%
#72365
1!
1"
#72370
0!
0"
1:
0$
15
03
1.
0,
1&
1%
#72375
1!
1"
#72380
0!
0"
1:
1$
11
14
13
10
1)
0%
#72385
1!
1"
b10111101 6
#72390
0!
0"
1:
05
04
03
02
0/
1,
1+
0)
0(
0&
#72395
1!
1"
b110000 6
#72400
0!
0"
1:
15
14
1/
0-
0+
1)
1(
1'
1&
1%
#72405
1!
1"
b1101100 6
#72410
0!
0"
1:
0$
01
05
12
0/
0)
#72415
1!
1"
#72420
0!
0"
1:
1$
13
02
00
1/
0*
1)
0(
0&
0%
#72425
1!
1"
#72430
0!
0"
1:
15
04
03
0/
1-
0'
#72435
1!
1"
#72440
0!
0"
1:
05
14
13
12
0)
1(
1%
#72445
1!
1"
#72450
0!
0"
1:
0$
11
03
02
1/
1+
1)
#72455
1!
1"
b10010110 6
#72460
0!
0"
1:
01
15
04
13
12
0/
0,
0+
0)
1'
#72465
1!
1"
#72470
0!
0"
1:
11
05
02
10
0.
0-
1*
1)
0(
0'
1&
0%
#72475
1!
1"
b10111001 6
#72480
0!
0"
1:
03
12
00
1.
1,
1+
0*
1'
#72485
1!
1"
b110111 6
#72490
0!
0"
1:
1$
01
14
13
10
0+
1%
#72495
1!
1"
#72500
0!
0"
1:
11
04
03
00
1/
0.
0,
1+
0&
0%
#72505
1!
1"
#72510
0!
0"
1:
0$
15
13
0/
1*
0)
1(
1%
#72515
1!
1"
b10001111 6
#72520
0!
0"
1:
01
05
14
1/
0+
#72525
1!
1"
#72530
0!
0"
1:
1$
11
15
03
10
0/
1-
1+
0(
0'
0%
#72535
1!
1"
b11100110 6
#72540
0!
0"
1:
0$
04
02
00
1.
0+
0*
1(
1'
#72545
1!
1"
b1011010 6
#72550
0!
0"
1:
1$
01
05
0-
1*
1)
0'
#72555
1!
1"
#72560
0!
0"
1:
0$
15
14
12
10
1+
0*
1&
#72565
1!
1"
#72570
0!
0"
1:
1$
11
04
02
1/
0.
1-
1'
0&
1%
#72575
1!
1"
b11000100 6
#72580
0!
0"
1:
0$
05
13
12
00
0/
1,
0(
0'
1&
#72585
1!
1"
b10101010 6
#72590
0!
0"
1:
1$
01
14
02
1/
1.
0+
1(
1'
#72595
1!
1"
#72600
0!
0"
1:
0$
11
04
03
12
10
0/
0-
1+
1*
0(
0'
0&
0%
#72605
1!
1"
b110111 6
#72610
0!
0"
1:
1$
15
14
02
00
1/
0,
0*
0)
1'
1%
#72615
1!
1"
b1101100 6
#72620
0!
0"
1:
01
04
13
12
10
0.
1,
0+
1)
1(
1&
0%
#72625
1!
1"
#72630
0!
0"
1:
0$
05
14
0/
1-
0,
1+
0)
0(
#72635
1!
1"
#72640
0!
0"
1:
11
03
00
1/
1.
0-
1)
1(
0'
1%
#72645
1!
1"
b100110 6
#72650
0!
0"
1:
04
02
10
1,
0+
1*
0(
0&
#72655
1!
1"
b1101001 6
#72660
0!
0"
1:
1$
15
00
0/
0.
1-
0,
1+
0)
1(
1'
1&
#72665
1!
1"
b11000100 6
#72670
0!
0"
1:
0$
01
05
12
1/
1,
1)
0(
0'
#72675
1!
1"
#72680
0!
0"
1:
1$
14
13
02
0/
0-
0,
0+
1(
0%
#72685
1!
1"
#72690
0!
0"
1:
0$
11
15
04
03
12
10
1/
0)
#72695
1!
1"
b11100 6
#72700
0!
0"
1:
1$
05
13
02
00
0/
1,
1+
0*
1)
0(
1'
#72705
1!
1"
b10111001 6
#72710
0!
0"
1:
0$
15
14
10
1/
1.
0,
0+
0)
1(
0'
1%
#72715
1!
1"
b10010011 6
#72720
0!
0"
1:
01
12
0/
1,
1*
0(
1'
0&
0%
#72725
1!
1"
#72730
0!
0"
1:
11
02
1/
0,
1)
1(
0'
1&
#72735
1!
1"
#72740
0!
0"
1:
01
04
12
00
0.
1+
0*
0(
0&
1%
#72745
1!
1"
#72750
0!
0"
1:
1$
11
14
03
02
10
0/
1.
1(
1'
1&
0%
#72755
1!
1"
b1101100 6
#72760
0!
0"
1:
01
05
12
0.
0+
0)
0(
0&
#72765
1!
1"
#72770
0!
0"
1:
0$
11
15
04
13
02
00
1/
1-
1+
1*
1)
1(
0'
#72775
1!
1"
b11000000 6
#72780
0!
0"
1:
01
14
12
0+
1&
1%
#72785
1!
1"
#72790
0!
0"
1:
1$
02
0/
1.
1,
1+
0(
1'
#72795
1!
1"
#72800
0!
0"
1:
05
03
10
1/
0)
0'
0&
#72805
1!
1"
#72810
0!
0"
1:
11
15
13
00
0.
0,
0*
1)
1(
1'
#72815
1!
1"
b10100101 6
#72820
0!
0"
1:
05
04
0-
1,
1*
1&
#72825
1!
1"
b10111001 6
#72830
0!
0"
1:
0$
15
14
10
0/
1.
0,
0)
0%
#72835
1!
1"
b10100101 6
#72840
0!
0"
1:
04
03
1/
1,
1)
0'
#72845
1!
1"
b11000100 6
#72850
0!
0"
1:
05
00
0/
0.
0,
0)
0&
#72855
1!
1"
b1101001 6
#72860
0!
0"
1:
1$
15
14
12
1/
0+
0*
0(
1&
1%
#72865
1!
1"
b10101010 6
#72870
0!
0"
1:
0$
05
13
02
10
1.
1-
1,
1+
0%
#72875
1!
1"
b10110000 6
#72880
0!
0"
1:
15
0-
0,
1*
1)
1(
1'
1%
#72885
1!
1"
b10100101 6
#72890
0!
0"
1:
1$
01
05
04
12
0.
0+
0)
0%
#72895
1!
1"
#72900
0!
0"
1:
0$
11
15
14
02
00
0/
1-
1,
1)
0'
0&
1%
#72905
1!
1"
b1000011 6
#72910
0!
0"
1:
01
05
04
1+
0*
0)
#72915
1!
1"
#72920
0!
0"
1:
11
14
03
12
10
1/
1.
0-
0,
0+
1)
1&
#72925
1!
1"
b100110 6
#72930
0!
0"
1:
1$
01
15
02
1-
0(
1'
#72935
1!
1"
#72940
0!
0"
1:
0$
11
13
00
0.
1+
1(
0&
#72945
1!
1"
b1000011 6
#72950
0!
0"
1:
01
12
1.
1*
0)
0(
#72955
1!
1"
#72960
0!
0"
1:
03
02
10
0/
0.
1,
0*
1)
1(
0'
0%
#72965
1!
1"
#72970
0!
0"
1:
1$
05
13
00
0+
1*
0)
1&
#72975
1!
1"
#72980
0!
0"
1:
0$
15
03
12
1/
0,
1+
1)
1'
0&
#72985
1!
1"
#72990
0!
0"
1:
1$
05
1.
1,
0*
1%
#72995
1!
1"
#73000
0!
0"
1:
0$
11
13
0.
0-
0,
0'
#73005
1!
1"
b10001111 6
#73010
0!
0"
1:
1$
01
04
03
1,
1*
1&
0%
#73015
1!
1"
#73020
0!
0"
1:
15
02
10
0,
0+
0(
1'
0&
1%
#73025
1!
1"
#73030
0!
0"
1:
14
13
00
1.
1,
1+
0*
0'
0%
#73035
1!
1"
#73040
0!
0"
1:
11
05
03
10
0.
0+
1*
0)
1(
1&
1%
#73045
1!
1"
b1 6
#73050
0!
0"
1:
0$
04
13
1.
1-
0*
0(
0%
#73055
1!
1"
b10111001 6
#73060
0!
0"
1:
1$
01
12
00
0/
0-
0&
1%
#73065
1!
1"
#73070
0!
0"
1:
15
14
03
02
10
1/
0.
1-
0,
1*
0%
#73075
1!
1"
#73080
0!
0"
1:
0$
11
05
1,
1+
1)
1%
#73085
1!
1"
b1 6
#73090
0!
0"
1:
1$
01
15
12
00
0/
0,
0)
1(
1'
0%
#73095
1!
1"
#73100
0!
0"
1:
05
04
13
02
10
1/
1.
0+
0*
1)
0(
1%
#73105
1!
1"
#73110
0!
0"
1:
0$
14
00
0/
1(
0'
1&
#73115
1!
1"
#73120
0!
0"
1:
1$
03
12
10
0.
0-
1+
0)
1'
0&
#73125
1!
1"
#73130
0!
0"
1:
0$
11
04
13
02
00
1.
1-
1,
0+
#73135
1!
1"
b10111001 6
#73140
0!
0"
1:
1$
14
1/
0-
0,
1+
1*
0(
0'
#73145
1!
1"
b10110000 6
#73150
0!
0"
1:
01
15
12
10
0.
1-
1,
0+
1&
0%
#73155
1!
1"
#73160
0!
0"
1:
04
03
0-
1+
1)
1'
1%
#73165
1!
1"
#73170
0!
0"
1:
0$
0/
0,
0+
0)
1(
0&
0%
11
#73175
1!
1"
b11100 6
#73180
0!
0"
1:
05
13
02
1-
1,
0*
1)
0'
1%
#73185
1!
1"
b1011011 6
#73190
0!
0"
1:
1$
01
15
14
03
1.
0,
1+
1*
0)
0(
1'
0%
#73195
1!
1"
#73200
0!
0"
1:
0$
11
05
13
12
0*
1)
0'
1%
#73205
1!
1"
b11110011 6
#73210
0!
0"
1:
01
15
04
00
0.
0-
1,
1*
1(
1&
0%
#73215
1!
1"
#73220
0!
0"
1:
14
02
10
1.
1-
0+
0)
0&
1%
#73225
1!
1"
#73230
0!
0"
1:
1$
04
00
1/
0,
1+
0*
1)
0(
1'
#73235
1!
1"
#73240
0!
0"
1:
05
0.
0-
1,
0+
1(
0%
#73245
1!
1"
#73250
0!
0"
1:
11
15
12
10
0/
1.
1+
0(
0'
1&
1%
#73255
1!
1"
b1010011 6
#73260
0!
0"
1:
0$
14
02
00
0+
1(
1'
#73265
1!
1"
b1000011 6
#73270
0!
0"
1:
1$
04
03
1/
0.
1-
0,
1+
0(
#73275
1!
1"
b11000100 6
#73280
0!
0"
1:
0$
01
14
12
1.
0)
0%
#73285
1!
1"
#73290
0!
0"
1:
1$
11
13
10
0/
1,
0+
1)
0&
#73295
1!
1"
b11110010 6
#73300
0!
0"
1:
0$
00
1/
0-
0,
1+
0)
#73305
1!
1"
#73310
0!
0"
1:
1$
04
03
02
0/
1-
0+
1*
#73315
1!
1"
b11000100 6
#73320
0!
0"
1:
01
13
12
10
0.
1,
1+
1)
1(
0'
1&
1%
#73325
1!
1"
#73330
0!
0"
1:
11
05
00
1/
0+
0(
1'
0%
#73335
1!
1"
b10110101 6
#73340
0!
0"
1:
0$
10
0*
1(
0'
01
#73345
1!
1"
#73350
0!
0"
1:
15
14
03
02
0-
1+
1*
0(
#73355
1!
1"
#73360
0!
0"
1:
1$
11
04
12
1.
0,
0+
0)
1%
#73365
1!
1"
b11100 6
#73370
0!
0"
1:
0$
01
14
02
00
0/
1-
1+
1)
1(
1'
0&
0%
#73375
1!
1"
#73380
0!
0"
1:
1$
04
10
1/
0+
0)
0'
1&
#73385
1!
1"
#73390
0!
0"
1:
11
05
0/
0.
0-
1,
1+
0*
0(
#73395
1!
1"
b1001011 6
#73400
0!
0"
1:
0$
14
12
1/
1-
0+
1*
1'
0&
#73405
1!
1"
b10101110 6
#73410
0!
0"
1:
0/
0-
1+
1(
0'
1&
1%
01
#73415
1!
1"
#73420
0!
0"
1:
11
15
04
00
1/
1.
1-
0*
0(
0&
#73425
1!
1"
b11100 6
#73430
0!
0"
1:
14
13
02
0/
0.
0-
1*
1)
1'
0%
#73435
1!
1"
b1000011 6
#73440
0!
0"
1:
05
04
03
1-
0+
0*
0'
1&
1%
#73445
1!
1"
b1001011 6
#73450
0!
0"
1:
12
1+
#73455
1!
1"
b1100110 6
#73460
0!
0"
1:
1$
01
15
14
13
02
10
1/
0,
1*
1(
0&
#73465
1!
1"
#73470
0!
0"
1:
0$
11
03
0-
0+
0*
0(
#73475
1!
1"
b10010010 6
#73480
0!
0"
1:
1$
01
04
13
00
1-
0%
#73485
1!
1"
#73490
0!
0"
1:
05
03
12
10
1+
1'
#73495
1!
1"
#73500
0!
0"
1:
0$
11
15
14
02
1.
0-
1,
1*
1%
#73505
1!
1"
#73510
0!
0"
1:
01
04
12
0/
0.
0)
0%
#73515
1!
1"
#73520
0!
0"
1:
11
05
14
02
00
1/
1.
1(
0'
1%
#73525
1!
1"
b10101011 6
#73530
0!
0"
1:
01
04
12
10
0,
1)
0(
#73535
1!
1"
#73540
0!
0"
1:
11
15
13
0.
1-
1,
0*
0)
1(
#73545
1!
1"
b11111001 6
#73550
0!
0"
1:
14
03
02
0/
0,
0+
1)
0(
1'
1&
#73555
1!
1"
b10010010 6
#73560
0!
0"
1:
1$
01
05
04
13
12
1/
0-
1+
1*
0)
0'
#73565
1!
1"
#73570
0!
0"
1:
0$
14
03
02
00
0/
1-
1,
0+
1(
0%
#73575
1!
1"
#73580
0!
0"
1:
1$
11
15
13
1/
1.
0-
0,
1+
0*
1%
#73585
1!
1"
b1000011 6
#73590
0!
0"
1:
0$
01
04
12
10
0/
1-
1,
0+
1*
0(
1'
0&
#73595
1!
1"
#73600
0!
0"
1:
11
05
14
1/
0-
1+
1)
1(
0%
#73605
1!
1"
b10101010 6
#73610
0!
0"
1:
1$
01
15
04
03
0+
0'
1&
#73615
1!
1"
#73620
0!
0"
1:
11
14
13
02
00
0.
1-
0)
0(
1%
#73625
1!
1"
b1000011 6
#73630
0!
0"
1:
0$
05
04
12
1.
0*
1)
0&
#73635
1!
1"
b1011010 6
#73640
0!
0"
1:
1$
02
0.
1(
0%
#73645
1!
1"
b110001 6
#73650
0!
0"
1:
01
03
10
0/
1.
0,
0)
#73655
1!
1"
#73660
0!
0"
1:
0$
15
13
12
0.
1+
1*
1'
1%
#73665
1!
1"
#73670
0!
0"
1:
1$
14
00
1.
1,
0*
1)
0'
1&
#73675
1!
1"
#73680
0!
0"
1:
0$
04
03
02
10
0-
0(
0&
#73685
1!
1"
#73690
0!
0"
1:
1$
13
00
1/
0,
0+
1*
0)
1(
1&
#73695
1!
1"
#73700
0!
0"
1:
0$
12
10
0.
0(
#73705
1!
1"
#73710
0!
0"
1:
1$
11
14
00
1.
1-
1)
1'
0&
0%
#73715
1!
1"
b11110010 6
#73720
0!
0"
1:
01
03
02
10
0/
0.
1,
1+
0)
1&
1%
#73725
1!
1"
#73730
0!
0"
1:
0$
04
0-
0,
0+
1)
1(
0'
0%
#73735
1!
1"
#73740
0!
0"
1:
11
05
13
12
1/
1.
1,
1+
0)
0(
1'
0&
1%
#73745
1!
1"
b1011010 6
#73750
0!
0"
1:
15
14
03
02
00
0.
1-
0+
0*
1(
1&
0%
#73755
1!
1"
b10010010 6
#73760
0!
0"
1:
01
05
12
10
1.
0-
0,
1+
0(
#73765
1!
1"
#73770
0!
0"
1:
1$
11
15
1-
0+
1)
0'
0&
1%
#73775
1!
1"
b100001 6
#73780
0!
0"
1:
0$
01
05
0/
1*
0)
1(
1'
1&
#73785
1!
1"
#73790
0!
0"
1:
11
02
00
0-
1+
0*
1)
0'
#73795
1!
1"
b11001110 6
#73800
0!
0"
1:
01
13
0.
1,
1*
0)
0(
0&
0%
#73805
1!
1"
#73810
0!
0"
1:
11
15
04
12
10
1/
1.
1-
1&
1%
#73815
1!
1"
b1000110 6
#73820
0!
0"
1:
1$
01
05
14
03
02
00
0/
0.
0,
0*
1)
1'
0&
0%
#73825
1!
1"
#73830
0!
0"
1:
11
04
12
10
1.
0+
0)
0'
1&
1%
#73835
1!
1"
b10001111 6
#73840
0!
0"
1:
0$
01
15
14
13
0-
1+
1)
#73845
1!
1"
#73850
0!
0"
1:
11
05
04
1/
0.
1,
0+
#73855
1!
1"
b1101 6
#73860
0!
0"
1:
1$
14
03
02
00
0/
1.
1+
1*
1(
#73865
1!
1"
b10101000 6
#73870
0!
0"
1:
0$
13
1/
0.
0,
0+
0)
0(
1'
0&
0%
#73875
1!
1"
b11011010 6
#73880
0!
0"
1:
01
04
12
1.
1-
1+
1)
1(
0'
#73885
1!
1"
#73890
0!
0"
1:
10
0-
1,
0(
1%
11
#73895
1!
1"
b1101 6
#73900
0!
0"
1:
1$
01
03
02
0/
0%
#73905
1!
1"
#73910
0!
0"
1:
0$
11
14
1/
0.
1-
0+
0*
1&
1%
#73915
1!
1"
b10101000 6
#73920
0!
0"
1:
1$
04
12
00
0/
1.
0-
0)
1(
0&
#73925
1!
1"
b10001111 6
#73930
0!
0"
1:
0$
01
14
13
1/
0,
0(
1&
0%
#73935
1!
1"
#73940
0!
0"
1:
1$
0/
0.
1,
1*
1)
1(
0&
1%
11
#73945
1!
1"
b1111001 6
#73950
0!
0"
1:
0$
01
15
04
1-
0,
0*
0)
1'
1&
#73955
1!
1"
#73960
0!
0"
1:
05
03
02
1/
0-
1,
1+
1)
0'
0%
#73965
1!
1"
#73970
0!
0"
1:
14
13
10
0/
1.
0,
0+
0)
0(
1%
#73975
1!
1"
#73980
0!
0"
1:
11
04
03
12
0.
1-
1+
1'
0&
#73985
1!
1"
b10001111 6
#73990
0!
0"
1:
14
13
1.
#73995
1!
1"
b1111001 6
#74000
0!
0"
1:
1$
01
02
00
1/
1*
1)
1(
#74005
1!
1"
#74010
0!
0"
1:
15
03
10
0/
1,
0)
0(
0%
#74015
1!
1"
#74020
0!
0"
1:
05
13
1/
0.
0-
0+
1(
0'
1&
1%
#74025
1!
1"
#74030
0!
0"
1:
1.
1-
1)
0(
#74035
1!
1"
#74040
0!
0"
1:
0$
03
1+
1'
0&
#74045
1!
1"
#74050
0!
0"
1:
1$
13
0/
0-
0+
1(
1&
#74055
1!
1"
#74060
0!
0"
1:
11
03
12
1-
1+
0*
0)
0(
0'
0&
#74065
1!
1"
b10101110 6
#74070
0!
0"
1:
0$
15
04
13
00
0.
0,
0+
1(
1&
#74075
1!
1"
b1010011 6
#74080
0!
0"
1:
02
1/
1,
1)
0(
1'
0%
#74085
1!
1"
b11010111 6
#74090
0!
0"
1:
1$
01
03
12
10
0/
1(
0'
0&
#74095
1!
1"
#74100
0!
0"
1:
11
05
13
02
00
0-
0,
0)
#74105
1!
1"
b110001 6
#74110
0!
0"
1:
0$
01
14
12
10
1/
1-
1+
1&
1%
#74115
1!
1"
#74120
0!
0"
1:
1$
15
04
0/
1.
0-
1*
1)
0%
#74125
1!
1"
#74130
0!
0"
1:
11
05
14
03
00
1/
0.
0*
0)
0(
0&
1%
#74135
1!
1"
b10101110 6
#74140
0!
0"
1:
02
0/
1.
0+
1)
1(
1&
0%
#74145
1!
1"
b1111101 6
#74150
0!
0"
1:
0$
04
1*
0&
1%
#74155
1!
1"
b11110101 6
#74160
0!
0"
1:
1$
01
13
12
1/
0.
1-
0)
#74165
1!
1"
#74170
0!
0"
1:
15
14
03
02
0/
1.
1,
1+
1)
0(
0%
#74175
1!
1"
#74180
0!
0"
1:
0$
11
04
12
0.
0-
0,
0*
1%
#74185
1!
1"
b1001010 6
#74190
0!
0"
1:
01
13
02
10
1.
1-
1,
1(
1'
0%
#74195
1!
1"
#74200
0!
0"
1:
1$
11
05
03
12
00
0.
1*
0)
0'
1&
1%
#74205
1!
1"
b100010 6
#74210
0!
0"
1:
01
15
14
13
02
1/
1.
0-
0,
0+
1'
0&
0%
#74215
1!
1"
#74220
0!
0"
1:
05
04
03
0.
1-
1,
0'
1%
#74225
1!
1"
#74230
0!
0"
1:
15
14
13
0/
1.
0,
1+
1)
0(
1&
0%
#74235
1!
1"
#74240
0!
0"
1:
0$
03
0-
0*
1(
1'
0&
#74245
1!
1"
#74250
0!
0"
1:
11
12
10
0.
1-
1*
#74255
1!
1"
b11101110 6
#74260
0!
0"
1:
1$
01
05
02
00
1.
0)
0(
1&
1%
#74265
1!
1"
#74270
0!
0"
1:
11
15
04
13
12
10
0.
0-
1,
0+
1)
0'
0&
#74275
1!
1"
b1111000 6
#74280
0!
0"
1:
0$
05
03
02
00
1-
1+
0*
#74285
1!
1"
b11111100 6
#74290
0!
0"
1:
15
14
12
10
1/
0-
0)
1'
#74295
1!
1"
b11101110 6
#74300
0!
0"
1:
1$
01
13
00
1&
0%
#74305
1!
1"
#74310
0!
0"
1:
11
05
03
02
10
1.
1*
1)
0'
0&
#74315
1!
1"
b1111101 6
#74320
0!
0"
1:
0$
13
12
0/
0.
1-
0+
0)
1(
1%
#74325
1!
1"
b1101100 6
#74330
0!
0"
1:
01
15
02
00
1/
0-
0,
0*
1)
0(
#74335
1!
1"
#74340
0!
0"
1:
11
05
04
12
0/
1,
1+
1*
1(
1'
1&
0%
#74345
1!
1"
b11011111 6
#74350
0!
0"
1:
01
15
14
03
02
10
1.
1-
0+
0*
0)
0'
0&
1%
#74355
1!
1"
#74360
0!
0"
1:
1$
04
13
12
1/
0.
0-
1*
1)
0%
#74365
1!
1"
#74370
0!
0"
1:
0$
00
0/
1.
1-
0,
1+
0*
0)
1%
#74375
1!
1"
#74380
0!
0"
1:
11
05
14
02
10
1/
0.
0-
1*
1)
0(
1'
0%
#74385
1!
1"
b110010 6
#74390
0!
0"
1:
15
04
03
00
0/
0+
0'
1&
1%
#74395
1!
1"
b11010011 6
#74400
0!
0"
1:
01
05
1/
1.
1+
0*
1'
0%
#74405
1!
1"
#74410
0!
0"
1:
11
15
14
13
10
0.
1,
0+
1*
0)
0'
#74415
1!
1"
b1000011 6
#74420
0!
0"
1:
01
05
00
0/
0,
0*
1)
#74425
1!
1"
#74430
0!
0"
1:
15
04
03
12
10
1/
1,
1+
1%
#74435
1!
1"
#74440
0!
0"
1:
1$
11
13
02
00
1.
0,
0+
1*
1(
1'
0&
0%
#74445
1!
1"
b10000100 6
#74450
0!
0"
1:
10
0/
0.
1-
1,
0*
0(
0'
1&
1%
#74455
1!
1"
#74460
0!
0"
1:
0$
01
14
03
0,
1'
#74465
1!
1"
#74470
0!
0"
1:
1$
00
1.
0-
1,
1+
1*
0&
0%
#74475
1!
1"
#74480
0!
0"
1:
1/
0+
0)
1(
0'
11
#74485
1!
1"
b11000110 6
#74490
0!
0"
1:
01
04
10
0.
0,
1)
1%
#74495
1!
1"
#74500
0!
0"
1:
00
0/
1+
0%
#74505
1!
1"
#74510
0!
0"
1:
0$
11
14
13
0+
0*
1'
1&
#74515
1!
1"
b1000011 6
#74520
0!
0"
1:
1$
01
03
12
1.
1-
1+
0)
0(
0'
0&
1%
#74525
1!
1"
#74530
0!
0"
1:
0$
10
1,
0+
1(
1'
1&
0%
#74535
1!
1"
#74540
0!
0"
1:
1$
11
05
02
0-
0,
1+
1*
0(
0&
1%
#74545
1!
1"
b11110100 6
#74550
0!
0"
1:
0$
01
15
12
00
0.
1,
0*
0%
#74555
1!
1"
#74560
0!
0"
1:
11
04
13
02
1/
1.
1-
1*
1(
1&
1%
#74565
1!
1"
b10000100 6
#74570
0!
0"
1:
1$
01
05
03
12
1)
0&
0%
#74575
1!
1"
#74580
0!
0"
1:
15
14
02
10
0-
0*
0(
1&
#74585
1!
1"
#74590
0!
0"
1:
0$
05
13
00
0/
0.
1-
0+
0'
0&
#74595
1!
1"
#74600
0!
0"
1:
11
03
12
10
0-
0)
1(
1&
1%
#74605
1!
1"
b1100101 6
#74610
0!
0"
1:
13
02
1.
0,
1+
1*
0&
0%
#74615
1!
1"
b10110111 6
#74620
0!
0"
1:
1$
01
03
12
00
0.
1,
0+
1)
0(
#74625
1!
1"
#74630
0!
0"
1:
0$
11
04
13
02
1/
1'
#74635
1!
1"
b11101100 6
#74640
0!
0"
1:
15
14
03
1.
0,
0)
1(
0'
1&
1%
#74645
1!
1"
b11111110 6
#74650
0!
0"
1:
04
13
12
10
1-
1+
0*
0(
0&
0%
#74655
1!
1"
b1111000 6
#74660
0!
0"
1:
1$
01
05
02
0/
0.
0-
1,
1(
1'
1%
#74665
1!
1"
#74670
0!
0"
1:
0$
1.
0+
1)
0(
0'
1&
0%
#74675
1!
1"
#74680
0!
0"
1:
1$
14
00
0,
0)
0&
1%
#74685
1!
1"
#74690
0!
0"
1:
03
12
10
1/
1+
0%
#74695
1!
1"
#74700
0!
0"
1:
0$
04
13
00
1*
1'
1&
#74705
1!
1"
#74710
0!
0"
1:
1$
03
1-
1,
0*
1)
1(
#74715
1!
1"
#74720
0!
0"
1:
0$
11
13
02
0.
0,
1*
0)
0'
0&
1%
#74725
1!
1"
b11101100 6
#74730
0!
0"
1:
01
15
03
10
0/
1.
0-
#74735
1!
1"
#74740
0!
0"
1:
11
13
12
00
1/
0.
1-
0+
0*
0(
1'
0%
#74745
1!
1"
b1111000 6
#74750
0!
0"
1:
02
1+
1*
1(
1%
#74755
1!
1"
b10000100 6
#74760
0!
0"
1:
01
14
03
12
10
1.
0-
1,
0+
0*
1&
0%
#74765
1!
1"
#74770
0!
0"
1:
11
04
02
0/
1)
0(
0'
1%
#74775
1!
1"
b11100000 6
#74780
0!
0"
1:
05
12
1/
0,
1+
1*
0)
1'
#74785
1!
1"
b100 6
#74790
0!
0"
1:
1$
0.
0*
1)
1(
01
#74795
1!
1"
#74800
0!
0"
1:
15
00
0/
0+
1*
0)
0&
0%
#74805
1!
1"
#74810
0!
0"
1:
0$
11
13
02
1.
1-
1,
1+
1)
0(
0'
1%
#74815
1!
1"
b10000100 6
#74820
0!
0"
1:
10
0.
0,
0+
0)
1'
0%
01
#74825
1!
1"
#74830
0!
0"
1:
11
03
00
1.
1,
1+
1(
0'
1&
1%
#74835
1!
1"
b11100000 6
#74840
0!
0"
1:
14
13
12
1/
0-
0,
0+
1'
0&
#74845
1!
1"
b10100011 6
#74850
0!
0"
1:
1$
10
0/
1+
0*
1)
0(
0'
1&
#74855
1!
1"
#74860
0!
0"
1:
0$
05
04
03
02
00
1/
1-
1,
0)
1(
1'
0%
#74865
1!
1"
b100111 6
#74870
0!
0"
1:
1$
01
15
14
0/
0.
0,
1*
0(
0&
#74875
1!
1"
#74880
0!
0"
1:
0$
05
04
13
12
1.
1,
0+
0*
1)
1&
1%
#74885
1!
1"
#74890
0!
0"
1:
1$
15
0.
0-
0,
1*
1(
0'
0&
#74895
1!
1"
#74900
0!
0"
1:
0$
11
03
02
10
1-
1,
1+
0)
0(
1'
1&
0%
#74905
1!
1"
b11100000 6
#74910
0!
0"
1:
01
14
13
00
1.
0,
1)
1(
0'
1%
#74915
1!
1"
#74920
0!
0"
1:
1$
12
0.
1,
0(
1'
0&
#74925
1!
1"
#74930
0!
0"
1:
0$
11
02
10
0,
0+
0'
1&
#74935
1!
1"
b10111110 6
#74940
0!
0"
1:
04
03
12
1/
1.
1,
0)
1'
0&
0%
#74945
1!
1"
b11000000 6
#74950
0!
0"
1:
13
0,
1+
0*
0'
1&
1%
#74955
1!
1"
b1111000 6
#74960
0!
0"
1:
1$
01
05
0/
0.
0-
1,
1*
1'
0&
0%
#74965
1!
1"
#74970
0!
0"
1:
15
03
1/
1.
1%
#74975
1!
1"
#74980
0!
0"
1:
0$
11
05
14
13
02
0/
1-
0+
0*
1&
#74985
1!
1"
b10110111 6
#74990
0!
0"
1:
15
03
1/
0-
0,
1*
0'
0%
#74995
1!
1"
b1000000 6
#75000
0!
0"
1:
1$
01
05
00
0.
1-
1,
0*
1)
1(
0&
#75005
1!
1"
#75010
0!
0"
1:
11
15
13
12
10
1.
0-
0,
1+
1*
#75015
1!
1"
b10100011 6
#75020
0!
0"
1:
0$
04
00
0.
1-
0+
0*
0)
1&
#75025
1!
1"
b1111000 6
#75030
0!
0"
1:
01
14
02
10
0/
1,
1+
0(
1%
#75035
1!
1"
#75040
0!
0"
1:
1$
11
04
03
12
1.
0,
0+
1)
1(
#75045
1!
1"
b11000000 6
#75050
0!
0"
1:
02
1,
0&
0%
#75055
1!
1"
b11100111 6
#75060
0!
0"
1:
05
12
00
0.
0-
1*
1'
#75065
1!
1"
b100 6
#75070
0!
0"
1:
0$
14
1.
1-
0,
1+
0)
1%
#75075
1!
1"
b1110111 6
#75080
0!
0"
1:
1$
04
13
10
0-
1,
0'
#75085
1!
1"
b10100101 6
#75090
0!
0"
1:
0$
01
14
00
1/
0,
0+
0*
0(
1'
0%
#75095
1!
1"
#75100
0!
0"
1:
1$
15
04
0.
1-
1,
1+
1*
1(
0'
#75105
1!
1"
#75110
0!
0"
1:
05
14
03
10
0,
1)
0(
1'
1&
#75115
1!
1"
#75120
0!
0"
1:
0$
15
0/
1,
0+
0'
0&
1%
#75125
1!
1"
#75130
0!
0"
1:
1$
05
04
13
00
1/
0-
0)
1'
1&
0%
#75135
1!
1"
#75140
0!
0"
1:
11
02
0/
1-
1)
1(
#75145
1!
1"
b11101100 6
#75150
0!
0"
1:
15
03
1/
1.
0-
0*
0(
0'
#75155
1!
1"
b1111010 6
#75160
0!
0"
1:
01
05
14
12
10
0/
1+
0)
1'
1%
#75165
1!
1"
#75170
0!
0"
1:
0$
15
04
02
00
1/
0+
1)
1(
0&
0%
#75175
1!
1"
#75180
0!
0"
1:
1$
11
05
14
13
10
0/
0.
1+
1*
0)
0'
#75185
1!
1"
b1010010 6
#75190
0!
0"
1:
0$
01
15
04
03
00
1/
0,
0*
1)
0(
1&
#75195
1!
1"
#75200
0!
0"
1:
1$
11
05
13
12
10
0/
0+
1*
1'
0&
#75205
1!
1"
b10100101 6
#75210
0!
0"
1:
01
15
02
00
1/
1-
1,
1+
0*
1%
#75215
1!
1"
#75220
0!
0"
1:
11
14
12
1.
0-
1*
1(
1&
#75225
1!
1"
b10100011 6
#75230
0!
0"
1:
0$
0/
0,
0+
0'
0&
0%
#75235
1!
1"
b11110110 6
#75240
0!
0"
1:
1$
01
04
03
10
1/
0.
1,
1+
0*
0)
0(
1'
#75245
1!
1"
#75250
0!
0"
1:
11
05
14
13
02
0/
1-
0+
1*
1)
1&
#75255
1!
1"
b1010010 6
#75260
0!
0"
1:
0$
15
04
00
1/
1.
0-
1+
0*
0)
0'
0&
#75265
1!
1"
b10000100 6
#75270
0!
0"
1:
1$
05
10
0/
0.
0,
0+
1*
1'
1&
#75275
1!
1"
b10010110 6
#75280
0!
0"
1:
0$
01
15
14
00
1.
1-
1,
1+
0&
1%
#75285
1!
1"
#75290
0!
0"
1:
1$
11
04
03
12
10
0.
0,
0+
0*
1&
0%
#75295
1!
1"
b1110101 6
#75300
0!
0"
1:
01
14
13
00
1/
0-
1*
1%
#75305
1!
1"
#75310
0!
0"
1:
05
10
0/
1.
1-
1,
1+
0*
0'
0&
#75315
1!
1"
#75320
0!
0"
1:
0$
11
15
04
03
02
1/
0+
1*
1)
1'
0%
#75325
1!
1"
b1110001 6
#75330
0!
0"
1:
01
14
00
0-
0)
1(
0'
1%
#75335
1!
1"
#75340
0!
0"
1:
1$
11
05
12
10
0/
0.
1-
1+
0*
1)
1&
0%
#75345
1!
1"
b10111010 6
#75350
0!
0"
1:
0$
02
00
0,
1*
0&
#75355
1!
1"
b110011 6
#75360
0!
0"
1:
12
1/
1,
0*
0)
1%
#75365
1!
1"
b10111010 6
#75370
0!
0"
1:
1$
15
04
02
1.
0+
1)
0(
#75375
1!
1"
b1110001 6
#75380
0!
0"
1:
0/
0.
0-
0,
1*
0)
1(
1&
#75385
1!
1"
#75390
0!
0"
1:
01
05
13
1,
1+
1)
1'
0&
#75395
1!
1"
#75400
0!
0"
1:
0$
15
14
03
12
1-
0,
0+
0)
1&
#75405
1!
1"
#75410
0!
0"
1:
1$
05
04
10
1/
1.
1+
0(
0&
0%
#75415
1!
1"
#75420
0!
0"
1:
0$
11
15
13
02
0/
0*
1)
#75425
1!
1"
b10111001 6
#75430
0!
0"
1:
05
03
12
00
1/
0-
0+
1*
1&
1%
#75435
1!
1"
b10011110 6
#75440
0!
0"
1:
01
15
02
0.
0'
#75445
1!
1"
#75450
0!
0"
1:
1$
11
13
1.
1-
1+
1(
0&
#75455
1!
1"
b10111001 6
#75460
0!
0"
1:
0$
01
05
14
03
12
0-
0+
0*
0(
1&
0%
#75465
1!
1"
#75470
0!
0"
1:
1$
13
02
10
0/
1-
1%
#75475
1!
1"
#75480
0!
0"
1:
15
1/
0.
1+
1(
0&
0%
#75485
1!
1"
#75490
0!
0"
1:
0$
04
03
0/
1.
0+
1*
1&
#75495
1!
1"
#75500
0!
0"
1:
1$
11
12
00
1/
1+
0)
1'
0&
#75505
1!
1"
b11101110 6
#75510
0!
0"
1:
14
13
02
10
0/
0-
0+
0*
0(
1%
#75515
1!
1"
b11011000 6
#75520
0!
0"
1:
01
05
04
1-
1,
1)
1(
0'
1&
0%
#75525
1!
1"
#75530
0!
0"
1:
14
12
1/
0-
0,
1*
0)
1'
#75535
1!
1"
#75540
0!
0"
1:
15
03
02
00
0.
1+
0(
0&
1%
#75545
1!
1"
#75550
0!
0"
1:
05
13
12
1.
1)
0%
#75555
1!
1"
#75560
0!
0"
1:
15
02
0/
0.
1-
1,
1(
1&
1%
#75565
1!
1"
#75570
0!
0"
1:
10
0,
0*
0)
0'
0&
11
#75575
1!
1"
b1000111 6
#75580
0!
0"
1:
01
05
04
03
00
1,
1)
0(
0%
#75585
1!
1"
#75590
0!
0"
1:
0$
11
14
10
0-
0,
1&
#75595
1!
1"
b11100110 6
#75600
0!
0"
1:
1$
15
12
00
1/
1*
1(
1'
1%
#75605
1!
1"
b11110000 6
#75610
0!
0"
1:
01
04
02
10
0/
0)
0'
0&
#75615
1!
1"
#75620
0!
0"
1:
0$
11
05
12
00
0*
1'
1&
0%
#75625
1!
1"
b10011110 6
#75630
0!
0"
1:
15
14
13
02
1/
1-
1,
1*
1)
0&
1%
#75635
1!
1"
b1000111 6
#75640
0!
0"
1:
05
10
0-
#75645
1!
1"
b1001 6
#75650
0!
0"
1:
1$
01
15
03
00
0/
1-
0,
0+
0*
0(
0'
#75655
1!
1"
#75660
0!
0"
1:
11
05
1/
1*
1'
#75665
1!
1"
b11100110 6
#75670
0!
0"
1:
10
0/
0-
0*
0'
01
#75675
1!
1"
#75680
0!
0"
1:
11
13
00
1/
1-
1,
1+
0)
1(
1'
#75685
1!
1"
b1001 6
#75690
0!
0"
1:
0$
12
0/
0-
1*
0(
0%
#75695
1!
1"
b1000010 6
#75700
0!
0"
1:
1$
01
04
02
1.
0+
1)
1&
1%
#75705
1!
1"
#75710
0!
0"
1:
11
12
1/
0,
0*
0)
0'
0&
0%
#75715
1!
1"
b10001101 6
#75720
0!
0"
1:
01
14
03
0/
1+
1*
1)
1%
#75725
1!
1"
#75730
0!
0"
1:
15
04
1/
0.
0*
0%
#75735
1!
1"
#75740
0!
0"
1:
11
05
02
10
0/
1-
1,
1*
1(
#75745
1!
1"
b10100010 6
#75750
0!
0"
1:
0$
01
15
14
0+
0)
1'
1&
#75755
1!
1"
#75760
0!
0"
1:
1$
11
05
04
13
00
1/
1.
0-
0,
1+
0(
0'
0&
#75765
1!
1"
b10010110 6
#75770
0!
0"
1:
0$
15
03
10
0/
0.
1,
0+
1)
1'
1%
#75775
1!
1"
b11111001 6
#75780
0!
0"
1:
1$
01
14
1/
1-
1+
0*
1(
0'
1&
0%
#75785
1!
1"
#75790
0!
0"
1:
0$
11
04
13
00
1.
0-
0,
0(
0&
#75795
1!
1"
b10111011 6
#75800
0!
0"
1:
1$
01
14
03
0.
1-
1,
0+
1(
#75805
1!
1"
#75810
0!
0"
1:
11
05
10
0/
1.
0,
0(
1'
#75815
1!
1"
b11100110 6
#75820
0!
0"
1:
01
15
13
1/
0-
1,
1*
0)
0'
1&
1%
#75825
1!
1"
#75830
0!
0"
1:
0$
05
0,
1+
0*
1)
1(
1'
0&
0%
#75835
1!
1"
#75840
0!
0"
1:
1$
15
04
12
00
0.
0+
0)
0(
1%
#75845
1!
1"
#75850
0!
0"
1:
11
03
02
10
0/
1.
1,
1+
1*
1(
1&
#75855
1!
1"
b10011010 6
#75860
0!
0"
1:
0$
05
14
13
12
00
0.
0,
0+
1)
0'
0%
#75865
1!
1"
b11010100 6
#75870
0!
0"
1:
1$
01
15
04
03
02
1.
1,
1+
0(
1'
1%
#75875
1!
1"
#75880
0!
0"
1:
0$
11
14
1/
0.
0+
0)
1(
0'
#75885
1!
1"
b1101110 6
#75890
0!
0"
1:
1$
05
04
12
10
0/
1.
0,
0*
1)
0(
1'
0&
#75895
1!
1"
b11100100 6
#75900
0!
0"
1:
0$
01
14
02
00
1/
0.
1+
0)
#75905
1!
1"
#75910
0!
0"
1:
1$
11
04
12
0/
1.
1-
1*
0'
#75915
1!
1"
#75920
0!
0"
1:
0$
14
02
1/
0.
0-
0*
1(
1'
1&
#75925
1!
1"
b10001101 6
#75930
0!
0"
1:
15
04
12
10
0/
0+
1*
1)
0(
0%
#75935
1!
1"
b1100001 6
#75940
0!
0"
1:
1$
01
05
13
00
1/
0*
1(
0'
0&
#75945
1!
1"
#75950
0!
0"
1:
0$
15
03
02
10
0/
1.
1-
1+
0)
0(
1%
#75955
1!
1"
#75960
0!
0"
1:
1$
05
14
0.
0-
0+
1*
1)
1(
1&
0%
#75965
1!
1"
#75970
0!
0"
1:
0$
11
13
00
1-
1+
0*
0&
#75975
1!
1"
b1001 6
#75980
0!
0"
1:
1$
01
15
03
12
1.
1,
1*
1&
#75985
1!
1"
#75990
0!
0"
1:
05
04
13
02
10
0-
0,
0+
#75995
1!
1"
#76000
0!
0"
1:
11
15
1/
0.
1-
1,
1+
0)
1%
#76005
1!
1"
b11000101 6
#76010
0!
0"
1:
05
03
00
0/
1.
0+
0*
1)
0(
1'
0&
0%
#76015
1!
1"
b1100110 6
#76020
0!
0"
1:
01
15
12
10
0.
0-
1+
#76025
1!
1"
#76030
0!
0"
1:
0$
11
02
00
1/
1.
0+
1*
1(
1&
#76035
1!
1"
b10000010 6
#76040
0!
0"
1:
14
13
0/
0.
0,
1+
0)
#76045
1!
1"
b1000111 6
#76050
0!
0"
1:
1$
01
05
04
03
1/
1.
1,
0+
1)
#76055
1!
1"
#76060
0!
0"
1:
11
14
0/
0,
0*
0)
0(
0&
1%
#76065
1!
1"
b10110001 6
#76070
0!
0"
1:
01
15
13
10
1-
1(
#76075
1!
1"
#76080
0!
0"
1:
05
03
12
00
0.
1+
1*
0(
1&
0%
#76085
1!
1"
#76090
0!
0"
1:
0$
15
04
13
10
1/
0-
0+
0*
1)
1(
0&
#76095
1!
1"
#76100
0!
0"
1:
05
14
1-
1,
1+
1*
0)
0(
1&
#76105
1!
1"
#76110
0!
0"
1:
04
03
0/
0,
1)
1%
#76115
1!
1"
#76120
0!
0"
1:
1$
15
1,
0+
1(
0'
#76125
1!
1"
#76130
0!
0"
1:
0$
11
14
13
02
00
0,
1+
0(
1'
0%
#76135
1!
1"
b11010110 6
#76140
0!
0"
1:
1$
01
04
03
10
1/
1.
1,
0)
1(
0'
#76145
1!
1"
#76150
0!
0"
1:
0$
11
14
13
00
0+
1)
0(
1'
0&
1%
#76155
1!
1"
#76160
0!
0"
1:
05
10
0,
0*
0)
1(
0'
1&
0%
#76165
1!
1"
b1101000 6
#76170
0!
0"
1:
1$
01
04
03
0/
0.
1,
1+
0(
1%
#76175
1!
1"
#76180
0!
0"
1:
0$
11
15
12
1/
0-
0+
0%
#76185
1!
1"
b1100001 6
#76190
0!
0"
1:
1$
01
05
14
02
00
1-
1*
1'
0&
#76195
1!
1"
#76200
0!
0"
1:
0$
11
15
13
12
1.
0,
1+
1)
0'
1&
1%
#76205
1!
1"
b1110101 6
#76210
0!
0"
1:
1$
01
05
04
02
10
0.
1,
0*
1'
0%
#76215
1!
1"
#76220
0!
0"
1:
15
0/
1.
0-
0,
0+
0)
1(
0'
0&
#76225
1!
1"
#76230
0!
0"
1:
05
03
12
00
1+
1*
1)
1'
1&
#76235
1!
1"
#76240
0!
0"
1:
0$
11
14
13
1,
0&
1%
#76245
1!
1"
b11110100 6
#76250
0!
0"
1:
1$
01
15
03
02
0+
0)
0'
#76255
1!
1"
#76260
0!
0"
1:
04
12
10
1/
1-
1+
1)
0(
1'
1&
0%
#76265
1!
1"
#76270
0!
0"
1:
0$
11
14
13
02
0.
0-
0+
0*
0'
1%
#76275
1!
1"
b11100100 6
#76280
0!
0"
1:
01
05
0/
1.
1-
1+
1*
1(
1'
0&
0%
#76285
1!
1"
#76290
0!
0"
1:
11
12
0.
0+
1%
#76295
1!
1"
b11110100 6
#76300
0!
0"
1:
01
02
1/
1.
0'
1&
#76305
1!
1"
#76310
0!
0"
1:
1$
15
04
03
00
0-
1+
1'
0&
0%
#76315
1!
1"
#76320
0!
0"
1:
12
0.
0,
0+
0*
0'
1%
#76325
1!
1"
#76330
0!
0"
1:
14
02
0/
1.
1-
1+
1*
0)
1&
0%
#76335
1!
1"
#76340
0!
0"
1:
0$
10
0.
1,
0+
0(
1'
#76345
1!
1"
#76350
0!
0"
1:
1$
05
13
00
1/
0*
1(
0'
#76355
1!
1"
#76360
0!
0"
1:
0$
15
10
0-
1*
0(
1'
#76365
1!
1"
#76370
0!
0"
1:
11
04
0/
1.
1-
1)
1(
0'
#76375
1!
1"
b11010 6
#76380
0!
0"
1:
1$
00
1/
0.
0-
0,
1+
0*
0)
1%
01
#76385
1!
1"
#76390
0!
0"
1:
05
03
0/
1-
1*
1)
0&
0%
#76395
1!
1"
#76400
0!
0"
1:
0$
15
12
10
0-
1,
0+
0(
1%
#76405
1!
1"
#76410
0!
0"
1:
11
05
14
13
00
1/
0,
0*
0)
1(
1&
0%
#76415
1!
1"
b11110100 6
#76420
0!
0"
1:
1$
01
15
04
0/
1.
1-
1,
0(
0&
#76425
1!
1"
#76430
0!
0"
1:
0$
05
03
1/
0-
1(
1&
1%
#76435
1!
1"
#76440
0!
0"
1:
11
15
02
0/
0,
1+
0%
#76445
1!
1"
b11101000 6
#76450
0!
0"
1:
1$
01
05
0.
1-
1*
1'
0&
#76455
1!
1"
#76460
0!
0"
1:
11
15
10
1.
0-
0+
0*
0(
0'
1&
1%
#76465
1!
1"
#76470
0!
0"
1:
01
13
12
0.
1-
1+
1(
1'
#76475
1!
1"
#76480
0!
0"
1:
02
00
1/
1.
0-
0+
1)
0(
#76485
1!
1"
#76490
0!
0"
1:
0/
0.
1-
1,
1*
1(
0%
11
#76495
1!
1"
b11010 6
#76500
0!
0"
1:
0$
01
05
14
03
12
1/
1.
0,
1+
0(
0'
0&
#76505
1!
1"
#76510
0!
0"
1:
15
13
02
0.
0+
0*
0)
1(
1'
1&
#76515
1!
1"
#76520
0!
0"
1:
11
12
1.
1,
0(
0'
0&
#76525
1!
1"
b101001 6
#76530
0!
0"
1:
1$
01
05
03
10
0.
1*
1)
1(
1'
#76535
1!
1"
#76540
0!
0"
1:
15
00
0/
0-
1+
0)
0(
1&
#76545
1!
1"
#76550
0!
0"
1:
05
10
0,
0+
1)
1(
0'
0&
#76555
1!
1"
#76560
0!
0"
1:
02
00
1.
1-
1,
0)
0(
1%
#76565
1!
1"
#76570
0!
0"
1:
11
12
10
0-
0,
0*
1'
0%
#76575
1!
1"
b100 6
#76580
0!
0"
1:
0$
15
00
1,
1*
1)
#76585
1!
1"
b1101 6
#76590
0!
0"
1:
1$
01
05
02
0.
1-
0,
1+
0*
0)
1%
#76595
1!
1"
#76600
0!
0"
1:
11
12
1/
1.
0-
0+
1*
1(
0'
1&
#76605
1!
1"
b101000 6
#76610
0!
0"
1:
0$
01
15
04
10
1,
1+
1)
1'
0%
#76615
1!
1"
#76620
0!
0"
1:
1$
14
13
02
1-
0*
0(
0'
0&
1%
#76625
1!
1"
#76630
0!
0"
1:
0$
00
0.
0,
0)
1(
1&
0%
#76635
1!
1"
#76640
0!
0"
1:
1$
11
05
04
12
10
0/
0+
1*
1)
1'
0&
1%
#76645
1!
1"
b101 6
#76650
0!
0"
1:
0$
15
03
02
1.
0*
0(
1&
#76655
1!
1"
b11000001 6
#76660
0!
0"
1:
1$
05
12
0.
0)
1(
0&
#76665
1!
1"
b10111111 6
#76670
0!
0"
1:
14
00
1.
0-
1,
1*
1&
#76675
1!
1"
b101000 6
#76680
0!
0"
1:
1-
0*
1)
0(
0%
01
#76685
1!
1"
#76690
0!
0"
1:
0$
11
13
02
10
0-
1+
0)
1%
#76695
1!
1"
b10011100 6
#76700
0!
0"
1:
1$
01
04
12
1-
0'
0&
#76705
1!
1"
#76710
0!
0"
1:
0$
15
02
1/
0+
1*
1)
1(
1'
1&
0%
#76715
1!
1"
#76720
0!
0"
1:
1$
05
14
00
0/
0.
0-
0)
0(
0'
1%
#76725
1!
1"
#76730
0!
0"
1:
11
15
04
12
10
1-
1(
1'
#76735
1!
1"
b1000110 6
#76740
0!
0"
1:
01
05
03
02
00
0-
1+
0*
1)
0&
0%
#76745
1!
1"
#76750
0!
0"
1:
0$
15
13
12
10
1/
1-
0(
0'
1&
1%
#76755
1!
1"
#76760
0!
0"
1:
11
05
14
02
1.
0-
0,
1'
0%
#76765
1!
1"
b10011100 6
#76770
0!
0"
1:
01
04
12
0.
1-
1*
0)
1(
0&
1%
#76775
1!
1"
#76780
0!
0"
1:
02
00
1.
0-
0*
1)
0(
0'
0%
#76785
1!
1"
#76790
0!
0"
1:
1$
11
15
03
12
0/
0.
0)
1(
#76795
1!
1"
b10000010 6
#76800
0!
0"
1:
0$
13
10
1,
1*
1)
0(
1&
#76805
1!
1"
b1000110 6
#76810
0!
0"
1:
1$
01
03
02
1.
1-
1'
#76815
1!
1"
#76820
0!
0"
1:
12
00
1/
0+
1(
#76825
1!
1"
#76830
0!
0"
1:
11
14
13
10
0,
0*
0(
0'
0&
#76835
1!
1"
b1011001 6
#76840
0!
0"
1:
0$
05
03
02
0/
0-
1+
0)
1(
1'
1&
#76845
1!
1"
b101 6
#76850
0!
0"
1:
01
04
13
00
1/
0+
1)
0(
0'
#76855
1!
1"
#76860
0!
0"
1:
14
10
1*
0)
1(
1'
#76865
1!
1"
#76870
0!
0"
1:
1$
11
04
12
00
1+
1)
0(
0&
#76875
1!
1"
b1010000 6
#76880
0!
0"
1:
0$
01
14
0/
1,
1&
1%
#76885
1!
1"
#76890
0!
0"
1:
11
04
0,
0+
0)
1(
0%
#76895
1!
1"
#76900
0!
0"
1:
15
14
03
02
10
1/
1,
0*
0'
1%
#76905
1!
1"
b10110000 6
#76910
0!
0"
1:
1$
01
13
00
0,
1*
1)
0(
0&
0%
#76915
1!
1"
#76920
0!
0"
1:
0$
11
05
12
1-
0*
0)
1&
#76925
1!
1"
b10000110 6
#76930
0!
0"
1:
1$
03
02
0&
1%
#76935
1!
1"
b11100110 6
#76940
0!
0"
1:
0$
04
13
10
0-
1)
1(
1&
#76945
1!
1"
b10010110 6
#76950
0!
0"
1:
01
15
14
03
0/
0.
1,
1+
1*
1'
0&
#76955
1!
1"
#76960
0!
0"
1:
11
05
13
12
1/
1.
1-
0,
0*
0(
0'
0%
#76965
1!
1"
b10000110 6
#76970
0!
0"
1:
1$
15
04
03
02
00
0/
1,
1*
0)
1(
1'
1&
#76975
1!
1"
b100000 6
#76980
0!
0"
1:
0$
01
14
10
1/
0-
0+
0*
1)
0'
#76985
1!
1"
#76990
0!
0"
1:
1$
05
0/
0,
1+
1*
0)
0(
0&
1%
#76995
1!
1"
#77000
0!
0"
1:
0$
15
04
13
12
00
1/
0.
1-
0+
0*
1)
#77005
1!
1"
#77010
0!
0"
1:
11
14
03
02
0/
1,
1*
0)
1(
1&
0%
#77015
1!
1"
b10110000 6
#77020
0!
0"
1:
04
13
12
10
0,
0*
1'
1%
#77025
1!
1"
b1000110 6
#77030
0!
0"
1:
1$
01
03
02
0-
1,
1+
0(
0'
#77035
1!
1"
#77040
0!
0"
1:
0$
05
14
13
1.
1-
0+
1*
1)
0%
#77045
1!
1"
#77050
0!
0"
1:
11
04
00
1/
0.
0,
0)
1(
1'
#77055
1!
1"
b10010110 6
#77060
0!
0"
1:
15
14
03
12
0/
1.
0-
1+
1)
0(
#77065
1!
1"
b1001 6
#77070
0!
0"
1:
04
10
0*
#77075
1!
1"
b10000010 6
#77080
0!
0"
1:
1$
01
05
14
13
02
0.
0+
0&
#77085
1!
1"
#77090
0!
0"
1:
0$
15
04
12
00
1/
1.
1,
1&
1%
#77095
1!
1"
#77100
0!
0"
1:
05
14
03
10
0.
1-
1(
0'
0%
#77105
1!
1"
#77110
0!
0"
1:
11
13
02
00
1.
0-
1*
0(
1%
#77115
1!
1"
b11111101 6
#77120
0!
0"
1:
15
04
10
0/
0.
1-
0)
1(
1'
0&
0%
#77125
1!
1"
b11010 6
#77130
0!
0"
1:
1$
05
12
00
0,
1+
0(
1&
1%
#77135
1!
1"
b110001 6
#77140
0!
0"
1:
01
15
10
1,
1)
1(
0&
#77145
1!
1"
#77150
0!
0"
1:
0$
11
05
14
1/
0-
0,
0*
1&
0%
#77155
1!
1"
b1101000 6
#77160
0!
0"
1:
00
1.
0+
0&
01
#77165
1!
1"
#77170
0!
0"
1:
1$
11
15
02
10
0.
1-
1,
1+
0(
0'
#77175
1!
1"
b1111100 6
#77180
0!
0"
1:
12
0/
1.
0-
0,
0+
1(
1'
#77185
1!
1"
b1011001 6
#77190
0!
0"
1:
01
03
1,
1+
1*
0)
0(
0'
#77195
1!
1"
#77200
0!
0"
1:
0$
11
02
1-
0+
1(
1'
1&
1%
#77205
1!
1"
b10000101 6
#77210
0!
0"
1:
1$
05
13
12
0.
0,
1+
0'
0&
#77215
1!
1"
b1101000 6
#77220
0!
0"
1:
15
04
02
0+
1)
1'
1&
#77225
1!
1"
b11010 6
#77230
0!
0"
1:
0$
01
14
12
00
1/
0-
1,
1+
0*
0)
0(
0'
#77235
1!
1"
#77240
0!
0"
1:
05
04
02
10
1.
0+
1*
1)
1'
#77245
1!
1"
#77250
0!
0"
1:
11
15
0/
#77255
1!
1"
#77260
0!
0"
1:
05
14
12
00
1-
1+
0)
0&
0%
#77265
1!
1"
b1101000 6
#77270
0!
0"
1:
1$
04
0.
0-
0,
0*
1)
1(
0'
#77275
1!
1"
b110001 6
#77280
0!
0"
1:
0$
01
14
1/
1-
1,
1*
0)
1'
1&
#77285
1!
1"
#77290
0!
0"
1:
15
04
03
0+
1%
#77295
1!
1"
#77300
0!
0"
1:
11
14
13
0/
0*
1)
0'
0&
#77305
1!
1"
b11001001 6
#77310
0!
0"
1:
1$
04
03
02
1.
0-
1+
1*
0(
1'
1&
0%
#77315
1!
1"
b10100000 6
#77320
0!
0"
1:
0$
01
05
0.
1-
0,
0+
0*
1(
0'
0&
#77325
1!
1"
#77330
0!
0"
1:
11
14
1/
1.
1,
1+
1*
0(
1'
#77335
1!
1"
b10000001 6
#77340
0!
0"
1:
01
15
04
12
10
0/
0-
0,
0+
0*
1(
0'
1&
1%
#77345
1!
1"
#77350
0!
0"
1:
11
13
1/
1-
1+
1*
0&
#77355
1!
1"
b1000110 6
#77360
0!
0"
1:
1$
01
03
0/
0.
0)
1&
#77365
1!
1"
#77370
0!
0"
1:
0$
11
14
13
00
1,
0+
0*
0&
0%
#77375
1!
1"
b11001001 6
#77380
0!
0"
1:
1$
01
04
02
1.
0-
1+
0(
1&
#77385
1!
1"
#77390
0!
0"
1:
11
12
10
0+
#77395
1!
1"
b1101001 6
#77400
0!
0"
1:
0$
14
00
0.
1-
0,
1+
1*
1)
1'
0&
1%
#77405
1!
1"
b11001001 6
#77410
0!
0"
1:
01
02
10
1,
0*
1(
0'
1&
#77415
1!
1"
#77420
0!
0"
1:
1$
11
05
00
1/
1.
0-
0,
0+
0(
#77425
1!
1"
b11110100 6
#77430
0!
0"
1:
0$
01
15
04
03
12
0.
1,
1*
1(
0&
#77435
1!
1"
#77440
0!
0"
1:
1$
11
02
1.
1-
0,
1+
0(
#77445
1!
1"
b10100000 6
#77450
0!
0"
1:
0$
14
0/
0.
0-
0*
1'
1&
0%
#77455
1!
1"
b10000101 6
#77460
0!
0"
1:
10
1/
0)
0'
0&
01
#77465
1!
1"
#77470
0!
0"
1:
11
05
04
13
12
00
1,
0+
1)
#77475
1!
1"
b10000110 6
#77480
0!
0"
1:
1$
01
14
1+
1*
0)
1&
#77485
1!
1"
#77490
0!
0"
1:
04
02
10
1.
0+
0*
1)
1(
1%
#77495
1!
1"
#77500
0!
0"
1:
0$
0.
1-
0,
1*
0)
1'
0%
11
#77505
1!
1"
b1110010 6
#77510
0!
0"
1:
00
0/
0-
1,
1+
1)
0(
0'
0&
1%
01
#77515
1!
1"
#77520
0!
0"
1:
1$
15
03
10
1.
1-
1(
1'
1&
0%
#77525
1!
1"
#77530
0!
0"
1:
0$
11
14
13
1/
0.
0+
0)
0&
1%
#77535
1!
1"
b11111101 6
#77540
0!
0"
1:
1$
01
12
00
1.
0-
0,
1+
0*
1)
0(
0'
1&
0%
#77545
1!
1"
#77550
0!
0"
1:
11
05
03
10
0/
0.
0)
1(
1%
#77555
1!
1"
b101000 6
#77560
0!
0"
1:
01
15
00
1.
1-
1,
0+
1*
1)
0(
1'
0%
#77565
1!
1"
#77570
0!
0"
1:
0$
11
05
02
1/
0,
0*
0'
0&
1%
#77575
1!
1"
b10000001 6
#77580
0!
0"
1:
01
04
13
0/
1(
1'
1&
0%
#77585
1!
1"
#77590
0!
0"
1:
1$
11
03
12
10
1/
0.
0(
0&
1%
#77595
1!
1"
b11101110 6
#77600
0!
0"
1:
02
00
0/
0-
1+
1(
0'
0%
#77605
1!
1"
b1110101 6
#77610
0!
0"
1:
0$
01
14
12
10
1.
1-
1,
0+
#77615
1!
1"
#77620
0!
0"
1:
11
15
13
1/
0.
1*
0)
1'
#77625
1!
1"
b11001001 6
#77630
0!
0"
1:
1$
00
1.
1)
0(
#77635
1!
1"
#77640
0!
0"
1:
10
0/
0.
0-
0*
1(
0'
1%
#77645
1!
1"
#77650
0!
0"
1:
0$
05
03
02
00
1/
1-
0)
0(
#77655
1!
1"
b11011110 6
#77660
0!
0"
1:
01
13
0/
1+
1*
1)
1(
1'
1&
0%
#77665
1!
1"
#77670
0!
0"
1:
04
03
1.
0-
0,
0)
0'
0&
#77675
1!
1"
#77680
0!
0"
1:
1$
14
12
10
1/
0.
1,
0+
0*
1)
0(
1'
1&
#77685
1!
1"
#77690
0!
0"
1:
0$
04
13
02
00
0/
0,
1+
1*
0&
#77695
1!
1"
#77700
0!
0"
1:
15
14
10
1.
0+
1&
#77705
1!
1"
#77710
0!
0"
1:
1$
03
12
00
1-
0*
0)
1(
#77715
1!
1"
#77720
0!
0"
1:
0$
11
02
10
1*
1)
0(
0&
1%
#77725
1!
1"
b10000101 6
#77730
0!
0"
1:
05
04
13
12
1/
1,
1+
0*
1(
1&
#77735
1!
1"
b10000110 6
#77740
0!
0"
1:
02
00
0/
0.
0-
0,
0)
0'
0&
#77745
1!
1"
b10100110 6
#77750
0!
0"
1:
14
10
1/
1.
1-
0(
1'
1&
#77755
1!
1"
b10010011 6
#77760
0!
0"
1:
01
03
0.
1(
0&
#77765
1!
1"
#77770
0!
0"
1:
1$
15
04
13
12
0/
0-
0+
1*
0(
1&
#77775
1!
1"
#77780
0!
0"
1:
14
03
02
00
1-
1,
0*
1(
0'
#77785
1!
1"
#77790
0!
0"
1:
0$
10
1.
0,
0(
0&
0%
11
#77795
1!
1"
b10000101 6
#77800
0!
0"
1:
1$
13
12
00
0-
1,
1*
1(
1'
#77805
1!
1"
b11001001 6
#77810
0!
0"
1:
0$
1/
1-
1+
0(
0'
#77815
1!
1"
#77820
0!
0"
1:
01
05
04
03
02
10
0/
0+
0*
1)
1(
1'
1&
#77825
1!
1"
#77830
0!
0"
1:
11
14
0.
0-
0,
1*
0(
0&
1%
#77835
1!
1"
b11011110 6
#77840
0!
0"
1:
1$
01
15
04
12
1/
1.
1-
1,
0*
1(
0'
1&
#77845
1!
1"
#77850
0!
0"
1:
0$
05
0,
1*
0)
0(
1'
0&
0%
#77855
1!
1"
#77860
0!
0"
1:
1$
15
13
02
0.
1,
0*
1(
0'
1%
#77865
1!
1"
#77870
0!
0"
1:
11
05
03
12
00
0/
1.
1'
1&
#77875
1!
1"
b11101110 6
#77880
0!
0"
1:
0$
13
02
10
0-
0,
1*
0(
0&
0%
#77885
1!
1"
b10100110 6
#77890
0!
0"
1:
1$
01
03
12
00
0.
1-
1,
0*
1)
0'
1&
#77895
1!
1"
#77900
0!
0"
1:
0$
14
13
02
1/
1.
0-
0,
1*
1(
1%
#77905
1!
1"
#77910
0!
0"
1:
11
15
04
12
10
0.
1+
0*
0&
#77915
1!
1"
b10011111 6
#77920
0!
0"
1:
01
05
14
02
00
0/
1,
#77925
1!
1"
#77930
0!
0"
1:
1$
03
10
1/
1.
1-
0+
0)
1'
1&
0%
#77935
1!
1"
#77940
0!
0"
1:
04
13
0,
1+
0(
0'
1%
#77945
1!
1"
#77950
0!
0"
1:
0$
11
15
14
0/
1,
0+
1*
1'
#77955
1!
1"
b11111 6
#77960
0!
0"
1:
04
00
0,
1)
0'
0%
#77965
1!
1"
b11010 6
#77970
0!
0"
1:
1$
01
03
12
0*
1(
0&
#77975
1!
1"
#77980
0!
0"
1:
0$
11
05
14
13
1/
0.
1,
1+
1'
1%
#77985
1!
1"
b1000001 6
#77990
0!
0"
1:
1$
01
15
03
02
1.
0-
0,
0+
1*
0)
0(
0'
#77995
1!
1"
#78000
0!
0"
1:
11
05
0/
0.
1-
1+
0%
#78005
1!
1"
b11011110 6
#78010
0!
0"
1:
15
13
10
1.
0*
1)
1(
1&
#78015
1!
1"
b11111 6
#78020
0!
0"
1:
04
03
0.
0-
1,
0+
1'
1%
#78025
1!
1"
b10001100 6
#78030
0!
0"
1:
00
1/
1.
1-
0,
1*
0)
0(
0%
01
#78035
1!
1"
#78040
0!
0"
1:
0$
14
12
0-
1,
0*
1)
0'
#78045
1!
1"
#78050
0!
0"
1:
1$
11
05
04
02
10
0/
0.
0,
1+
1*
0)
1'
1%
#78055
1!
1"
b1101000 6
#78060
0!
0"
1:
13
12
1.
0+
0*
0'
0&
#78065
1!
1"
b101111 6
#78070
0!
0"
1:
01
15
03
02
1-
1*
1(
1&
#78075
1!
1"
#78080
0!
0"
1:
0$
05
14
13
12
00
1/
0.
1+
0(
1'
0&
#78085
1!
1"
#78090
0!
0"
1:
11
04
02
10
0/
1.
0-
1,
0+
1)
1(
#78095
1!
1"
b10011000 6
#78100
0!
0"
1:
1$
01
03
12
00
1/
0.
1-
0)
#78105
1!
1"
#78110
0!
0"
1:
13
02
0/
1+
0*
1)
0'
1&
0%
#78115
1!
1"
#78120
0!
0"
1:
0$
15
14
03
12
1.
0-
0,
0+
0&
1%
#78125
1!
1"
#78130
0!
0"
1:
1$
04
02
10
0.
1-
1*
0(
1'
0%
#78135
1!
1"
#78140
0!
0"
1:
00
1.
1,
1(
0'
1&
#78145
1!
1"
#78150
0!
0"
1:
11
05
13
12
10
1/
0.
0-
1+
0)
0&
#78155
1!
1"
b101111 6
#78160
0!
0"
1:
01
15
14
1.
0,
0+
0*
#78165
1!
1"
#78170
0!
0"
1:
04
02
00
0/
1-
1,
1)
0(
1&
#78175
1!
1"
#78180
0!
0"
1:
0$
05
03
10
1/
0.
0,
1'
0&
#78185
1!
1"
#78190
0!
0"
1:
11
15
13
12
0/
1,
1+
0)
1(
#78195
1!
1"
b1001101 6
#78200
0!
0"
1:
03
00
1.
0-
0,
0+
1&
1%
#78205
1!
1"
b11011 6
#78210
0!
0"
1:
01
05
14
1+
1)
0'
0&
#78215
1!
1"
#78220
0!
0"
1:
1$
04
02
10
1,
0)
0(
1'
1&
0%
#78225
1!
1"
#78230
0!
0"
1:
0$
11
15
13
0.
1*
1(
0'
0&
#78235
1!
1"
b11011100 6
#78240
0!
0"
1:
1$
01
05
14
03
12
00
1%
#78245
1!
1"
#78250
0!
0"
1:
11
15
04
02
1/
1.
1-
0+
1)
1'
1&
0%
#78255
1!
1"
b111 6
#78260
0!
0"
1:
0$
05
13
0,
0)
0'
1%
#78265
1!
1"
b10011100 6
#78270
0!
0"
1:
1$
01
14
12
10
0/
0-
0*
1'
0&
#78275
1!
1"
#78280
0!
0"
1:
0$
15
04
03
1/
0.
1)
1&
0%
#78285
1!
1"
#78290
0!
0"
1:
02
1.
1-
1,
1+
0)
0'
0&
1%
#78295
1!
1"
#78300
0!
0"
1:
11
14
0/
0.
0,
0+
1*
1)
1&
#78305
1!
1"
b1010100 6
#78310
0!
0"
1:
05
04
13
00
1+
0)
0&
0%
#78315
1!
1"
b10011100 6
#78320
0!
0"
1:
03
12
0-
1,
0+
1)
0(
1&
#78325
1!
1"
b101 6
#78330
0!
0"
1:
1$
01
14
10
1.
1-
1+
0)
1(
1'
#78335
1!
1"
#78340
0!
0"
1:
15
04
13
02
00
1/
0,
0+
0(
0&
#78345
1!
1"
#78350
0!
0"
1:
05
14
10
1+
1(
1&
1%
#78355
1!
1"
#78360
0!
0"
1:
0$
12
00
0-
0&
0%
#78365
1!
1"
#78370
0!
0"
1:
02
10
1-
0+
0*
0'
1&
#78375
1!
1"
#78380
0!
0"
1:
04
12
0.
1,
1+
1)
0(
1'
#78385
1!
1"
#78390
0!
0"
1:
1$
14
03
0/
0,
0)
0&
#78395
1!
1"
#78400
0!
0"
1:
11
04
02
00
1.
0-
1*
1(
1&
#78405
1!
1"
b1101000 6
#78410
0!
0"
1:
0$
01
15
14
13
10
1-
0+
1)
0(
0'
#78415
1!
1"
#78420
0!
0"
1:
1$
05
03
12
0.
1,
1(
1%
#78425
1!
1"
#78430
0!
0"
1:
0$
11
04
00
0-
0,
0*
0)
1'
0&
0%
#78435
1!
1"
b101 6
#78440
0!
0"
1:
15
13
1.
1-
1+
0'
1%
#78445
1!
1"
b11011001 6
#78450
0!
0"
1:
1$
01
05
10
0(
1&
0%
#78455
1!
1"
#78460
0!
0"
1:
0$
11
15
14
03
02
0.
0+
1)
1(
1%
#78465
1!
1"
b1010100 6
#78470
0!
0"
1:
1$
01
04
13
00
1.
1*
0)
0(
1'
0&
0%
#78475
1!
1"
#78480
0!
0"
1:
0$
11
05
03
12
10
0-
0*
1)
1(
0'
#78485
1!
1"
b101 6
#78490
0!
0"
1:
01
14
1/
1,
1*
0)
1'
#78495
1!
1"
#78500
0!
0"
1:
1$
04
02
0/
0.
1-
1+
1)
0'
1&
#78505
1!
1"
#78510
0!
0"
1:
0$
11
15
13
00
0-
0+
0)
#78515
1!
1"
b11111001 6
#78520
0!
0"
1:
05
03
10
1-
0,
1+
0*
1)
0(
#78525
1!
1"
b1101000 6
#78530
0!
0"
1:
13
00
1/
0-
1*
0)
1'
1%
#78535
1!
1"
b101101 6
#78540
0!
0"
1:
01
15
14
1.
1-
1(
0%
#78545
1!
1"
#78550
0!
0"
1:
1$
0/
1,
0(
0'
0&
#78555
1!
1"
#78560
0!
0"
1:
11
04
03
0-
0,
0+
0*
1)
1'
#78565
1!
1"
b111 6
#78570
0!
0"
1:
0$
13
12
1/
0.
1(
0'
1%
#78575
1!
1"
b11011001 6
#78580
0!
0"
1:
1$
01
14
03
0/
1*
1'
0%
#78585
1!
1"
#78590
0!
0"
1:
0$
04
13
02
10
1.
1-
1,
1+
0)
0(
0'
#78595
1!
1"
#78600
0!
0"
1:
1$
11
14
03
12
1/
0.
0-
0,
0+
1'
1&
#78605
1!
1"
b101 6
#78610
0!
0"
1:
13
02
0/
0*
0&
1%
#78615
1!
1"
b1100100 6
#78620
0!
0"
1:
01
05
04
03
12
1.
1-
1,
1+
1*
1)
1(
0'
0%
#78625
1!
1"
#78630
0!
0"
1:
0$
11
15
14
0.
0)
1'
1&
1%
#78635
1!
1"
b101 6
#78640
0!
0"
1:
1/
0-
0,
0+
0'
0&
0%
#78645
1!
1"
#78650
0!
0"
1:
1$
01
13
00
1.
1+
1)
0(
1'
#78655
1!
1"
#78660
0!
0"
1:
0$
04
03
10
1,
0+
0*
0)
1(
1&
#78665
1!
1"
#78670
0!
0"
1:
11
13
00
0/
0.
1-
1+
1)
0(
#78675
1!
1"
b11011001 6
#78680
0!
0"
1:
1$
01
03
10
1/
0+
1*
#78685
1!
1"
#78690
0!
0"
1:
13
02
0-
0,
0&
1%
#78695
1!
1"
#78700
0!
0"
1:
0$
11
03
12
1.
1-
1,
0*
0)
1(
1&
#78705
1!
1"
b1110000 6
#78710
0!
0"
1:
1$
01
05
13
02
00
0/
0-
0,
1+
0'
0&
#78715
1!
1"
#78720
0!
0"
1:
0$
14
03
12
10
1-
1,
0+
1*
1)
0(
1'
1&
0%
#78725
1!
1"
#78730
0!
0"
1:
1$
04
13
02
1/
0.
0,
1+
0*
1(
#78735
1!
1"
#78740
0!
0"
1:
11
12
0/
1.
0-
1,
0+
0(
0&
#78745
1!
1"
b101111 6
#78750
0!
0"
1:
01
15
14
0.
1-
0,
1+
1*
#78755
1!
1"
#78760
0!
0"
1:
0$
11
05
04
03
00
1/
1.
0-
1(
0'
1%
#78765
1!
1"
b101 6
#78770
0!
0"
1:
14
13
02
10
0.
1,
0+
0)
0(
1'
0%
#78775
1!
1"
b11011011 6
#78780
0!
0"
1:
01
15
04
12
00
1.
0,
1+
0*
1&
#78785
1!
1"
#78790
0!
0"
1:
1$
11
05
03
10
0.
1,
1*
1)
1(
0'
0&
1%
#78795
1!
1"
b101 6
#78800
0!
0"
1:
0$
01
15
14
00
0/
1.
1-
0+
0*
0)
0(
1&
#78805
1!
1"
#78810
0!
0"
1:
04
10
1/
1+
1*
1'
#78815
1!
1"
#78820
0!
0"
1:
05
00
0/
0,
1)
1(
0&
#78825
1!
1"
#78830
0!
0"
1:
1$
15
14
02
1/
0-
0*
0)
0(
#78835
1!
1"
#78840
0!
0"
1:
04
13
10
0/
1*
1(
#78845
1!
1"
#78850
0!
0"
1:
12
00
1/
0.
0*
1)
1&
#78855
1!
1"
#78860
0!
0"
1:
05
03
10
1.
1-
1,
0+
1*
0'
#78865
1!
1"
#78870
0!
0"
1:
13
00
0/
0-
1+
0*
0)
0&
0%
#78875
1!
1"
#78880
0!
0"
1:
0$
15
14
10
1/
0.
0+
1*
1'
1&
#78885
1!
1"
#78890
0!
0"
1:
05
03
02
00
1-
1+
0*
1)
0(
0&
1%
#78895
1!
1"
#78900
0!
0"
1:
11
04
13
12
10
0/
1.
0-
0+
0)
1(
0'
1&
0%
#78905
1!
1"
b101111 6
#78910
0!
0"
1:
14
0.
0,
1)
0(
#78915
1!
1"
b1100001 6
#78920
0!
0"
1:
04
03
00
1/
1,
1+
1%
#78925
1!
1"
b101 6
#78930
0!
0"
1:
14
13
02
0+
1*
0)
1'
#78935
1!
1"
b11011011 6
#78940
0!
0"
1:
1$
03
12
0/
1.
1+
0*
1(
#78945
1!
1"
b100110 6
#78950
0!
0"
1:
0$
15
04
13
1/
0.
1-
0,
0+
#78955
1!
1"
b11011111 6
#78960
0!
0"
1:
1$
01
05
03
10
0/
1.
0-
1,
1*
0&
#78965
1!
1"
#78970
0!
0"
1:
14
13
02
00
1/
1-
0,
1)
0(
0%
#78975
1!
1"
#78980
0!
0"
1:
0$
15
04
10
0/
0.
1+
0)
1(
0'
1&
#78985
1!
1"
#78990
0!
0"
1:
03
1.
1,
1)
0(
1'
0&
1%
#78995
1!
1"
#79000
0!
0"
1:
05
14
12
1/
0.
0-
0*
0)
1&
0%
#79005
1!
1"
#79010
0!
0"
1:
11
15
13
02
00
0/
1.
0,
0+
1*
1(
0'
#79015
1!
1"
b10101011 6
#79020
0!
0"
1:
1$
01
04
03
1/
1,
1+
0*
1)
#79025
1!
1"
#79030
0!
0"
1:
0$
14
12
1-
0+
1*
0(
1%
#79035
1!
1"
#79040
0!
0"
1:
1$
11
04
13
10
0/
0.
0-
0,
1+
0*
0)
0&
0%
#79045
1!
1"
b11011111 6
#79050
0!
0"
1:
0$
01
05
03
00
1/
1.
0+
1'
1%
#79055
1!
1"
#79060
0!
0"
1:
11
14
13
0/
0.
1-
1*
1)
1&
0%
#79065
1!
1"
b1100001 6
#79070
0!
0"
1:
1$
04
10
1/
1,
0*
0)
1(
#79075
1!
1"
b101111 6
#79080
0!
0"
1:
0$
01
02
00
0/
1.
0,
1)
0(
0&
1%
#79085
1!
1"
#79090
0!
0"
1:
1$
15
1/
1,
1+
1*
0)
1(
0'
0%
#79095
1!
1"
#79100
0!
0"
1:
0$
11
05
14
0*
1)
1'
1&
#79105
1!
1"
b11011011 6
#79110
0!
0"
1:
01
15
03
10
0.
0-
0)
1%
#79115
1!
1"
#79120
0!
0"
1:
00
0/
1.
0,
1)
0'
0&
0%
11
#79125
1!
1"
b11000000 6
#79130
0!
0"
1:
1$
12
10
1/
0.
1-
0(
1'
1&
#79135
1!
1"
b1010101 6
#79140
0!
0"
1:
01
04
1.
0-
0+
0'
0&
#79145
1!
1"
#79150
0!
0"
1:
14
13
00
0/
0.
1-
1,
0)
1(
#79155
1!
1"
#79160
0!
0"
1:
05
03
02
10
0-
0,
1+
1'
#79165
1!
1"
#79170
0!
0"
1:
04
1/
1-
1,
0+
1%
#79175
1!
1"
#79180
0!
0"
1:
13
1.
0-
0(
#79185
1!
1"
#79190
0!
0"
1:
11
15
03
00
0/
1-
1*
1)
1(
0'
0%
#79195
1!
1"
b11000 6
#79200
0!
0"
1:
01
14
13
12
10
0-
1+
0*
0(
1'
1&
1%
#79205
1!
1"
#79210
0!
0"
1:
05
04
03
0.
1-
1*
1(
#79215
1!
1"
#79220
0!
0"
1:
0$
11
14
13
02
00
1/
1.
0-
0+
0*
0)
0(
0&
0%
#79225
1!
1"
b10101011 6
#79230
0!
0"
1:
04
03
1-
1)
1&
1%
#79235
1!
1"
b10000111 6
#79240
0!
0"
1:
1$
14
13
12
0,
1(
0'
0%
#79245
1!
1"
b10110101 6
#79250
0!
0"
1:
0.
1*
0(
1'
0&
01
#79255
1!
1"
#79260
0!
0"
1:
0$
11
15
03
02
10
0/
1.
0-
1,
0)
0'
1&
#79265
1!
1"
b100001 6
#79270
0!
0"
1:
1$
01
05
04
00
1/
0.
1-
0,
1+
0*
1(
#79275
1!
1"
#79280
0!
0"
1:
10
0/
1.
0-
1,
0+
1%
11
#79285
1!
1"
b10000111 6
#79290
0!
0"
1:
01
15
14
00
1/
0.
1-
1+
0&
#79295
1!
1"
#79300
0!
0"
1:
0$
11
05
12
1.
0,
1*
0(
1&
#79305
1!
1"
b10111 6
#79310
0!
0"
1:
13
02
0/
0-
1,
0*
1(
1'
0&
0%
#79315
1!
1"
b10101011 6
#79320
0!
0"
1:
01
15
04
03
1/
0+
1*
1)
1%
#79325
1!
1"
#79330
0!
0"
1:
11
05
13
12
10
0/
1-
0,
1+
0)
0(
0'
1&
0%
#79335
1!
1"
b101111 6
#79340
0!
0"
1:
15
14
1/
0-
0+
1)
1(
#79345
1!
1"
b11111001 6
#79350
0!
0"
1:
01
05
03
02
0/
0.
1-
1,
0)
1%
#79355
1!
1"
#79360
0!
0"
1:
11
15
04
13
12
00
1/
1+
0*
1'
#79365
1!
1"
b10101 6
#79370
0!
0"
1:
1$
03
02
0/
0-
0+
0(
0'
0&
0%
#79375
1!
1"
b11011100 6
#79380
0!
0"
1:
0$
05
14
13
12
1-
1)
#79385
1!
1"
b10110101 6
#79390
0!
0"
1:
1$
03
02
10
1.
0-
0)
1(
1'
1%
#79395
1!
1"
b11001010 6
#79400
0!
0"
1:
01
04
00
1/
0.
1+
0(
0'
#79405
1!
1"
#79410
0!
0"
1:
0$
11
13
12
10
1.
1-
1*
1'
#79415
1!
1"
b101111 6
#79420
0!
0"
1:
1$
01
15
03
00
0/
0+
1(
0%
#79425
1!
1"
#79430
0!
0"
1:
0$
11
05
13
10
1/
0-
0,
0*
1)
1&
#79435
1!
1"
#79440
0!
0"
1:
1$
14
0.
1-
1+
#79445
1!
1"
b10110101 6
#79450
0!
0"
1:
0$
04
03
02
1.
0+
0)
0'
#79455
1!
1"
b10000 6
#79460
0!
0"
1:
1$
01
15
14
13
12
00
1)
0(
1'
0&
#79465
1!
1"
#79470
0!
0"
1:
03
02
0/
0.
0-
1+
1*
0)
1(
#79475
1!
1"
#79480
0!
0"
1:
0$
11
05
12
10
1/
0*
#79485
1!
1"
b10111 6
#79490
0!
0"
1:
1$
04
02
00
0/
1-
1,
1*
1)
#79495
1!
1"
b10000 6
#79500
0!
0"
1:
15
10
1.
0,
0*
0(
#79505
1!
1"
b11011100 6
#79510
0!
0"
1:
0$
01
12
00
0.
1,
1*
0)
0'
1&
1%
#79515
1!
1"
#79520
0!
0"
1:
1$
14
02
1.
0-
0*
1)
1(
1'
#79525
1!
1"
#79530
0!
0"
1:
0$
11
04
13
10
1/
1-
0+
0)
0'
0%
#79535
1!
1"
b101010 6
#79540
0!
0"
1:
1$
01
03
0/
0.
0-
0,
1+
1*
1'
0&
1%
#79545
1!
1"
#79550
0!
0"
1:
0$
14
13
12
00
1-
1)
0(
0'
#79555
1!
1"
#79560
0!
0"
1:
1$
11
03
02
1/
1.
1,
0+
0)
1(
1'
1&
#79565
1!
1"
b11111000 6
#79570
0!
0"
1:
05
12
0/
0*
1)
0&
0%
#79575
1!
1"
b10111 6
#79580
0!
0"
1:
01
04
13
02
0,
1+
1*
0)
0(
0'
#79585
1!
1"
#79590
0!
0"
1:
0$
11
14
03
12
1/
0.
1,
0*
1(
1&
1%
#79595
1!
1"
#79600
0!
0"
1:
01
04
13
0+
1)
0&
0%
#79605
1!
1"
#79610
0!
0"
1:
14
02
10
0/
0-
0,
1'
1&
#79615
1!
1"
#79620
0!
0"
1:
1$
11
03
00
1+
1*
0)
0(
#79625
1!
1"
b10101101 6
#79630
0!
0"
1:
0$
12
10
1/
1.
0+
0*
0'
#79635
1!
1"
b10111 6
#79640
0!
0"
1:
01
15
13
0.
1-
1,
1+
1)
1'
1%
#79645
1!
1"
#79650
0!
0"
1:
1$
11
05
04
03
02
0-
0,
0+
0)
#79655
1!
1"
b1101100 6
#79660
0!
0"
1:
01
14
0/
1.
1-
1,
1)
0&
0%
#79665
1!
1"
#79670
0!
0"
1:
11
13
12
1/
0.
0,
1+
1*
1(
1&
#79675
1!
1"
b11 6
#79680
0!
0"
1:
0$
01
03
02
00
0/
1,
0*
0)
1%
#79685
1!
1"
#79690
0!
0"
1:
11
04
10
1/
1.
0,
1*
1)
0(
0'
0&
0%
#79695
1!
1"
b1101100 6
#79700
0!
0"
1:
1$
14
13
12
0/
0-
1,
0*
0)
1(
#79705
1!
1"
b11 6
#79710
0!
0"
1:
0$
15
02
00
0.
0+
1)
0(
1'
1%
#79715
1!
1"
b11101011 6
#79720
0!
0"
1:
1$
05
04
03
12
10
1/
1.
1-
0,
1+
1*
1(
1&
#79725
1!
1"
b110010 6
#79730
0!
0"
1:
01
15
14
13
00
0/
0-
0+
0*
0)
0&
#79735
1!
1"
#79740
0!
0"
1:
04
03
02
1-
1,
1)
0'
1&
#79745
1!
1"
#79750
0!
0"
1:
0$
11
14
12
10
1/
0.
0,
1+
0)
0(
0&
0%
#79755
1!
1"
b100 6
#79760
0!
0"
1:
1$
04
13
02
00
1.
1,
1*
1(
1'
1&
#79765
1!
1"
b101010 6
#79770
0!
0"
1:
0$
05
14
12
0/
0.
0,
0*
1%
#79775
1!
1"
b11 6
#79780
0!
0"
1:
1$
15
03
1/
1.
0-
1,
1*
0(
0'
#79785
1!
1"
b100 6
#79790
0!
0"
1:
0$
01
04
10
0.
0+
1)
1(
0&
#79795
1!
1"
#79800
0!
0"
1:
1$
14
02
00
0/
1-
1+
0*
0(
1&
0%
#79805
1!
1"
#79810
0!
0"
1:
05
13
12
1/
0+
1*
0)
1%
#79815
1!
1"
#79820
0!
0"
1:
0$
15
04
10
0/
1.
0,
1+
0*
1)
1(
#79825
1!
1"
#79830
0!
0"
1:
1$
11
14
03
02
1/
0-
0+
0)
0(
0&
#79835
1!
1"
b10011100 6
#79840
0!
0"
1:
01
04
00
0/
0.
1-
1,
1+
1*
1)
1(
1'
1&
0%
#79845
1!
1"
#79850
0!
0"
1:
0$
05
14
13
12
10
1/
0,
0*
#79855
1!
1"
#79860
0!
0"
1:
1$
11
15
03
02
00
0/
1.
0)
1%
#79865
1!
1"
#79870
0!
0"
1:
05
0.
1,
0+
0&
#79875
1!
1"
b10011101 6
#79880
0!
0"
1:
0$
01
13
10
1/
1.
0,
1*
1&
#79885
1!
1"
#79890
0!
0"
1:
1$
11
15
04
03
00
0/
0.
0-
1,
0'
0&
#79895
1!
1"
b110101 6
#79900
0!
0"
1:
0$
01
05
14
13
12
10
1.
1-
1+
0*
0(
1'
1&
0%
#79905
1!
1"
#79910
0!
0"
1:
15
04
02
0.
0-
1)
0'
0&
1%
#79915
1!
1"
#79920
0!
0"
1:
11
12
1/
1.
0+
1*
0)
1(
1'
0%
#79925
1!
1"
b10011100 6
#79930
0!
0"
1:
05
14
03
02
0/
0.
0,
1+
1)
0(
0'
#79935
1!
1"
b10011101 6
#79940
0!
0"
1:
04
13
12
00
1-
1,
1(
1&
#79945
1!
1"
b1011010 6
#79950
0!
0"
1:
1$
14
03
02
10
0,
0+
0)
1'
1%
#79955
1!
1"
b10011101 6
#79960
0!
0"
1:
0$
04
12
1,
0*
1)
0(
0'
0&
#79965
1!
1"
b111 6
#79970
0!
0"
1:
1.
1&
01
#79975
1!
1"
#79980
0!
0"
1:
1$
11
15
13
00
1/
0.
0-
0,
1+
1*
0)
#79985
1!
1"
b10011100 6
#79990
0!
0"
1:
01
05
14
0/
1.
1-
1,
1)
1(
0&
#79995
1!
1"
#80000
0!
0"
1:
0+
0)
0(
1'
1&
11
#80005
1!
1"
b11 6
#80010
0!
0"
1:
0$
01
15
03
02
1/
0.
0-
0,
1+
0*
0'
0&
0%
#80015
1!
1"
#80020
0!
0"
1:
1$
10
0/
1-
1'
#80025
1!
1"
#80030
0!
0"
1:
05
13
12
1/
0'
1&
1%
#80035
1!
1"
#80040
0!
0"
1:
0$
00
0/
0-
1,
1*
1(
0%
#80045
1!
1"
#80050
0!
0"
1:
1$
11
15
04
02
0,
0+
1)
0&
#80055
1!
1"
b101010 6
#80060
0!
0"
1:
0$
01
05
12
10
1/
1-
1,
1'
1&
1%
#80065
1!
1"
#80070
0!
0"
1:
14
03
1.
0*
0(
0%
#80075
1!
1"
#80080
0!
0"
1:
1$
15
0,
1+
0'
1%
#80085
1!
1"
#80090
0!
0"
1:
11
05
00
1,
0+
1*
1(
0%
#80095
1!
1"
b10111 6
#80100
0!
0"
1:
15
10
0/
0*
0)
1'
0&
#80105
1!
1"
b11000 6
#80110
0!
0"
1:
01
05
02
1/
0.
0,
1+
1&
1%
#80115
1!
1"
#80120
0!
0"
1:
0$
11
04
13
12
00
0/
0-
0+
1*
0(
0'
0%
#80125
1!
1"
b10101111 6
#80130
0!
0"
1:
1$
01
15
14
02
10
1/
1+
0*
1)
1(
0&
#80135
1!
1"
#80140
0!
0"
1:
0+
0(
1&
11
#80145
1!
1"
b11111000 6
#80150
0!
0"
1:
04
03
00
0/
1.
1,
1*
#80155
1!
1"
b10100011 6
#80160
0!
0"
1:
0$
05
14
13
10
0)
1'
0&
#80165
1!
1"
b1100000 6
#80170
0!
0"
1:
01
04
12
0.
1-
0,
1+
0*
1(
1&
1%
#80175
1!
1"
#80180
0!
0"
1:
11
15
00
#80185
1!
1"
b10011100 6
#80190
0!
0"
1:
1$
01
02
1.
0'
#80195
1!
1"
#80200
0!
0"
1:
0$
11
14
10
1/
0+
1*
1)
0(
#80205
1!
1"
b11111000 6
#80210
0!
0"
1:
1$
01
12
0.
1+
0*
#80215
1!
1"
#80220
0!
0"
1:
11
03
02
1.
1,
1(
1'
#80225
1!
1"
b11101 6
#80230
0!
0"
1:
05
13
12
00
0.
0+
1*
0(
0'
#80235
1!
1"
b1011100 6
#80240
0!
0"
1:
0$
15
02
0-
0)
0&
0%
#80245
1!
1"
b11111000 6
#80250
0!
0"
1:
1$
05
04
03
12
0/
1.
1-
1%
#80255
1!
1"
b111 6
#80260
0!
0"
1:
15
13
02
10
0.
0,
1+
1)
1&
#80265
1!
1"
b11011110 6
#80270
0!
0"
1:
05
03
1/
1,
0%
#80275
1!
1"
b1101100 6
#80280
0!
0"
1:
0$
01
15
14
0/
1.
0,
0*
0)
0&
#80285
1!
1"
#80290
0!
0"
1:
11
05
04
12
1/
0-
1,
1*
1)
1(
1'
1&
1%
#80295
1!
1"
b1011100 6
#80300
0!
0"
1:
1$
01
14
1-
0,
0)
0'
0%
#80305
1!
1"
#80310
0!
0"
1:
0$
11
13
00
0/
0.
0-
1,
0+
0*
1)
0(
1'
#80315
1!
1"
#80320
0!
0"
1:
01
03
02
1.
1-
1+
1*
0)
1(
0'
#80325
1!
1"
#80330
0!
0"
1:
15
04
13
10
1/
0-
0,
0&
#80335
1!
1"
#80340
0!
0"
1:
1$
11
05
14
03
12
1-
1)
0(
1'
1&
1%
#80345
1!
1"
b10111 6
#80350
0!
0"
1:
0$
15
04
02
0/
0.
0*
1(
0%
#80355
1!
1"
b10100011 6
#80360
0!
0"
1:
14
13
12
0-
1*
0)
0(
0'
0&
#80365
1!
1"
b10111111 6
#80370
0!
0"
1:
1$
03
02
1/
1.
1-
0*
1'
1&
1%
#80375
1!
1"
b11101 6
#80380
0!
0"
1:
13
0/
1,
0+
1*
0'
0%
#80385
1!
1"
b11111000 6
#80390
0!
0"
1:
05
04
1+
1%
#80395
1!
1"
b1011101 6
#80400
0!
0"
1:
0$
15
14
00
0.
0,
0+
0*
1'
0%
#80405
1!
1"
b11111000 6
#80410
0!
0"
1:
05
04
03
12
0-
1*
1)
1(
0&
1%
#80415
1!
1"
b1011100 6
#80420
0!
0"
1:
15
13
02
10
1,
0*
0(
1&
#80425
1!
1"
b1101111 6
#80430
0!
0"
1:
05
00
1-
0,
1*
0)
1(
0&
0%
#80435
1!
1"
b1011101 6
#80440
0!
0"
1:
14
03
1+
0*
0'
1&
#80445
1!
1"
b101001 6
#80450
0!
0"
1:
15
13
12
1.
0-
1*
1)
0&
#80455
1!
1"
b10111111 6
#80460
0!
0"
1:
01
02
1-
1,
1%
#80465
1!
1"
#80470
0!
0"
1:
11
05
04
1/
0+
0*
0(
1'
1&
0%
#80475
1!
1"
b1011101 6
#80480
0!
0"
1:
1$
01
15
14
12
0/
0.
0-
1+
0)
0'
0&
#80485
1!
1"
#80490
0!
0"
1:
11
05
03
10
1/
1.
0,
1*
1'
1&
1%
#80495
1!
1"
b10111 6
#80500
0!
0"
1:
0$
15
04
1-
1,
0'
#80505
1!
1"
b11111100 6
#80510
0!
0"
1:
1$
14
02
00
0/
0,
0+
0*
1)
0%
#80515
1!
1"
b11101 6
#80520
0!
0"
1:
01
05
13
10
1/
0-
1,
1*
0)
1(
1'
#80525
1!
1"
#80530
0!
0"
1:
15
04
00
0.
0,
1+
0*
1)
0(
0'
1%
#80535
1!
1"
#80540
0!
0"
1:
0$
11
05
14
03
10
0/
1*
0)
1'
0%
#80545
1!
1"
b101001 6
#80550
0!
0"
1:
1$
01
15
04
00
1/
1-
0*
1(
0'
#80555
1!
1"
#80560
0!
0"
1:
0$
11
12
10
1.
0-
0+
1*
1)
0(
1'
#80565
1!
1"
b11111100 6
#80570
0!
0"
1:
1$
01
05
13
02
00
1-
1,
0*
0'
0&
1%
#80575
1!
1"
#80580
0!
0"
1:
11
15
14
03
10
0/
0)
1'
1&
#80585
1!
1"
b11101 6
#80590
0!
0"
1:
13
12
00
1/
1)
1(
#80595
1!
1"
b10111111 6
#80600
0!
0"
1:
0$
0/
0.
0,
0)
0(
0'
0%
01
#80605
1!
1"
#80610
0!
0"
1:
11
05
03
02
0-
1+
1*
1(
#80615
1!
1"
b101001 6
#80620
0!
0"
1:
1$
01
15
10
1-
1,
0+
0*
#80625
1!
1"
#80630
0!
0"
1:
11
04
1.
0,
1*
1)
0(
1'
0&
1%
#80635
1!
1"
b10100011 6
#80640
0!
0"
1:
01
13
12
00
1,
0*
#80645
1!
1"
#80650
0!
0"
1:
11
05
02
10
0-
1+
0)
1(
1&
0%
#80655
1!
1"
b10001100 6
#80660
0!
0"
1:
01
15
03
12
00
0.
0,
1*
0(
0&
1%
#80665
1!
1"
#80670
0!
0"
1:
11
13
10
1/
1.
1)
1(
0'
1&
0%
#80675
1!
1"
b101100 6
#80680
0!
0"
1:
0$
03
0.
0+
0*
0)
1'
0&
#80685
1!
1"
b11111100 6
#80690
0!
0"
1:
1$
01
02
00
1-
1*
1)
1&
1%
#80695
1!
1"
#80700
0!
0"
1:
11
14
13
1,
1+
0)
0'
#80705
1!
1"
b110101 6
#80710
0!
0"
1:
01
03
0/
1.
0*
1)
1'
0&
#80715
1!
1"
#80720
0!
0"
1:
11
05
13
0.
0,
1*
0%
#80725
1!
1"
b1100000 6
#80730
0!
0"
1:
15
03
12
1/
1.
1,
0'
1&
1%
#80735
1!
1"
b10111100 6
#80740
0!
0"
1:
01
05
13
0/
0-
0*
1'
0&
0%
#80745
1!
1"
#80750
0!
0"
1:
04
03
02
1/
0.
0(
1%
#80755
1!
1"
#80760
0!
0"
1:
11
12
10
0/
1-
0+
0)
1(
1&
0%
#80765
1!
1"
b10011110 6
#80770
0!
0"
1:
14
13
00
1/
1.
0-
1*
0(
0&
1%
#80775
1!
1"
b11101 6
#80780
0!
0"
1:
01
15
04
02
10
0/
0.
1-
1+
0*
1&
#80785
1!
1"
#80790
0!
0"
1:
05
00
1.
0,
1)
1(
#80795
1!
1"
#80800
0!
0"
1:
0$
11
15
14
1/
0.
1*
0)
0(
0%
#80805
1!
1"
b11001 6
#80810
0!
0"
1:
01
05
03
12
0/
1.
1)
1(
0'
1%
#80815
1!
1"
#80820
0!
0"
1:
1$
1/
0+
0*
0)
0(
0&
0%
#80825
1!
1"
#80830
0!
0"
1:
0$
15
04
10
0.
0-
1(
1'
1&
1%
#80835
1!
1"
#80840
0!
0"
1:
11
05
14
13
02
00
1.
1-
1*
1)
0(
0&
#80845
1!
1"
b1100000 6
#80850
0!
0"
1:
1$
15
03
12
0/
1+
0*
0)
1(
#80855
1!
1"
b10111100 6
#80860
0!
0"
1:
0$
05
04
13
10
0.
0-
1,
0+
1*
0(
#80865
1!
1"
b10100010 6
#80870
0!
0"
1:
01
15
14
03
02
0,
0*
1&
#80875
1!
1"
#80880
0!
0"
1:
1$
11
04
13
1-
1,
1+
1*
1(
0'
#80885
1!
1"
b11100111 6
#80890
0!
0"
1:
05
1.
0,
1)
0(
#80895
1!
1"
b10001100 6
#80900
0!
0"
1:
0$
01
12
00
0.
1,
1'
0%
#80905
1!
1"
#80910
0!
0"
1:
11
14
03
10
1/
0-
0&
1%
#80915
1!
1"
b1010110 6
#80920
0!
0"
1:
15
13
1.
0,
0)
1(
1&
#80925
1!
1"
b10101100 6
#80930
0!
0"
1:
01
05
03
02
00
1-
0+
0'
0&
0%
#80935
1!
1"
#80940
0!
0"
1:
04
13
10
0.
0-
0*
1)
0(
#80945
1!
1"
#80950
0!
0"
1:
11
15
14
03
12
0/
1.
1-
1*
0)
1(
1&
#80955
1!
1"
b101100 6
#80960
0!
0"
1:
1$
01
05
04
13
00
1/
0.
1+
0*
1)
0(
0&
1%
#80965
1!
1"
#80970
0!
0"
1:
1.
0-
1,
0)
#80975
1!
1"
#80980
0!
0"
1:
0$
15
14
0.
1-
0+
1*
1'
1&
0%
#80985
1!
1"
#80990
0!
0"
1:
1$
04
03
10
0/
0,
1)
0&
#80995
1!
1"
#81000
0!
0"
1:
0$
11
05
00
1/
1.
0-
0*
0)
1(
0'
1%
#81005
1!
1"
b110110 6
#81010
0!
0"
1:
01
14
13
02
10
1-
1*
0(
1'
0%
#81015
1!
1"
#81020
0!
0"
1:
11
04
0/
0.
0-
1,
1+
0'
1&
#81025
1!
1"
b10001100 6
#81030
0!
0"
1:
01
03
12
1/
1.
0+
1(
1'
0&
#81035
1!
1"
#81040
0!
0"
1:
1$
11
15
02
00
0,
1+
1)
0'
1%
#81045
1!
1"
b10100011 6
#81050
0!
0"
1:
05
12
10
0/
0.
1-
1,
0)
0(
#81055
1!
1"
b110110 6
#81060
0!
0"
1:
0$
13
00
1/
0,
0*
1)
1&
#81065
1!
1"
b11101101 6
#81070
0!
0"
1:
0/
0-
1*
1(
1'
0&
0%
01
#81075
1!
1"
#81080
0!
0"
1:
1$
15
14
03
10
1.
1-
1,
0(
0'
#81085
1!
1"
#81090
0!
0"
1:
0$
11
05
04
02
00
0.
0-
0)
1'
1&
#81095
1!
1"
b11111101 6
#81100
0!
0"
1:
14
12
1.
0,
0+
0'
#81105
1!
1"
b1010110 6
#81110
0!
0"
1:
01
15
04
13
02
0*
1)
1(
0&
1%
#81115
1!
1"
#81120
0!
0"
1:
1$
14
03
12
10
1-
1,
1+
1*
0(
1&
0%
#81125
1!
1"
#81130
0!
0"
1:
11
13
0,
0+
0*
1%
#81135
1!
1"
b10101100 6
#81140
0!
0"
1:
0$
01
05
04
03
1/
1+
0)
1'
0%
#81145
1!
1"
#81150
0!
0"
1:
1$
15
14
02
00
0-
1,
1)
#81155
1!
1"
#81160
0!
0"
1:
05
04
13
10
0/
0.
0,
0)
1(
0'
#81165
1!
1"
#81170
0!
0"
1:
14
03
12
1/
1-
1,
0+
1*
0(
0&
#81175
1!
1"
#81180
0!
0"
1:
04
02
0/
0-
0,
1+
0*
1)
1(
1'
#81185
1!
1"
#81190
0!
0"
1:
0$
11
15
12
00
1.
1-
1*
1%
#81195
1!
1"
b11100110 6
#81200
0!
0"
1:
1$
05
13
02
10
1/
0)
0(
0'
0%
#81205
1!
1"
b11111101 6
#81210
0!
0"
1:
0$
03
12
0/
0-
0+
0*
1)
1(
1'
1&
#81215
1!
1"
b1111001 6
#81220
0!
0"
1:
1$
02
00
1/
0.
1-
0)
0(
0'
0&
#81225
1!
1"
b1101111 6
#81230
0!
0"
1:
0$
01
15
12
10
1.
0-
1*
1(
1'
#81235
1!
1"
#81240
0!
0"
1:
1$
13
0.
1,
1+
0'
1&
#81245
1!
1"
#81250
0!
0"
1:
0$
05
14
0/
1.
0,
0*
1)
#81255
1!
1"
#81260
0!
0"
1:
1$
04
03
02
0.
0+
1*
0(
1'
0&
#81265
1!
1"
#81270
0!
0"
1:
15
14
13
12
00
1,
0)
#81275
1!
1"
#81280
0!
0"
1:
0$
11
05
1.
1-
1)
1(
0'
1%
#81285
1!
1"
b111001 6
#81290
0!
0"
1:
01
15
04
02
0-
0,
1+
0*
0%
#81295
1!
1"
#81300
0!
0"
1:
1/
0.
1,
0+
0)
0(
1'
1&
1%
11
#81305
1!
1"
b1110011 6
#81310
0!
0"
1:
14
10
0/
1.
1-
0&
#81315
1!
1"
b11001 6
#81320
0!
0"
1:
1$
01
03
12
00
0-
1+
1)
1(
0'
1&
#81325
1!
1"
#81330
0!
0"
1:
0$
11
04
1-
0+
0&
#81335
1!
1"
b11100110 6
#81340
0!
0"
1:
01
14
13
10
1/
1+
1*
0)
1'
1&
0%
#81345
1!
1"
#81350
0!
0"
1:
04
02
0.
0'
0&
#81355
1!
1"
#81360
0!
0"
1:
1$
05
03
00
0-
0,
0+
0*
0(
1%
#81365
1!
1"
#81370
0!
0"
1:
13
12
10
0/
1.
1,
1+
1*
1)
1&
0%
#81375
1!
1"
#81380
0!
0"
1:
11
14
02
00
1-
0*
0&
#81385
1!
1"
b10110110 6
#81390
0!
0"
1:
01
15
04
03
12
10
1/
0.
1*
0)
1&
#81395
1!
1"
#81400
0!
0"
1:
0$
11
05
14
02
00
1.
0,
0*
1)
1(
0&
#81405
1!
1"
b1010000 6
#81410
0!
0"
1:
1$
12
0-
1,
0)
1'
1&
1%
#81415
1!
1"
b1010110 6
#81420
0!
0"
1:
0$
01
04
02
10
0/
0.
1-
0+
1*
0&
#81425
1!
1"
#81430
0!
0"
1:
1$
1.
0,
1)
0(
0'
1&
11
#81435
1!
1"
b10111100 6
#81440
0!
0"
1:
0$
01
15
14
12
1/
0-
1,
1+
0)
1(
0&
0%
#81445
1!
1"
#81450
0!
0"
1:
11
05
04
13
00
0/
1-
0(
1'
1&
1%
#81455
1!
1"
b11001101 6
#81460
0!
0"
1:
14
1/
0-
0,
1)
1(
0'
0%
#81465
1!
1"
b111001 6
#81470
0!
0"
1:
01
15
02
10
0/
0.
0+
0)
1'
0&
#81475
1!
1"
#81480
0!
0"
1:
05
04
03
00
1/
1-
1+
0(
1&
#81485
1!
1"
#81490
0!
0"
1:
1$
13
12
0-
0+
1)
1(
0'
#81495
1!
1"
#81500
0!
0"
1:
11
15
02
10
0/
0)
0&
1%
#81505
1!
1"
b11000010 6
#81510
0!
0"
1:
0$
05
14
1/
0*
1)
0(
1'
0%
#81515
1!
1"
b10110110 6
#81520
0!
0"
1:
1$
01
12
00
0/
1.
1,
0)
1(
1%
#81525
1!
1"
#81530
0!
0"
1:
11
15
04
10
1/
0,
1*
1&
0%
#81535
1!
1"
b10110100 6
#81540
0!
0"
1:
0$
14
02
00
1-
0'
0&
1%
#81545
1!
1"
b1000111 6
#81550
0!
0"
1:
01
12
0/
0.
0-
1+
0*
1'
1&
0%
#81555
1!
1"
#81560
0!
0"
1:
11
05
04
02
10
1*
0&
1%
#81565
1!
1"
b1111011 6
#81570
0!
0"
1:
14
12
00
1-
1,
0+
1)
1&
#81575
1!
1"
b111001 6
#81580
0!
0"
1:
01
04
02
10
0-
1+
0*
0'
0%
#81585
1!
1"
#81590
0!
0"
1:
1$
1.
1-
0+
1*
1'
0&
1%
#81595
1!
1"
#81600
0!
0"
1:
15
03
12
00
0-
0,
0)
0(
0'
1&
0%
#81605
1!
1"
#81610
0!
0"
1:
0$
11
14
13
02
1/
1)
1(
1'
#81615
1!
1"
b1000111 6
#81620
0!
0"
1:
1$
01
03
10
0/
0.
0'
0&
1%
#81625
1!
1"
#81630
0!
0"
1:
0$
11
05
04
00
1/
1.
1,
0)
0(
1'
1&
0%
#81635
1!
1"
b10111100 6
#81640
0!
0"
1:
10
0/
0.
1(
0'
0&
01
#81645
1!
1"
#81650
0!
0"
1:
12
00
0,
1+
1)
#81655
1!
1"
#81660
0!
0"
1:
13
1,
0+
0)
0(
1'
1%
#81665
1!
1"
#81670
0!
0"
1:
14
03
10
1/
1+
1)
1&
#81675
1!
1"
#81680
0!
0"
1:
1$
13
02
00
0/
1-
0)
1(
0'
0%
#81685
1!
1"
#81690
0!
0"
1:
03
12
10
0,
0+
0*
0&
1%
#81695
1!
1"
#81700
0!
0"
1:
11
15
00
1/
1.
0-
1,
1'
1&
#81705
1!
1"
b11011101 6
#81710
0!
0"
1:
01
05
02
0/
0.
1+
1)
0'
0%
#81715
1!
1"
#81720
0!
0"
1:
12
1/
1-
0,
0)
0(
1'
0&
#81725
1!
1"
#81730
0!
0"
1:
0$
04
02
10
0-
1,
1)
1(
0'
1&
#81735
1!
1"
#81740
0!
0"
1:
1$
15
13
12
0/
0&
1%
#81745
1!
1"
#81750
0!
0"
1:
0$
11
03
00
1/
1-
0,
0+
0)
1'
1&
0%
#81755
1!
1"
b10110001 6
#81760
0!
0"
1:
14
13
10
1,
1*
1)
0'
0&
1%
#81765
1!
1"
b10110 6
#81770
0!
0"
1:
1$
05
03
00
0/
1+
0(
0%
#81775
1!
1"
b1010110 6
#81780
0!
0"
1:
01
04
1.
1(
1'
1%
#81785
1!
1"
#81790
0!
0"
1:
11
15
13
02
1/
0-
0,
0+
0)
#81795
1!
1"
b10110000 6
#81800
0!
0"
1:
0$
05
14
03
12
10
1,
0(
0'
1&
0%
#81805
1!
1"
b1010110 6
#81810
0!
0"
1:
15
0/
0.
1+
0*
1)
1'
0&
#81815
1!
1"
b1000110 6
#81820
0!
0"
1:
01
05
04
00
1/
0,
0+
1*
0)
1(
0'
1%
#81825
1!
1"
#81830
0!
0"
1:
11
15
14
02
10
1-
1+
0%
#81835
1!
1"
b10100001 6
#81840
0!
0"
1:
1$
01
05
00
0/
1.
0-
0*
0(
1'
1&
#81845
1!
1"
#81850
0!
0"
1:
0$
11
04
10
1-
1)
1(
0'
1%
#81855
1!
1"
b11111000 6
#81860
0!
0"
1:
1$
01
15
14
00
1/
0-
1,
0+
1*
0)
1'
#81865
1!
1"
#81870
0!
0"
1:
11
04
12
0/
0,
0'
0&
#81875
1!
1"
b10110001 6
#81880
0!
0"
1:
01
05
14
13
10
1,
1+
0(
1'
1&
#81885
1!
1"
#81890
0!
0"
1:
11
04
02
1/
0.
1-
0*
1)
0%
#81895
1!
1"
b1000100 6
#81900
0!
0"
1:
0$
15
14
03
0/
0-
0,
0)
1(
1%
#81905
1!
1"
b10100001 6
#81910
0!
0"
1:
1$
1-
1,
0+
1)
0(
0'
0&
0%
01
#81915
1!
1"
#81920
0!
0"
1:
0$
05
13
12
00
0-
0,
1+
#81925
1!
1"
#81930
0!
0"
1:
11
15
03
02
1-
1,
0)
1(
1'
1%
#81935
1!
1"
#81940
0!
0"
1:
01
13
1/
0,
0+
1)
0(
0'
1&
0%
#81945
1!
1"
#81950
0!
0"
1:
05
03
10
1.
0-
1(
1'
1%
#81955
1!
1"
#81960
0!
0"
1:
1$
1-
1,
1+
0)
0&
#81965
1!
1"
#81970
0!
0"
1:
0$
11
15
04
13
12
00
0/
0,
0+
1*
0(
1&
0%
#81975
1!
1"
b10110100 6
#81980
0!
0"
1:
1$
05
03
10
0-
1,
1+
0*
1(
0'
#81985
1!
1"
b10 6
#81990
0!
0"
1:
13
00
1/
1-
0,
0+
1*
1)
1%
#81995
1!
1"
b11001101 6
#82000
0!
0"
1:
0$
01
15
14
1,
1+
#82005
1!
1"
#82010
0!
0"
1:
1$
0/
0.
0*
0)
0&
0%
11
#82015
1!
1"
b1010110 6
#82020
0!
0"
1:
01
04
02
1/
0-
0,
1*
0(
1'
#82025
1!
1"
#82030
0!
0"
1:
03
12
10
1,
0*
1)
1(
1&
1%
#82035
1!
1"
#82040
0!
0"
1:
0$
11
05
14
13
02
0/
1*
0)
0(
#82045
1!
1"
b10111011 6
#82050
0!
0"
1:
15
03
00
1/
0,
0*
1)
0'
0&
#82055
1!
1"
b10100001 6
#82060
0!
0"
1:
1$
01
04
13
12
1.
1-
1,
1(
1'
#82065
1!
1"
#82070
0!
0"
1:
0$
05
02
10
0.
0-
0'
#82075
1!
1"
#82080
0!
0"
1:
15
14
00
0/
1.
1-
0)
0(
1&
0%
#82085
1!
1"
#82090
0!
0"
1:
1$
04
10
1/
0.
0-
0,
0+
1(
1'
0&
#82095
1!
1"
#82100
0!
0"
1:
0$
11
05
14
0/
1-
1,
1*
1&
1%
#82105
1!
1"
b10111011 6
#82110
0!
0"
1:
1$
01
04
03
12
0*
0'
#82115
1!
1"
#82120
0!
0"
1:
15
14
13
1/
0-
1+
0&
0%
#82125
1!
1"
#82130
0!
0"
1:
0$
04
0/
1.
1-
0,
1*
1)
0(
1'
1&
#82135
1!
1"
#82140
0!
0"
1:
02
0)
1(
0'
0&
#82145
1!
1"
#82150
0!
0"
1:
00
0.
0+
0*
11
#82155
1!
1"
b110101 6
#82160
0!
0"
1:
1$
01
14
10
1/
1.
0-
1,
1+
1*
1)
0(
1&
#82165
1!
1"
#82170
0!
0"
1:
05
04
03
12
1%
#82175
1!
1"
#82180
0!
0"
1:
14
02
0.
0*
1'
0%
#82185
1!
1"
#82190
0!
0"
1:
0$
11
04
12
0,
0+
0'
#82195
1!
1"
b10 6
#82200
0!
0"
1:
1$
14
0/
1.
1,
1+
1%
#82205
1!
1"
b1010110 6
#82210
0!
0"
1:
0$
15
13
00
1/
0.
1*
0)
1'
0%
#82215
1!
1"
b10110011 6
#82220
0!
0"
1:
1$
01
04
02
0,
0+
0*
1%
#82225
1!
1"
#82230
0!
0"
1:
11
05
10
1.
1,
1+
1)
1(
0%
#82235
1!
1"
b11110111 6
#82240
0!
0"
1:
01
15
14
03
0/
0,
0+
1*
0'
#82245
1!
1"
#82250
0!
0"
1:
11
04
13
00
1/
0.
1,
1+
0)
0&
#82255
1!
1"
b11000101 6
#82260
0!
0"
1:
0$
01
05
14
03
0/
0+
0*
0(
1&
#82265
1!
1"
#82270
0!
0"
1:
1$
15
04
10
1.
1-
1'
0&
#82275
1!
1"
#82280
0!
0"
1:
11
14
13
12
00
0.
0-
1+
1*
0'
#82285
1!
1"
b10110011 6
#82290
0!
0"
1:
0$
03
02
1.
1-
0,
1&
#82295
1!
1"
b11 6
#82300
0!
0"
1:
1$
01
05
04
13
10
1/
0-
1,
1(
1'
0&
#82305
1!
1"
#82310
0!
0"
1:
0$
15
14
00
1-
0,
0+
1)
0(
1&
#82315
1!
1"
#82320
0!
0"
1:
1$
10
0/
0.
0-
1+
0*
1(
0&
#82325
1!
1"
#82330
0!
0"
1:
11
04
03
12
1/
1.
1,
0+
1*
0)
0(
0'
1%
#82335
1!
1"
b1000100 6
#82340
0!
0"
1:
05
14
0/
1+
1(
#82345
1!
1"
b1010110 6
#82350
0!
0"
1:
02
1/
0.
0,
0+
0*
1)
1'
#82355
1!
1"
b11101 6
#82360
0!
0"
1:
0$
04
1.
1,
1*
0)
0(
1&
#82365
1!
1"
b1110000 6
#82370
0!
0"
1:
00
0.
1+
0*
1(
0'
0&
01
#82375
1!
1"
#82380
0!
0"
1:
11
15
13
10
0/
1-
0,
0+
1'
1&
0%
#82385
1!
1"
b11000101 6
#82390
0!
0"
1:
1$
03
1/
1.
0-
1*
1)
0(
0'
#82395
1!
1"
b1110010 6
#82400
0!
0"
1:
0$
14
13
12
0.
0)
1(
#82405
1!
1"
b10110011 6
#82410
0!
0"
1:
01
04
03
02
00
0/
1.
1-
1,
1)
0(
1%
#82415
1!
1"
#82420
0!
0"
1:
1$
05
14
12
1/
0.
0-
0,
0*
1(
#82425
1!
1"
#82430
0!
0"
1:
11
04
13
0/
1.
1+
1*
0)
0(
1'
0&
0%
#82435
1!
1"
b10110101 6
#82440
0!
0"
1:
01
15
02
1/
0.
1-
1(
0'
1%
#82445
1!
1"
#82450
0!
0"
1:
11
05
03
10
0/
1.
0-
1,
1)
1&
0%
#82455
1!
1"
b1110000 6
#82460
0!
0"
1:
0$
0+
0)
0(
01
#82465
1!
1"
#82470
0!
0"
1:
1$
15
00
1/
1+
0*
1'
#82475
1!
1"
#82480
0!
0"
1:
11
05
14
12
0/
1-
1)
1(
0'
0&
1%
#82485
1!
1"
b1010110 6
#82490
0!
0"
1:
0$
15
13
10
1/
0.
0,
0)
0(
1'
1&
#82495
1!
1"
b10110011 6
#82500
0!
0"
1:
01
05
03
02
00
0/
0-
1)
1(
0'
0&
#82505
1!
1"
#82510
0!
0"
1:
11
04
13
12
0+
0)
1'
#82515
1!
1"
b10110101 6
#82520
0!
0"
1:
15
02
1.
1*
0(
1&
#82525
1!
1"
b11110101 6
#82530
0!
0"
1:
05
14
03
12
1/
1,
1+
0*
1)
1(
0'
0&
#82535
1!
1"
b1010110 6
#82540
0!
0"
1:
1$
01
02
10
0/
0(
1&
#82545
1!
1"
#82550
0!
0"
1:
0$
15
12
0.
0,
0+
0)
#82555
1!
1"
#82560
0!
0"
1:
1$
05
13
00
1/
1-
1,
1*
1)
1(
0&
#82565
1!
1"
#82570
0!
0"
1:
15
03
10
1.
1+
1&
0%
#82575
1!
1"
#82580
0!
0"
1:
0$
11
04
00
0.
0-
0+
0*
0)
0(
1'
#82585
1!
1"
b11011010 6
#82590
0!
0"
1:
14
13
02
1-
1*
1(
0'
1%
#82595
1!
1"
b10110111 6
#82600
0!
0"
1:
04
03
12
10
0-
0,
1)
0(
0&
#82605
1!
1"
b11011010 6
#82610
0!
0"
1:
1$
01
05
14
0/
1-
0)
1&
#82615
1!
1"
#82620
0!
0"
1:
0$
1+
0*
1)
1(
1'
0%
11
#82625
1!
1"
b1010110 6
#82630
0!
0"
1:
15
0-
1,
0+
1*
0)
0'
1%
#82635
1!
1"
b10000011 6
#82640
0!
0"
1:
05
04
13
1/
1.
1-
1+
0*
1)
0(
1'
0&
#82645
1!
1"
b1001001 6
#82650
0!
0"
1:
1$
14
00
0.
0-
0,
0'
1&
0%
#82655
1!
1"
b10 6
#82660
0!
0"
1:
02
0/
1-
1,
1*
1(
1%
#82665
1!
1"
b110110 6
#82670
0!
0"
1:
0$
01
15
04
03
12
10
1/
0+
0*
0)
0(
1'
0%
#82675
1!
1"
#82680
0!
0"
1:
11
14
00
0/
0-
0'
0&
#82685
1!
1"
b10000011 6
#82690
0!
0"
1:
1$
01
04
02
10
1.
1-
1*
1%
#82695
1!
1"
#82700
0!
0"
1:
11
14
13
1/
0.
0-
1+
0*
1)
1(
1&
#82705
1!
1"
b10110111 6
#82710
0!
0"
1:
0$
04
1.
0,
0+
1*
0)
#82715
1!
1"
b11111111 6
#82720
0!
0"
1:
1$
01
05
14
12
0/
1,
0*
1)
1'
0&
#82725
1!
1"
#82730
0!
0"
1:
03
00
1/
1-
1+
1*
0)
0(
0'
#82735
1!
1"
#82740
0!
0"
1:
15
04
02
10
0.
0-
1)
1'
0%
#82745
1!
1"
#82750
0!
0"
1:
0$
00
0/
0,
0)
0'
1&
11
#82755
1!
1"
b1110010 6
#82760
0!
0"
1:
01
13
12
1/
1,
0+
1)
1'
0&
#82765
1!
1"
#82770
0!
0"
1:
0/
1.
1-
0,
1+
0'
1%
#82775
1!
1"
#82780
0!
0"
1:
1$
05
14
03
02
0+
0)
1'
0%
#82785
1!
1"
#82790
0!
0"
1:
15
04
10
0.
1,
1+
0*
1)
1%
#82795
1!
1"
#82800
0!
0"
1:
0$
11
05
13
00
0-
1*
1(
0%
#82805
1!
1"
b10100010 6
#82810
0!
0"
1:
03
12
1/
0*
1%
#82815
1!
1"
b1111110 6
#82820
0!
0"
1:
1$
01
13
02
0/
0,
1*
#82825
1!
1"
#82830
0!
0"
1:
0$
11
14
03
12
10
1/
1-
0+
0*
0)
0'
#82835
1!
1"
b10111001 6
#82840
0!
0"
1:
15
04
13
02
00
0/
0-
1,
1+
1*
1)
0(
0%
#82845
1!
1"
b11111111 6
#82850
0!
0"
1:
14
03
12
10
1/
0,
0)
1'
1&
1%
#82855
1!
1"
b11100000 6
#82860
0!
0"
1:
01
05
13
02
1.
1,
0&
#82865
1!
1"
#82870
0!
0"
1:
1$
12
0/
0+
1)
1(
#82875
1!
1"
#82880
0!
0"
1:
0$
11
03
02
1/
0,
1+
0*
0(
0'
1&
0%
#82885
1!
1"
b1001100 6
#82890
0!
0"
1:
15
12
00
0/
0.
1-
0)
1%
#82895
1!
1"
b11010101 6
#82900
0!
0"
1:
05
13
02
10
1.
1,
1(
1'
0%
#82905
1!
1"
b110110 6
#82910
0!
0"
1:
1$
03
00
0.
0-
0+
1*
0(
0'
0&
1%
#82915
1!
1"
b1001100 6
#82920
0!
0"
1:
0$
01
12
10
1.
0,
1+
0%
#82925
1!
1"
#82930
0!
0"
1:
11
15
04
13
00
1/
1,
0+
1)
1%
#82935
1!
1"
b10110011 6
#82940
0!
0"
1:
14
03
0/
0,
1+
0*
0)
1(
1'
1&
0%
#82945
1!
1"
b11010101 6
#82950
0!
0"
1:
1$
01
04
13
02
0.
1-
1,
1*
1)
0'
0&
#82955
1!
1"
#82960
0!
0"
1:
0$
14
03
10
1/
0*
0(
1%
#82965
1!
1"
#82970
0!
0"
1:
1$
04
12
00
0-
0,
0+
1*
1'
0%
#82975
1!
1"
#82980
0!
0"
1:
11
05
02
10
0/
1.
1-
1,
1+
0*
0'
#82985
1!
1"
b1110000 6
#82990
0!
0"
1:
0$
01
13
12
00
0.
0-
0+
1'
#82995
1!
1"
#83000
0!
0"
1:
1$
14
10
1.
1-
1&
#83005
1!
1"
#83010
0!
0"
1:
0$
15
04
03
00
0.
0,
1+
1*
0)
0'
#83015
1!
1"
#83020
0!
0"
1:
1$
11
13
02
0-
1,
0+
0*
1(
1'
0&
1%
#83025
1!
1"
b11111111 6
#83030
0!
0"
1:
01
05
10
1/
1*
1)
0(
1&
#83035
1!
1"
#83040
0!
0"
1:
0$
11
03
1-
0,
1(
0%
#83045
1!
1"
b10111101 6
#83050
0!
0"
1:
01
14
0/
1,
0*
0)
0&
1%
#83055
1!
1"
#83060
0!
0"
1:
11
04
13
00
1/
1.
0,
1*
1)
0(
0'
0%
#83065
1!
1"
b10100010 6
#83070
0!
0"
1:
14
12
0.
0-
0*
0)
1&
#83075
1!
1"
b11010011 6
#83080
0!
0"
1:
15
04
03
0/
1.
1,
1*
1(
#83085
1!
1"
b11011010 6
#83090
0!
0"
1:
13
02
10
1-
0,
1+
0*
0(
0&
1%
#83095
1!
1"
b11111111 6
#83100
0!
0"
1:
01
03
12
1/
0.
0-
#83105
1!
1"
#83110
0!
0"
1:
1$
00
1.
1-
1,
1*
1'
#83115
1!
1"
#83120
0!
0"
1:
0$
14
13
0.
0-
0,
0+
0*
1(
#83125
1!
1"
#83130
0!
0"
1:
1$
05
03
0/
1.
1-
1+
1*
0(
1&
#83135
1!
1"
#83140
0!
0"
1:
11
15
13
02
10
1/
0-
1,
0+
0*
0'
0&
0%
#83145
1!
1"
b10110111 6
#83150
0!
0"
1:
03
12
00
0.
1-
1+
1)
#83155
1!
1"
b10000 6
#83160
0!
0"
1:
0$
01
02
1.
0-
0,
1*
1(
1'
1&
#83165
1!
1"
#83170
0!
0"
1:
1$
11
12
1-
1,
0)
0(
0'
0&
#83175
1!
1"
#83180
0!
0"
1:
01
05
10
0,
0+
1)
1(
1&
#83185
1!
1"
#83190
0!
0"
1:
0$
15
02
0.
1'
#83195
1!
1"
#83200
0!
0"
1:
11
05
04
12
0/
1.
0-
1,
1+
0*
0&
#83205
1!
1"
b1010000 6
#83210
0!
0"
1:
01
15
02
00
1/
1-
0,
0)
1&
1%
#83215
1!
1"
#83220
0!
0"
1:
1$
05
12
0/
1)
0'
0%
#83225
1!
1"
#83230
0!
0"
1:
11
15
0.
0+
0)
0(
1%
#83235
1!
1"
b11011010 6
#83240
0!
0"
1:
0$
01
13
10
1,
#83245
1!
1"
#83250
0!
0"
1:
1$
05
14
03
02
1/
1)
#83255
1!
1"
#83260
0!
0"
1:
15
04
13
12
0,
1*
0)
0&
0%
#83265
1!
1"
#83270
0!
0"
1:
02
0/
1.
0-
1,
0*
1)
1'
#83275
1!
1"
#83280
0!
0"
1:
11
14
03
0.
1-
0,
1*
#83285
1!
1"
b10100001 6
#83290
0!
0"
1:
01
12
00
1.
0-
1,
0*
1(
#83295
1!
1"
#83300
0!
0"
1:
13
1/
1-
0,
0)
0(
0'
#83305
1!
1"
#83310
0!
0"
1:
0$
11
05
04
02
10
0.
1,
1+
1*
1)
1&
#83315
1!
1"
b10100010 6
#83320
0!
0"
1:
1$
01
14
12
0/
1.
0,
0+
0*
1'
0&
#83325
1!
1"
#83330
0!
0"
1:
0$
04
03
00
1/
0-
1*
0'
#83335
1!
1"
#83340
0!
0"
1:
1$
11
15
13
02
10
0.
1-
1+
0)
1(
1%
#83345
1!
1"
b10101100 6
#83350
0!
0"
1:
0$
05
14
0/
1,
0+
1)
0(
1&
#83355
1!
1"
b10011101 6
#83360
0!
0"
1:
1$
01
15
03
12
1/
0-
1+
0*
0)
1'
0%
#83365
1!
1"
#83370
0!
0"
1:
13
02
0,
1*
1)
1(
#83375
1!
1"
#83380
0!
0"
1:
0$
11
04
00
0/
1.
1,
0*
0)
0'
#83385
1!
1"
b10101100 6
#83390
0!
0"
1:
01
03
12
10
1/
1-
0,
1)
1'
0&
#83395
1!
1"
#83400
0!
0"
1:
1$
05
14
02
00
0-
1,
0+
1*
1%
#83405
1!
1"
#83410
0!
0"
1:
15
13
0,
1+
0(
0%
#83415
1!
1"
#83420
0!
0"
1:
0$
04
03
12
10
0/
1-
1,
0+
0*
1%
#83425
1!
1"
#83430
0!
0"
1:
05
13
02
00
1/
0.
0-
0,
1+
1*
0)
1&
0%
#83435
1!
1"
#83440
0!
0"
1:
11
15
03
12
1.
1-
1,
1)
1(
0&
1%
#83445
1!
1"
b1101011 6
#83450
0!
0"
1:
01
05
14
02
10
0-
0(
0'
1&
#83455
1!
1"
#83460
0!
0"
1:
1$
11
04
00
0.
1-
0*
0)
1'
0&
#83465
1!
1"
b1110 6
#83470
0!
0"
1:
10
0,
0+
1*
1&
0%
#83475
1!
1"
#83480
0!
0"
1:
0$
15
14
0/
1.
1+
0*
0'
1%
#83485
1!
1"
b10010100 6
#83490
0!
0"
1:
1$
01
12
00
1/
0.
0+
1*
1(
0&
#83495
1!
1"
#83500
0!
0"
1:
02
0(
1'
1&
0%
#83505
1!
1"
#83510
0!
0"
1:
13
12
10
1,
1)
1(
1%
#83515
1!
1"
#83520
0!
0"
1:
05
02
00
0/
0,
0*
0)
#83525
1!
1"
#83530
0!
0"
1:
0$
15
04
03
10
1/
1,
1+
1*
0(
0&
#83535
1!
1"
#83540
0!
0"
1:
1$
05
13
12
0/
0-
0,
0*
1)
1(
0'
1&
#83545
1!
1"
#83550
0!
0"
1:
0$
15
14
02
1/
1,
1*
0)
0(
1'
0&
#83555
1!
1"
#83560
0!
0"
1:
1$
05
04
0/
0,
0+
0*
0'
#83565
1!
1"
#83570
0!
0"
1:
0$
11
15
03
00
1/
1-
1,
1+
1*
1)
1(
1'
1&
0%
#83575
1!
1"
b11111000 6
#83580
0!
0"
1:
01
14
13
10
1.
0-
0+
0(
0&
#83585
1!
1"
#83590
0!
0"
1:
1$
04
00
0.
0,
1+
0)
1(
0'
#83595
1!
1"
#83600
0!
0"
1:
0$
14
03
12
0/
1.
1-
0+
0*
0(
1%
#83605
1!
1"
#83610
0!
0"
1:
11
04
1/
0.
1,
1*
1(
1&
0%
#83615
1!
1"
b1001010 6
#83620
0!
0"
1:
14
13
10
1.
0-
0,
0*
1)
0(
0&
1%
#83625
1!
1"
b1000 6
#83630
0!
0"
1:
03
02
00
1,
1+
1&
0%
#83635
1!
1"
b10010100 6
#83640
0!
0"
1:
1$
01
05
04
12
1-
0+
1*
1(
1'
#83645
1!
1"
#83650
0!
0"
1:
0$
0/
0*
0(
1%
11
#83655
1!
1"
b1 6
#83660
0!
0"
1:
1$
15
14
13
10
1/
1+
1*
1(
#83665
1!
1"
b1000 6
#83670
0!
0"
1:
01
05
00
0.
0-
0,
0*
0)
0(
0&
#83675
1!
1"
#83680
0!
0"
1:
04
02
10
0/
1.
1,
0+
1&
#83685
1!
1"
#83690
0!
0"
1:
0$
11
15
14
12
00
1/
1-
0,
1+
1*
1)
1(
0'
0&
#83695
1!
1"
b11111111 6
#83700
0!
0"
1:
01
03
02
1,
0)
0(
1'
#83705
1!
1"
#83710
0!
0"
1:
1$
05
10
0.
0*
1)
1(
1&
0%
#83715
1!
1"
#83720
0!
0"
1:
0$
11
15
04
13
12
00
0/
0-
0,
0&
#83725
1!
1"
b10100001 6
#83730
0!
0"
1:
1$
01
05
02
10
1*
1&
#83735
1!
1"
#83740
0!
0"
1:
1/
1.
1-
0+
0*
0)
0(
0'
1%
11
#83745
1!
1"
b10100010 6
#83750
0!
0"
1:
01
14
0/
0.
1,
1+
1)
1(
1'
0%
#83755
1!
1"
#83760
0!
0"
1:
0$
04
03
0-
0,
0+
0)
0'
#83765
1!
1"
#83770
0!
0"
1:
11
15
00
1/
1.
1-
1+
1)
0(
0&
1%
#83775
1!
1"
b1100010 6
#83780
0!
0"
1:
1$
05
0-
1,
0+
0)
1&
0%
#83785
1!
1"
b1110 6
#83790
0!
0"
1:
01
14
1-
0,
0&
1%
#83795
1!
1"
#83800
0!
0"
1:
0$
11
04
13
0-
1,
1*
1)
1(
0%
#83805
1!
1"
b10110 6
#83810
0!
0"
1:
0/
0.
1-
1%
#83815
1!
1"
#83820
0!
0"
1:
1$
01
14
03
10
1/
0-
0,
1+
0*
0)
0(
1'
#83825
1!
1"
#83830
0!
0"
1:
04
13
12
00
1-
0+
1*
1)
0'
#83835
1!
1"
#83840
0!
0"
1:
0$
0/
1(
1&
11
#83845
1!
1"
b1111 6
#83850
0!
0"
1:
1$
01
14
03
02
10
0-
0(
0&
#83855
1!
1"
#83860
0!
0"
1:
0$
15
04
12
00
1.
1-
0*
0)
1(
1'
1&
0%
#83865
1!
1"
#83870
0!
0"
1:
1$
11
05
13
0.
0-
1+
0(
0'
0&
1%
#83875
1!
1"
#83880
0!
0"
1:
01
15
03
02
1.
1-
1,
1*
1)
1(
1'
1&
0%
#83885
1!
1"
#83890
0!
0"
1:
0$
05
14
12
10
1/
0,
0*
0'
#83895
1!
1"
#83900
0!
0"
1:
11
15
13
02
00
0-
0(
#83905
1!
1"
b11111100 6
#83910
0!
0"
1:
1$
12
10
0.
1-
0+
1*
#83915
1!
1"
b11111111 6
#83920
0!
0"
1:
01
05
04
1.
0-
1,
1+
0*
0)
1'
0&
1%
#83925
1!
1"
#83930
0!
0"
1:
00
0.
1-
0,
0+
1&
11
#83935
1!
1"
b1111 6
#83940
0!
0"
1:
0$
15
03
02
0/
1+
1)
0&
#83945
1!
1"
b1100010 6
#83950
0!
0"
1:
14
13
10
0+
0)
0'
1&
0%
#83955
1!
1"
b11111100 6
#83960
0!
0"
1:
1$
01
04
12
0-
1+
1*
1(
0&
#83965
1!
1"
#83970
0!
0"
1:
14
00
1-
0*
0(
#83975
1!
1"
#83980
0!
0"
1:
0$
11
03
02
10
#83985
1!
1"
b10010100 6
#83990
0!
0"
1:
01
05
12
00
1.
0-
1*
1(
1'
#83995
1!
1"
#84000
0!
0"
1:
1$
15
02
1/
0.
0+
0*
1)
0(
0'
#84005
1!
1"
#84010
0!
0"
1:
0$
05
13
0/
1.
1-
1+
0)
#84015
1!
1"
#84020
0!
0"
1:
11
03
0.
0+
1*
1)
1'
#84025
1!
1"
b11100110 6
#84030
0!
0"
1:
15
12
10
1.
1,
1+
0*
0)
1%
#84035
1!
1"
b11010110 6
#84040
0!
0"
1:
01
04
0.
0-
1)
1(
1&
0%
#84045
1!
1"
#84050
0!
0"
1:
11
05
14
13
02
00
1/
1.
1-
0+
1*
0)
#84055
1!
1"
b1001010 6
#84060
0!
0"
1:
01
04
12
10
0.
0,
1+
0*
0'
1%
#84065
1!
1"
#84070
0!
0"
1:
11
14
02
00
0/
1.
1,
1*
0(
1'
#84075
1!
1"
#84080
0!
0"
1:
15
1/
0-
0*
1)
0&
#84085
1!
1"
b11111100 6
#84090
0!
0"
1:
01
04
03
12
10
0/
0.
0,
0)
1(
0'
1&
0%
#84095
1!
1"
#84100
0!
0"
1:
14
13
00
1/
1-
1*
1'
1%
#84105
1!
1"
#84110
0!
0"
1:
04
03
02
10
0/
1,
0+
0*
1)
0(
0&
#84115
1!
1"
#84120
0!
0"
1:
1$
05
00
1.
0-
1+
1*
0)
1(
0'
1&
#84125
1!
1"
#84130
0!
0"
1:
11
13
12
10
1-
0,
0+
0*
1)
0&
0%
#84135
1!
1"
b1111 6
#84140
0!
0"
1:
0$
15
14
02
1/
0)
1'
1&
#84145
1!
1"
b11111100 6
#84150
0!
0"
1:
1$
03
12
0-
1)
0'
0&
#84155
1!
1"
b11010110 6
#84160
0!
0"
1:
0$
00
1-
1,
0)
01
#84165
1!
1"
#84170
0!
0"
1:
0/
0.
0,
1+
1*
0(
1&
1%
11
#84175
1!
1"
#84180
0!
0"
1:
05
04
1/
0+
0*
1'
#84185
1!
1"
b100000 6
#84190
0!
0"
1:
1$
01
15
14
13
0-
0%
#84195
1!
1"
#84200
0!
0"
1:
0$
11
04
03
10
1,
1+
1)
0'
1%
#84205
1!
1"
b1001010 6
#84210
0!
0"
1:
05
14
02
0/
0+
#84215
1!
1"
b11100110 6
#84220
0!
0"
1:
01
15
12
00
1/
1.
1-
1+
1(
1'
0&
0%
#84225
1!
1"
#84230
0!
0"
1:
11
13
02
0/
0-
0+
1*
0'
1%
#84235
1!
1"
b11111100 6
#84240
0!
0"
1:
1$
01
03
12
10
1-
1+
0*
0)
0(
1'
0%
#84245
1!
1"
#84250
0!
0"
1:
0$
11
04
02
1/
0.
0-
0,
0+
1*
1%
#84255
1!
1"
b10000111 6
#84260
0!
0"
1:
1$
01
14
1.
1-
0*
1&
#84265
1!
1"
#84270
0!
0"
1:
05
04
0/
0.
0-
1,
1+
1*
#84275
1!
1"
#84280
0!
0"
1:
15
14
13
12
1/
1-
0,
0*
1)
1(
0'
0&
#84285
1!
1"
#84290
0!
0"
1:
0$
11
04
02
1.
0(
1&
0%
#84295
1!
1"
b10101100 6
#84300
0!
0"
1:
01
03
00
0/
1,
1(
0&
#84305
1!
1"
#84310
0!
0"
1:
05
14
12
10
1/
0-
0+
0)
0(
1&
1%
#84315
1!
1"
#84320
0!
0"
1:
11
15
13
1*
1)
1'
#84325
1!
1"
b11111111 6
#84330
0!
0"
1:
05
04
03
02
1+
0*
#84335
1!
1"
b10000010 6
#84340
0!
0"
1:
15
13
12
00
0/
0,
0+
1*
0'
0&
#84345
1!
1"
b1110100 6
#84350
0!
0"
1:
1$
01
14
03
10
1/
0.
1,
1+
0%
#84355
1!
1"
#84360
0!
0"
1:
0$
04
02
00
0/
1.
1-
0)
1'
#84365
1!
1"
#84370
0!
0"
1:
05
1/
0,
0+
0*
1(
1&
#84375
1!
1"
#84380
0!
0"
1:
1$
15
0/
0-
1+
1)
0(
0&
#84385
1!
1"
#84390
0!
0"
1:
05
13
12
1/
0.
1-
0+
1*
1(
1&
#84395
1!
1"
#84400
0!
0"
1:
14
03
10
1,
1+
0*
0'
0&
#84405
1!
1"
#84410
0!
0"
1:
0$
15
04
13
0,
1*
0)
0(
1'
1&
1%
#84415
1!
1"
#84420
0!
0"
1:
05
14
03
1,
0+
1)
1(
0'
#84425
1!
1"
#84430
0!
0"
1:
1$
11
13
02
00
0/
0-
0,
1+
0(
1'
0&
0%
#84435
1!
1"
b10 6
#84440
0!
0"
1:
0$
04
03
12
1/
1.
0+
0*
0)
1(
1%
#84445
1!
1"
b100000 6
#84450
0!
0"
1:
1$
15
13
02
10
0/
1+
#84455
1!
1"
b10101100 6
#84460
0!
0"
1:
0$
01
03
1/
0+
1*
1)
0(
1&
0%
#84465
1!
1"
#84470
0!
0"
1:
11
05
14
13
12
0/
1-
1,
1+
0*
0)
0'
1%
#84475
1!
1"
b1110001 6
#84480
0!
0"
1:
1$
01
04
03
0,
1*
1)
0%
#84485
1!
1"
#84490
0!
0"
1:
0$
15
14
02
00
0+
0*
1(
1'
0&
#84495
1!
1"
#84500
0!
0"
1:
12
10
1/
0-
1+
1*
0'
1&
1%
#84505
1!
1"
#84510
0!
0"
1:
1$
04
00
0.
1-
0*
1'
#84515
1!
1"
#84520
0!
0"
1:
0$
11
05
13
10
0/
0'
#84525
1!
1"
b1111 6
#84530
0!
0"
1:
01
03
02
1/
1,
0+
0(
1'
#84535
1!
1"
#84540
0!
0"
1:
1$
15
1+
0%
#84545
1!
1"
#84550
0!
0"
1:
0$
0/
1.
0-
0,
1*
0)
0'
11
#84555
1!
1"
b10111011 6
#84560
0!
0"
1:
1$
01
05
14
1/
0.
1,
0*
1%
#84565
1!
1"
#84570
0!
0"
1:
04
13
12
00
0/
1-
0,
0+
1*
1)
1'
0&
#84575
1!
1"
#84580
0!
0"
1:
0$
11
15
14
02
10
1.
1,
1+
0*
0)
1(
0'
1&
0%
#84585
1!
1"
b11001010 6
#84590
0!
0"
1:
12
0,
0+
1*
1)
0(
0&
#84595
1!
1"
b10101010 6
#84600
0!
0"
1:
04
03
1,
1+
0*
0)
1'
1&
#84605
1!
1"
b10101011 6
#84610
0!
0"
1:
1$
01
14
1/
0+
1)
1(
1%
#84615
1!
1"
#84620
0!
0"
1:
04
13
02
00
0.
0-
0(
0'
0&
0%
#84625
1!
1"
#84630
0!
0"
1:
0$
14
03
12
10
0/
1.
1+
0)
1'
1%
#84635
1!
1"
#84640
0!
0"
1:
11
05
04
13
02
00
1-
0,
0+
1*
1)
0'
0%
#84645
1!
1"
b11101101 6
#84650
0!
0"
1:
1$
01
14
03
0.
0-
1,
1+
0)
1%
#84655
1!
1"
#84660
0!
0"
1:
10
1.
0,
1)
1'
1&
#84665
1!
1"
#84670
0!
0"
1:
0$
12
1-
1,
1(
0'
0&
#84675
1!
1"
#84680
0!
0"
1:
00
0-
0,
0*
0(
1'
1&
#84685
1!
1"
#84690
0!
0"
1:
04
13
02
1/
1,
1*
1(
0%
#84695
1!
1"
#84700
0!
0"
1:
11
14
03
12
0/
0.
1-
0,
0*
0)
0(
0'
#84705
1!
1"
b11001000 6
#84710
0!
0"
1:
1$
15
13
10
1*
1(
#84715
1!
1"
b10011111 6
#84720
0!
0"
1:
0$
01
04
03
02
0-
0+
1)
0&
1%
#84725
1!
1"
#84730
0!
0"
1:
0)
1&
11
#84735
1!
1"
b10111011 6
#84740
0!
0"
1:
1$
05
13
1/
1.
1+
0*
1)
1'
0&
#84745
1!
1"
b11101101 6
#84750
0!
0"
1:
0$
03
00
0/
0.
1-
1*
0(
0%
#84755
1!
1"
b10010010 6
#84760
0!
0"
1:
14
13
10
1/
1.
0-
1,
0*
1(
1&
#84765
1!
1"
b10111011 6
#84770
0!
0"
1:
1$
04
12
0/
1-
0,
0+
0)
0'
1%
#84775
1!
1"
b110011 6
#84780
0!
0"
1:
01
15
03
02
1/
0.
0-
1,
1'
0&
#84785
1!
1"
#84790
0!
0"
1:
0$
11
14
1-
0,
1)
1&
0%
#84795
1!
1"
b10010100 6
#84800
0!
0"
1:
01
12
00
0/
1.
0-
1,
0)
#84805
1!
1"
#84810
0!
0"
1:
1$
11
05
04
02
0,
1*
1)
0(
1%
#84815
1!
1"
b10010010 6
#84820
0!
0"
1:
0$
14
13
0*
1(
0'
#84825
1!
1"
b10111011 6
#84830
0!
0"
1:
01
15
03
10
0.
1-
1*
1'
0&
0%
#84835
1!
1"
#84840
0!
0"
1:
11
05
04
13
00
1.
0*
0'
#84845
1!
1"
b11101101 6
#84850
0!
0"
1:
03
1/
0.
1+
1*
0)
1'
1&
#84855
1!
1"
b10010010 6
#84860
0!
0"
1:
1$
01
15
14
10
1.
1,
0+
0*
1)
0'
#84865
1!
1"
#84870
0!
0"
1:
12
0.
0,
1+
1*
0)
1'
0&
#84875
1!
1"
#84880
0!
0"
1:
04
13
02
00
0/
1)
0(
0'
1&
#84885
1!
1"
#84890
0!
0"
1:
0$
11
05
14
03
12
1,
1(
0&
#84895
1!
1"
b11001000 6
#84900
0!
0"
1:
1$
13
02
1.
0*
0)
0(
1&
1%
#84905
1!
1"
b10111011 6
#84910
0!
0"
1:
1/
0-
1)
1(
0&
01
#84915
1!
1"
#84920
0!
0"
1:
0$
11
15
04
03
12
1-
0)
#84925
1!
1"
b10110110 6
#84930
0!
0"
1:
01
05
14
10
0/
0+
1*
1)
#84935
1!
1"
#84940
0!
0"
1:
11
13
02
00
0-
0*
0)
0(
0%
#84945
1!
1"
b10111011 6
#84950
0!
0"
1:
01
15
0.
0,
1+
1&
#84955
1!
1"
#84960
0!
0"
1:
1$
05
12
10
1.
1-
1,
1(
1'
1%
#84965
1!
1"
#84970
0!
0"
1:
0$
11
04
00
#84975
1!
1"
b111100 6
#84980
0!
0"
1:
15
14
02
10
1/
0+
1)
0'
#84985
1!
1"
b11001010 6
#84990
0!
0"
1:
1$
01
04
03
0/
0.
1+
1*
0)
1'
#84995
1!
1"
#85000
0!
0"
1:
05
14
13
1.
0,
0+
0*
0&
#85005
1!
1"
#85010
0!
0"
1:
15
12
00
0-
1+
#85015
1!
1"
#85020
0!
0"
1:
05
04
03
10
0.
0+
1)
0%
#85025
1!
1"
#85030
0!
0"
1:
0$
11
14
13
02
00
1.
1+
0)
1%
#85035
1!
1"
b10111011 6
#85040
0!
0"
1:
1$
01
15
04
03
12
1/
1,
0+
1*
1)
0(
#85045
1!
1"
#85050
0!
0"
1:
0$
11
05
14
13
0/
0.
1&
#85055
1!
1"
b11000100 6
#85060
0!
0"
1:
01
04
10
1/
0,
0)
0&
0%
#85065
1!
1"
#85070
0!
0"
1:
1$
11
15
14
03
02
0/
1.
1,
1+
0*
0'
1&
#85075
1!
1"
b10000001 6
#85080
0!
0"
1:
01
13
00
1-
0+
1*
1'
0&
1%
#85085
1!
1"
#85090
0!
0"
1:
11
05
12
10
0.
0,
1+
0*
1)
#85095
1!
1"
b11000100 6
#85100
0!
0"
1:
01
04
03
1/
1,
0)
1(
0'
1&
#85105
1!
1"
#85110
0!
0"
1:
0$
11
15
14
13
0/
0,
0(
1'
#85115
1!
1"
b1111001 6
#85120
0!
0"
1:
1$
01
05
04
02
1/
0-
1,
0+
1*
1)
0'
0&
0%
#85125
1!
1"
#85130
0!
0"
1:
15
14
03
12
00
0/
1.
1-
1+
1'
1&
#85135
1!
1"
#85140
0!
0"
1:
04
13
02
0-
0+
0*
0)
#85145
1!
1"
#85150
0!
0"
1:
05
03
12
1/
0.
1-
0,
1(
0'
#85155
1!
1"
#85160
0!
0"
1:
15
14
13
02
0/
1.
1*
0(
1'
#85165
1!
1"
#85170
0!
0"
1:
11
05
12
10
1/
0.
0-
1+
0*
0'
1%
#85175
1!
1"
b11000100 6
#85180
0!
0"
1:
15
03
02
0/
0&
0%
#85185
1!
1"
b10000001 6
#85190
0!
0"
1:
0$
05
13
1/
1.
1,
0+
1(
#85195
1!
1"
b1001100 6
#85200
0!
0"
1:
01
04
03
00
0/
0.
0,
1)
1&
1%
#85205
1!
1"
#85210
0!
0"
1:
15
14
10
1.
1+
1*
1'
0%
#85215
1!
1"
#85220
0!
0"
1:
11
05
04
12
00
1,
0'
0&
#85225
1!
1"
b1110000 6
#85230
0!
0"
1:
02
10
0.
1-
0+
0)
0(
1'
1&
#85235
1!
1"
b100001 6
#85240
0!
0"
1:
01
15
14
13
12
00
1.
1(
1%
#85245
1!
1"
#85250
0!
0"
1:
05
04
02
10
0'
0&
0%
#85255
1!
1"
#85260
0!
0"
1:
11
15
03
00
0.
1&
1%
#85265
1!
1"
b10111011 6
#85270
0!
0"
1:
01
05
14
13
12
1/
0*
0%
#85275
1!
1"
#85280
0!
0"
1:
11
15
02
10
0/
0-
1*
1)
1'
#85285
1!
1"
b11001010 6
#85290
0!
0"
1:
1$
01
03
1/
1-
0'
0&
#85295
1!
1"
#85300
0!
0"
1:
11
05
13
12
00
1.
0-
0,
0)
1'
1&
#85305
1!
1"
b11000100 6
#85310
0!
0"
1:
0$
1,
1+
0(
0&
1%
#85315
1!
1"
#85320
0!
0"
1:
1$
01
15
04
03
02
0.
1-
0,
1)
0%
#85325
1!
1"
#85330
0!
0"
1:
0$
05
14
13
12
0/
1.
1,
1(
0'
1%
#85335
1!
1"
#85340
0!
0"
1:
11
04
02
0*
0(
1&
0%
#85345
1!
1"
b110101 6
#85350
0!
0"
1:
10
0.
0+
1(
1'
0&
#85355
1!
1"
#85360
0!
0"
1:
1$
15
14
1/
1.
0,
1+
0)
0'
1&
#85365
1!
1"
b1000110 6
#85370
0!
0"
1:
01
04
1,
0+
1'
0&
1%
#85375
1!
1"
#85380
0!
0"
1:
00
0-
1+
1*
0(
0%
#85385
1!
1"
#85390
0!
0"
1:
0$
11
05
14
0/
0,
1)
#85395
1!
1"
b1001100 6
#85400
0!
0"
1:
1$
01
15
04
03
10
0.
0)
1(
0'
1%
#85405
1!
1"
#85410
0!
0"
1:
0$
11
14
00
1/
1.
1,
0+
0*
1)
0(
#85415
1!
1"
b10000001 6
#85420
0!
0"
1:
1$
01
05
10
0/
0.
1-
0,
1+
1(
1'
1&
0%
#85425
1!
1"
#85430
0!
0"
1:
11
15
04
12
1/
1.
1*
0)
0'
0&
1%
#85435
1!
1"
b1100001 6
#85440
0!
0"
1:
0$
01
05
13
02
00
0*
0(
1'
1&
0%
#85445
1!
1"
#85450
0!
0"
1:
1$
15
14
03
0/
1,
0+
1*
1)
0'
0&
1%
#85455
1!
1"
#85460
0!
0"
1:
0,
1+
1'
1&
#85465
1!
1"
#85470
0!
0"
1:
11
04
13
12
1/
1,
0+
0*
1(
#85475
1!
1"
b111011 6
#85480
0!
0"
1:
01
02
0/
0-
0,
0)
0(
0%
#85485
1!
1"
#85490
0!
0"
1:
12
10
1-
1+
1)
0&
#85495
1!
1"
#85500
0!
0"
1:
11
05
00
0.
1*
0)
1(
#85505
1!
1"
b100011 6
#85510
0!
0"
1:
10
0*
1)
1&
01
#85515
1!
1"
#85520
0!
0"
1:
11
15
14
02
1.
0-
1,
1*
0)
0'
0&
1%
#85525
1!
1"
b10101001 6
#85530
0!
0"
1:
01
04
12
0.
1-
0*
1)
#85535
1!
1"
#85540
0!
0"
1:
0$
00
1/
1.
1*
0)
0(
1&
11
#85545
1!
1"
b111011 6
#85550
0!
0"
1:
14
03
02
0.
0-
0,
1)
0%
#85555
1!
1"
b1101000 6
#85560
0!
0"
1:
1$
05
04
10
0/
1.
1-
1,
0+
1%
#85565
1!
1"
b100001 6
#85570
0!
0"
1:
14
1+
1(
0%
#85575
1!
1"
b10101101 6
#85580
0!
0"
1:
0$
15
04
13
12
00
1/
0.
0-
0*
0&
#85585
1!
1"
b111011 6
#85590
0!
0"
1:
1$
05
1.
0+
1*
0)
1'
#85595
1!
1"
b11011101 6
#85600
0!
0"
1:
02
0,
1)
0'
1%
#85605
1!
1"
b110101 6
#85610
0!
0"
1:
15
14
1+
#85615
1!
1"
b10101001 6
#85620
0!
0"
1:
01
04
12
10
0.
1,
0+
0*
0)
1'
1&
#85625
1!
1"
#85630
0!
0"
1:
0$
11
05
14
0/
1.
1*
#85635
1!
1"
b11101100 6
#85640
0!
0"
1:
1$
01
04
03
00
1/
0.
1-
1+
0*
1)
0(
0'
0&
0%
#85645
1!
1"
#85650
0!
0"
1:
0$
11
15
14
0/
0,
1*
1'
1%
#85655
1!
1"
b11111 6
#85660
0!
0"
1:
04
10
0+
1(
1&
#85665
1!
1"
b11100110 6
#85670
0!
0"
1:
1$
05
13
02
1/
1,
1+
0*
0(
0%
#85675
1!
1"
b110101 6
#85680
0!
0"
1:
0$
15
14
03
12
0/
0-
0,
0+
0'
0&
#85685
1!
1"
b11111 6
#85690
0!
0"
1:
1$
13
00
1/
1.
1,
1*
0)
1%
#85695
1!
1"
b10011 6
#85700
0!
0"
1:
0$
04
03
10
0.
0,
0*
1'
0%
#85705
1!
1"
b11100110 6
#85710
0!
0"
1:
1$
05
14
13
00
1.
1+
1*
1)
1&
#85715
1!
1"
b11101100 6
#85720
0!
0"
1:
0$
04
10
0/
0*
1%
#85725
1!
1"
b11011101 6
#85730
0!
0"
1:
15
03
0.
1-
1*
0)
1(
0'
#85735
1!
1"
b11100110 6
#85740
0!
0"
1:
1$
01
05
13
00
0-
0+
1)
0(
0&
#85745
1!
1"
#85750
0!
0"
1:
0$
11
03
02
1/
1-
1+
0*
1(
#85755
1!
1"
b10111010 6
#85760
0!
0"
1:
1$
01
13
12
10
0/
0-
1,
0+
0(
1'
1&
#85765
1!
1"
#85770
0!
0"
1:
11
15
03
00
1/
0,
1*
0)
1(
0'
0&
#85775
1!
1"
b11100110 6
#85780
0!
0"
1:
0$
13
02
0/
1-
1+
1)
1&
#85785
1!
1"
b11111101 6
#85790
0!
0"
1:
05
03
12
1/
1.
1,
0(
0&
#85795
1!
1"
b11000000 6
#85800
0!
0"
1:
01
15
14
10
0.
0-
0,
0+
1(
1'
0%
#85805
1!
1"
#85810
0!
0"
1:
1$
11
02
00
0/
1-
1,
0*
0)
1%
#85815
1!
1"
b1010110 6
#85820
0!
0"
1:
0$
01
05
04
13
12
1.
0-
1+
0(
0'
0%
#85825
1!
1"
#85830
0!
0"
1:
1$
11
15
14
10
0,
0+
1*
1'
#85835
1!
1"
b10011 6
#85840
0!
0"
1:
01
04
02
00
0.
1,
1+
1%
#85845
1!
1"
#85850
0!
0"
1:
11
05
10
1/
1.
1-
0,
1)
1(
1&
#85855
1!
1"
b110101 6
#85860
0!
0"
1:
01
12
0.
1,
0+
0*
0'
0&
#85865
1!
1"
#85870
0!
0"
1:
0$
11
15
14
02
0/
1.
0-
1*
#85875
1!
1"
b10101001 6
#85880
0!
0"
1:
05
04
03
1/
0.
0,
0(
1'
1&
#85885
1!
1"
b10111010 6
#85890
0!
0"
1:
1$
15
14
13
0/
1.
1-
0)
0%
#85895
1!
1"
b10101001 6
#85900
0!
0"
1:
0$
04
03
1/
0.
0-
1,
1+
1)
1%
#85905
1!
1"
b11011011 6
#85910
0!
0"
1:
1$
01
05
14
13
0/
0)
0&
#85915
1!
1"
#85920
0!
0"
1:
12
1/
1-
0,
0*
1(
0'
0%
#85925
1!
1"
#85930
0!
0"
1:
03
02
1,
0+
1'
1&
#85935
1!
1"
#85940
0!
0"
1:
0$
11
12
00
0/
0,
1)
0(
0'
0&
#85945
1!
1"
b1110001 6
#85950
0!
0"
1:
1$
01
15
10
1/
0-
1*
0)
#85955
1!
1"
#85960
0!
0"
1:
0$
11
04
13
02
1-
1+
1'
1&
#85965
1!
1"
b11111101 6
#85970
0!
0"
1:
1$
01
05
03
12
00
1.
0-
1,
1)
0'
1%
#85975
1!
1"
#85980
0!
0"
1:
14
13
10
0+
0*
1'
0%
#85985
1!
1"
#85990
0!
0"
1:
11
15
02
00
0/
0.
0,
1+
0)
0'
0&
1%
#85995
1!
1"
b11011 6
#86000
0!
0"
1:
01
05
10
1.
1-
1,
1*
1(
1'
#86005
1!
1"
#86010
0!
0"
1:
03
12
1/
0.
0,
1)
0'
#86015
1!
1"
#86020
0!
0"
1:
0$
00
0-
1,
0*
0)
0(
11
#86025
1!
1"
b1110001 6
#86030
0!
0"
1:
04
10
0/
1.
1*
1)
1'
#86035
1!
1"
b100000 6
#86040
0!
0"
1:
01
02
0.
0*
0)
1&
0%
#86045
1!
1"
#86050
0!
0"
1:
1$
15
14
13
1/
1.
1-
0,
0+
1)
0'
0&
1%
#86055
1!
1"
#86060
0!
0"
1:
04
03
0-
1,
1+
1*
1&
0%
#86065
1!
1"
#86070
0!
0"
1:
0$
05
0/
1-
0*
1'
1%
#86075
1!
1"
#86080
0!
0"
1:
1$
13
12
1/
0.
0&
0%
#86085
1!
1"
#86090
0!
0"
1:
0$
0/
1.
0-
0)
1(
0'
1&
#86095
1!
1"
#86100
0!
0"
1:
1$
15
1-
0,
1*
1'
#86105
1!
1"
#86110
0!
0"
1:
03
02
00
1/
0.
0-
1,
0+
0*
1)
0'
0&
#86115
1!
1"
#86120
0!
0"
1:
0$
11
05
13
10
0/
1.
1*
0)
#86125
1!
1"
b11110111 6
#86130
0!
0"
1:
15
14
03
12
0.
1-
0,
1+
0(
1'
1&
1%
#86135
1!
1"
b1111101 6
#86140
0!
0"
1:
01
05
13
00
1.
1,
0*
1)
0'
0%
#86145
1!
1"
#86150
0!
0"
1:
1$
15
04
03
10
1/
0-
0+
0)
1(
1%
#86155
1!
1"
#86160
0!
0"
1:
0$
11
14
13
00
0/
1-
1+
1*
0(
#86165
1!
1"
b11101111 6
#86170
0!
0"
1:
1$
01
05
04
02
10
1/
0.
0-
0,
0+
1(
0&
0%
#86175
1!
1"
#86180
0!
0"
1:
11
15
14
00
1.
1+
0*
0(
1'
1&
1%
#86185
1!
1"
b1101101 6
#86190
0!
0"
1:
01
04
10
1,
1)
1(
0'
#86195
1!
1"
#86200
0!
0"
1:
00
0/
0+
0)
0%
11
#86205
1!
1"
b11111101 6
#86210
0!
0"
1:
05
03
12
10
1/
0.
1-
0,
1'
#86215
1!
1"
b10001111 6
#86220
0!
0"
1:
00
1.
1+
1)
0'
0&
1%
01
#86225
1!
1"
#86230
0!
0"
1:
15
14
0/
0.
0-
1,
1*
0(
1'
1&
#86235
1!
1"
#86240
0!
0"
1:
0$
11
04
1/
0)
1(
0'
0&
0%
#86245
1!
1"
b10101110 6
#86250
0!
0"
1:
13
02
10
0+
1)
1&
#86255
1!
1"
b10100 6
#86260
0!
0"
1:
1$
01
05
03
0/
1.
1-
0,
1+
0(
#86265
1!
1"
#86270
0!
0"
1:
0$
11
14
13
12
1/
0+
0*
0)
1(
1'
0&
#86275
1!
1"
b11110000 6
#86280
0!
0"
1:
04
03
02
00
0-
1+
0'
1&
1%
#86285
1!
1"
b1000011 6
#86290
0!
0"
1:
1$
15
13
10
0/
1-
0+
1*
1)
0&
0%
#86295
1!
1"
b10100 6
#86300
0!
0"
1:
0$
05
03
1/
0.
1+
0)
0(
1%
#86305
1!
1"
b1000011 6
#86310
0!
0"
1:
01
15
14
13
1.
0-
1,
1)
1'
0%
#86315
1!
1"
#86320
0!
0"
1:
1$
05
04
03
0+
0*
1(
1&
1%
#86325
1!
1"
#86330
0!
0"
1:
0$
15
14
13
12
0,
1+
0'
#86335
1!
1"
#86340
0!
0"
1:
1$
03
00
1-
1,
0+
1*
0)
0(
1'
0&
0%
#86345
1!
1"
#86350
0!
0"
1:
0$
02
0*
1)
0'
1&
1%
#86355
1!
1"
#86360
0!
0"
1:
05
04
13
12
0/
0.
1+
0)
1(
0&
#86365
1!
1"
#86370
0!
0"
1:
1$
15
03
1.
0,
1*
0(
1'
1&
0%
#86375
1!
1"
#86380
0!
0"
1:
0$
10
1/
0-
0+
0*
1(
0'
0&
1%
11
#86385
1!
1"
b10101110 6
#86390
0!
0"
1:
1$
14
00
0.
1+
0(
1'
1&
#86395
1!
1"
b1111101 6
#86400
0!
0"
1:
05
13
1.
1-
0+
1(
0'
0%
#86405
1!
1"
b100010 6
#86410
0!
0"
1:
0$
03
0/
0.
1+
1'
0&
#86415
1!
1"
b1110001 6
#86420
0!
0"
1:
1$
01
13
02
10
1/
1.
1,
0+
1*
1)
0'
1%
#86425
1!
1"
#86430
0!
0"
1:
0$
15
04
12
0-
1+
0*
0(
1'
#86435
1!
1"
#86440
0!
0"
1:
1$
05
14
00
0/
0.
0+
0)
1(
1&
0%
#86445
1!
1"
#86450
0!
0"
1:
15
02
0,
1*
0&
#86455
1!
1"
#86460
0!
0"
1:
04
10
1.
1,
0*
0'
1&
#86465
1!
1"
#86470
0!
0"
1:
11
03
12
1/
1-
1+
1'
0&
1%
#86475
1!
1"
b11011111 6
#86480
0!
0"
1:
01
14
13
02
0.
0-
0,
0(
0'
#86485
1!
1"
#86490
0!
0"
1:
0$
11
05
03
12
00
1.
1-
1)
1(
#86495
1!
1"
b1110001 6
#86500
0!
0"
1:
01
13
02
0/
0.
0-
1*
0(
1'
1&
0%
#86505
1!
1"
#86510
0!
0"
1:
1$
04
03
1.
0+
0&
#86515
1!
1"
#86520
0!
0"
1:
11
15
12
10
1-
1,
1+
0*
0)
1(
0'
1&
1%
#86525
1!
1"
b11011111 6
#86530
0!
0"
1:
0$
05
13
02
1/
0,
1*
1)
0(
1'
0&
#86535
1!
1"
b11101101 6
#86540
0!
0"
1:
01
03
12
00
0/
0.
1,
1&
0%
#86545
1!
1"
#86550
0!
0"
1:
11
13
02
0-
0*
1(
0&
1%
#86555
1!
1"
#86560
0!
0"
1:
14
12
10
1.
1-
0,
0'
1&
0%
#86565
1!
1"
b100010 6
#86570
0!
0"
1:
1$
01
02
0.
1,
0+
0)
1'
#86575
1!
1"
#86580
0!
0"
1:
11
03
12
1/
1.
0,
1+
1)
0'
1%
#86585
1!
1"
b1110001 6
#86590
0!
0"
1:
0$
13
02
0/
0.
0-
1*
0)
0&
#86595
1!
1"
b1101100 6
#86600
0!
0"
1:
1$
15
1,
1)
0(
1'
1&
#86605
1!
1"
b11001 6
#86610
0!
0"
1:
0$
12
1/
0*
0)
1(
0&
0%
#86615
1!
1"
b10010111 6
#86620
0!
0"
1:
05
04
00
1-
0,
0+
1*
0(
#86625
1!
1"
b11110110 6
#86630
0!
0"
1:
15
10
0/
1.
1,
1+
0*
1)
1(
#86635
1!
1"
b10101111 6
#86640
0!
0"
1:
1$
01
05
02
1/
0.
0+
1*
0)
0(
1&
1%
#86645
1!
1"
#86650
0!
0"
1:
0$
14
03
0/
0-
1(
0'
0&
#86655
1!
1"
#86660
0!
0"
1:
11
15
04
13
1/
1-
1+
1'
1&
#86665
1!
1"
b10101 6
#86670
0!
0"
1:
1$
01
05
14
03
00
0-
1)
0(
0&
#86675
1!
1"
#86680
0!
0"
1:
0$
12
10
1.
0+
0*
0)
1&
0%
#86685
1!
1"
#86690
0!
0"
1:
1$
04
02
0/
0,
1%
#86695
1!
1"
#86700
0!
0"
1:
0$
11
15
14
13
00
1,
1*
0'
0&
0%
#86705
1!
1"
b11001 6
#86710
0!
0"
1:
10
1/
1-
0,
1)
1&
#86715
1!
1"
#86720
0!
0"
1:
1$
05
04
03
00
0/
1,
1+
0*
0)
0&
1%
#86725
1!
1"
b1000011 6
#86730
0!
0"
1:
01
13
10
1/
0.
0+
1(
0%
#86735
1!
1"
#86740
0!
0"
1:
15
03
12
0/
1.
0,
1+
1*
1)
#86745
1!
1"
#86750
0!
0"
1:
11
14
13
1/
0+
0)
0(
1'
1&
#86755
1!
1"
b10010111 6
#86760
0!
0"
1:
01
02
0/
1+
0*
1(
0&
#86765
1!
1"
#86770
0!
0"
1:
0$
05
03
12
0.
0+
0'
1&
1%
#86775
1!
1"
#86780
0!
0"
1:
1$
15
04
1/
1+
1)
0(
1'
0&
#86785
1!
1"
#86790
0!
0"
1:
11
13
02
00
0-
1,
0+
1*
1&
#86795
1!
1"
b10101 6
#86800
0!
0"
1:
0$
01
05
14
03
10
0/
0,
0)
0%
#86805
1!
1"
#86810
0!
0"
1:
11
15
1/
1.
1+
0&
#86815
1!
1"
b101101 6
#86820
0!
0"
1:
1$
01
05
13
0*
1)
1&
1%
#86825
1!
1"
#86830
0!
0"
1:
15
04
03
12
0+
1*
1(
0%
#86835
1!
1"
#86840
0!
0"
1:
0$
11
13
02
00
1-
0'
1%
#86845
1!
1"
b10101 6
#86850
0!
0"
1:
01
05
14
03
12
10
0.
0%
#86855
1!
1"
#86860
0!
0"
1:
11
04
13
00
0/
0-
1,
0(
1'
0&
1%
#86865
1!
1"
b11110110 6
#86870
0!
0"
1:
1$
03
02
10
0*
1(
0'
1&
0%
#86875
1!
1"
b1000011 6
#86880
0!
0"
1:
13
12
00
1-
1*
0)
0&
1%
#86885
1!
1"
b11110110 6
#86890
0!
0"
1:
01
15
1/
1)
0(
1'
1&
#86895
1!
1"
#86900
0!
0"
1:
0$
14
03
10
1.
0-
0*
0'
0&
0%
#86905
1!
1"
#86910
0!
0"
1:
1$
04
13
02
0.
1-
0,
1+
0)
1(
1'
1%
#86915
1!
1"
#86920
0!
0"
1:
14
12
00
0/
0-
1,
1*
1)
0(
0%
#86925
1!
1"
#86930
0!
0"
1:
0$
05
04
03
02
10
1-
0,
0+
1(
1&
#86935
1!
1"
#86940
0!
0"
1:
13
1/
1.
0-
1+
0(
0'
0&
1%
#86945
1!
1"
#86950
0!
0"
1:
1$
15
14
03
12
0/
1-
0%
#86955
1!
1"
#86960
0!
0"
1:
11
04
13
02
0-
1,
0*
1%
#86965
1!
1"
b10010001 6
#86970
0!
0"
1:
01
14
03
12
1/
1-
0,
0+
1*
1(
1'
#86975
1!
1"
#86980
0!
0"
1:
0$
11
05
13
02
00
0.
1,
1+
0(
0'
1&
#86985
1!
1"
b1001111 6
#86990
0!
0"
1:
04
03
10
1.
0-
0,
0*
0)
1(
1'
0&
#86995
1!
1"
b11101101 6
#87000
0!
0"
1:
13
00
0/
1-
0+
1&
0%
#87005
1!
1"
#87010
0!
0"
1:
1$
01
12
1/
1,
1)
0(
0&
1%
#87015
1!
1"
#87020
0!
0"
1:
11
14
03
0/
0.
0-
1+
1*
0)
1(
0'
1&
0%
#87025
1!
1"
b10011110 6
#87030
0!
0"
1:
0$
01
15
04
13
0,
0+
#87035
1!
1"
#87040
0!
0"
1:
05
14
03
10
1/
1.
0*
1'
#87045
1!
1"
#87050
0!
0"
1:
15
04
13
02
0.
0(
1%
#87055
1!
1"
#87060
0!
0"
1:
1$
05
14
12
0/
1.
1-
1+
0&
#87065
1!
1"
#87070
0!
0"
1:
04
03
0-
1,
1*
1)
1(
0%
#87075
1!
1"
#87080
0!
0"
1:
0$
11
13
02
00
1-
0+
0*
0(
1&
#87085
1!
1"
b11101101 6
#87090
0!
0"
1:
01
15
10
1/
0-
0)
1(
1%
#87095
1!
1"
#87100
0!
0"
1:
11
03
1*
1)
0&
#87105
1!
1"
#87110
0!
0"
1:
1$
01
13
0/
0.
0)
0'
0%
#87115
1!
1"
#87120
0!
0"
1:
14
12
00
1/
1.
1-
0,
1+
0*
0(
1'
1&
#87125
1!
1"
#87130
0!
0"
1:
0$
0/
0-
0+
1*
0&
11
#87135
1!
1"
b10010111 6
#87140
0!
0"
1:
03
1/
0.
1+
1&
#87145
1!
1"
b11001111 6
#87150
0!
0"
1:
05
04
10
1,
0&
1%
#87155
1!
1"
b10110101 6
#87160
0!
0"
1:
15
14
02
1.
0+
0*
1)
1(
#87165
1!
1"
b11110101 6
#87170
0!
0"
1:
05
0,
1*
0)
0'
1&
#87175
1!
1"
b11110000 6
#87180
0!
0"
1:
1$
04
13
12
00
1-
1+
0(
1'
0&
0%
#87185
1!
1"
b11110110 6
#87190
0!
0"
1:
14
10
0/
0.
0-
0+
#87195
1!
1"
b11011010 6
#87200
0!
0"
1:
15
03
02
1+
0*
1)
1%
#87205
1!
1"
b11110101 6
#87210
0!
0"
1:
0$
01
05
04
13
1.
1-
0+
1*
0)
1(
1&
#87215
1!
1"
#87220
0!
0"
1:
1$
11
12
00
1/
0.
1+
1)
0(
0&
#87225
1!
1"
b11110110 6
#87230
0!
0"
1:
01
15
03
02
10
0/
0-
0*
1(
1&
#87235
1!
1"
#87240
0!
0"
1:
11
14
13
12
00
1.
1-
1,
1*
0(
0'
0%
#87245
1!
1"
b10100001 6
#87250
0!
0"
1:
0$
04
02
1/
0.
0,
0*
1(
#87255
1!
1"
b1110000 6
#87260
0!
0"
1:
1$
01
03
12
1,
0+
1*
0(
1'
0&
#87265
1!
1"
#87270
0!
0"
1:
11
14
13
02
10
1+
0*
0)
1(
#87275
1!
1"
b11000111 6
#87280
0!
0"
1:
01
03
00
0/
1.
0+
0(
0'
#87285
1!
1"
#87290
0!
0"
1:
11
04
13
12
10
0-
0,
1+
1(
1%
#87295
1!
1"
b10101111 6
#87300
0!
0"
1:
0$
05
03
00
1,
1*
1)
0(
1'
#87305
1!
1"
b10110101 6
#87310
0!
0"
1:
1$
01
14
1/
0.
0+
0)
1&
0%
#87315
1!
1"
#87320
0!
0"
1:
13
02
0/
1.
1+
1(
0&
#87325
1!
1"
#87330
0!
0"
1:
12
10
1/
0.
1-
0*
1)
0(
1%
#87335
1!
1"
#87340
0!
0"
1:
0$
11
15
03
0,
0+
1*
0)
0'
1&
#87345
1!
1"
b11001111 6
#87350
0!
0"
1:
1$
01
05
04
13
02
0/
0-
1,
0*
1(
1'
0&
0%
#87355
1!
1"
#87360
0!
0"
1:
0$
14
12
00
1-
1+
1*
1)
0'
1&
#87365
1!
1"
#87370
0!
0"
1:
03
02
10
1/
0,
0+
0*
0)
1'
#87375
1!
1"
#87380
0!
0"
1:
04
1.
1+
0'
0&
#87385
1!
1"
#87390
0!
0"
1:
11
15
14
12
0.
0-
0+
1)
1'
1&
#87395
1!
1"
#87400
0!
0"
1:
01
05
00
0/
1+
0(
0'
#87405
1!
1"
#87410
0!
0"
1:
10
1.
1*
0)
1(
0&
11
#87415
1!
1"
b10111011 6
#87420
0!
0"
1:
1$
15
04
13
02
1/
0+
0*
1'
#87425
1!
1"
b1110000 6
#87430
0!
0"
1:
0/
1,
1+
1*
1%
01
#87435
1!
1"
#87440
0!
0"
1:
0$
11
05
03
1/
0.
1-
0+
0*
1)
0%
#87445
1!
1"
b11100 6
#87450
0!
0"
1:
15
14
0/
1.
0,
1+
1*
0)
0(
0'
1&
#87455
1!
1"
b111 6
#87460
0!
0"
1:
01
04
13
12
00
1/
0.
0-
1,
0+
1'
0&
#87465
1!
1"
#87470
0!
0"
1:
14
03
0/
1-
1+
1)
1(
0'
#87475
1!
1"
#87480
0!
0"
1:
1$
05
0,
0+
0)
1&
1%
#87485
1!
1"
#87490
0!
0"
1:
0$
11
04
10
1/
1+
0*
1'
0%
#87495
1!
1"
b10110101 6
#87500
0!
0"
1:
15
00
0/
1.
0-
1*
0(
0'
1%
#87505
1!
1"
b100101 6
#87510
0!
0"
1:
01
13
02
10
1-
0+
1)
1'
0&
0%
#87515
1!
1"
#87520
0!
0"
1:
11
05
03
00
1+
0'
#87525
1!
1"
b11100 6
#87530
0!
0"
1:
1$
15
14
13
12
10
1/
1,
#87535
1!
1"
b10100001 6
#87540
0!
0"
1:
01
03
02
0/
0.
0,
0*
1(
1&
1%
#87545
1!
1"
#87550
0!
0"
1:
0$
13
00
1.
0-
1,
1'
0&
#87555
1!
1"
#87560
0!
0"
1:
03
12
1-
0+
1*
0)
0(
0'
#87565
1!
1"
#87570
0!
0"
1:
11
02
0.
0-
0,
0*
1(
1'
1&
#87575
1!
1"
b111 6
#87580
0!
0"
1:
13
12
10
1-
1,
1*
0%
#87585
1!
1"
b10100001 6
#87590
0!
0"
1:
1$
01
03
00
0-
1+
0*
1)
#87595
1!
1"
#87600
0!
0"
1:
0$
11
05
13
02
1/
0,
0)
0(
0'
1%
#87605
1!
1"
b1010010 6
#87610
0!
0"
1:
1$
04
12
10
1.
1*
1(
1'
0%
#87615
1!
1"
b11110110 6
#87620
0!
0"
1:
0$
15
14
03
02
1)
0'
0&
#87625
1!
1"
b111 6
#87630
0!
0"
1:
13
00
0.
0+
0)
0(
1&
#87635
1!
1"
b1100111 6
#87640
0!
0"
1:
01
04
12
0/
1.
1+
0*
1)
0&
1%
#87645
1!
1"
#87650
0!
0"
1:
03
10
1/
0.
1-
1,
0)
1(
1'
#87655
1!
1"
#87660
0!
0"
1:
05
14
13
02
1.
0-
1*
0%
#87665
1!
1"
#87670
0!
0"
1:
1$
15
12
0.
0+
0*
0(
0'
1&
#87675
1!
1"
#87680
0!
0"
1:
00
1-
1*
1)
1(
1%
#87685
1!
1"
#87690
0!
0"
1:
11
04
03
0-
0,
0(
0&
#87695
1!
1"
b100101 6
#87700
0!
0"
1:
14
02
0/
1-
1'
0%
#87705
1!
1"
b111 6
#87710
0!
0"
1:
1/
1,
1+
0*
0)
0'
#87715
1!
1"
#87720
0!
0"
1:
01
04
13
12
0/
1.
0-
0,
1*
1)
1&
#87725
1!
1"
#87730
0!
0"
1:
05
14
02
10
1/
0.
1-
1,
0+
#87735
1!
1"
#87740
0!
0"
1:
0$
04
03
1.
0-
1+
0&
#87745
1!
1"
#87750
0!
0"
1:
15
13
0,
0+
0*
0)
1&
#87755
1!
1"
#87760
0!
0"
1:
1$
05
14
1-
1,
1*
1(
1'
0&
1%
#87765
1!
1"
#87770
0!
0"
1:
0$
15
04
12
0/
0.
0,
1+
0*
1)
0(
0'
1&
0%
#87775
1!
1"
#87780
0!
0"
1:
1$
11
05
14
03
02
1/
0-
0+
0)
1(
1'
#87785
1!
1"
b11001000 6
#87790
0!
0"
1:
0$
12
0/
1,
1)
1%
#87795
1!
1"
b10111011 6
#87800
0!
0"
1:
1$
02
1/
1.
1-
0,
1+
0'
0&
#87805
1!
1"
b11001000 6
#87810
0!
0"
1:
01
15
04
13
12
00
0/
0-
1,
0(
#87815
1!
1"
#87820
0!
0"
1:
0$
14
1/
0.
1-
0+
1*
0)
1(
1'
1&
#87825
1!
1"
#87830
0!
0"
1:
10
0/
0-
0,
1+
0*
1)
0%
11
#87835
1!
1"
b10100001 6
#87840
0!
0"
1:
05
04
1.
1-
1*
0)
0&
1%
#87845
1!
1"
b11110110 6
#87850
0!
0"
1:
01
15
14
02
00
0.
1,
0+
0'
#87855
1!
1"
#87860
0!
0"
1:
05
1.
0,
1)
0(
1'
#87865
1!
1"
#87870
0!
0"
1:
15
04
03
12
10
0.
0-
1,
0)
0%
#87875
1!
1"
#87880
0!
0"
1:
1$
05
14
13
1/
1.
1+
0*
1)
1(
1&
#87885
1!
1"
#87890
0!
0"
1:
0$
11
04
03
00
0/
0+
1*
0(
0&
1%
#87895
1!
1"
b10110100 6
#87900
0!
0"
1:
15
14
13
10
1/
0.
0'
1&
0%
#87905
1!
1"
b10100001 6
#87910
0!
0"
1:
1$
04
03
02
00
0/
1.
1-
0,
0*
0)
1(
1'
0&
#87915
1!
1"
b1010001 6
#87920
0!
0"
1:
14
13
10
1/
0.
0-
1,
1+
1)
#87925
1!
1"
b10110111 6
#87930
0!
0"
1:
0$
0/
1.
0+
01
#87935
1!
1"
#87940
0!
0"
1:
04
03
12
1/
1+
0)
0(
0'
1&
1%
#87945
1!
1"
#87950
0!
0"
1:
05
14
13
02
00
0/
0.
1-
1)
0&
0%
#87955
1!
1"
#87960
0!
0"
1:
1$
10
1.
0-
1*
1(
1&
#87965
1!
1"
#87970
0!
0"
1:
04
03
00
1/
1-
0+
1'
#87975
1!
1"
#87980
0!
0"
1:
0$
11
15
14
0/
0.
0,
1+
0*
0)
0(
0'
1%
#87985
1!
1"
b10110011 6
#87990
0!
0"
1:
12
10
1.
0-
1*
1(
1'
0%
#87995
1!
1"
b1011111 6
#88000
0!
0"
1:
02
00
1)
0&
#88005
1!
1"
b10110011 6
#88010
0!
0"
1:
1$
13
12
10
1/
0.
0+
0)
0(
#88015
1!
1"
b10100001 6
#88020
0!
0"
1:
03
02
00
1,
1+
1)
1(
1&
#88025
1!
1"
b10110011 6
#88030
0!
0"
1:
0$
01
04
13
12
10
1.
0+
0(
0'
#88035
1!
1"
#88040
0!
0"
1:
11
14
0,
1+
1(
1'
1%
#88045
1!
1"
b10100001 6
#88050
0!
0"
1:
01
05
02
0/
0)
0(
0&
#88055
1!
1"
#88060
0!
0"
1:
1$
04
00
0*
1)
1(
1&
0%
#88065
1!
1"
#88070
0!
0"
1:
0$
12
10
1-
1,
0+
1*
0&
1%
#88075
1!
1"
#88080
0!
0"
1:
15
14
03
00
0-
0,
0)
0(
#88085
1!
1"
#88090
0!
0"
1:
11
04
13
0.
1,
1+
0*
1)
1(
0'
1&
0%
#88095
1!
1"
b11011010 6
#88100
0!
0"
1:
01
05
03
10
1/
1-
0,
1*
0)
1'
1%
#88105
1!
1"
#88110
0!
0"
1:
11
14
13
0/
1,
1)
0&
#88115
1!
1"
#88120
0!
0"
1:
1$
01
15
03
00
1.
0-
0)
0(
0'
1&
0%
#88125
1!
1"
#88130
0!
0"
1:
0$
11
05
13
02
0.
0,
1)
0&
#88135
1!
1"
b1010010 6
#88140
0!
0"
1:
04
03
1/
0+
0*
1(
1'
1&
#88145
1!
1"
b111010 6
#88150
0!
0"
1:
14
13
12
10
1,
1+
0)
0(
0'
#88155
1!
1"
b11011010 6
#88160
0!
0"
1:
1$
15
04
00
0/
1.
1-
0,
0+
1'
0&
#88165
1!
1"
#88170
0!
0"
1:
03
02
1,
1*
1&
1%
#88175
1!
1"
b1010001 6
#88180
0!
0"
1:
0$
13
0-
1+
0*
0%
#88185
1!
1"
b11110101 6
#88190
0!
0"
1:
1$
01
05
03
12
10
0.
0,
0+
1(
0'
0&
#88195
1!
1"
#88200
0!
0"
1:
0$
00
1/
1-
1,
1)
0(
1%
#88205
1!
1"
#88210
0!
0"
1:
11
15
0/
0-
0,
1*
1(
1'
0%
#88215
1!
1"
b10101111 6
#88220
0!
0"
1:
01
13
10
1-
1,
1+
0*
0)
1&
1%
#88225
1!
1"
#88230
0!
0"
1:
1$
03
0,
1*
0&
#88235
1!
1"
#88240
0!
0"
1:
14
13
02
00
1/
0-
1,
0*
0%
#88245
1!
1"
#88250
0!
0"
1:
0$
11
05
04
03
0,
0+
0'
1&
1%
#88255
1!
1"
b111010 6
#88260
0!
0"
1:
1$
14
12
1.
1-
1,
1)
1'
#88265
1!
1"
b10111011 6
#88270
0!
0"
1:
01
15
13
0.
0-
0,
1*
0(
0%
#88275
1!
1"
#88280
0!
0"
1:
11
04
03
10
1-
1+
0*
0)
0&
1%
#88285
1!
1"
b10101111 6
#88290
0!
0"
1:
14
0/
1.
0-
1,
0+
1*
1(
0'
1&
#88295
1!
1"
b1101001 6
#88300
0!
0"
1:
04
00
0,
1+
1)
1'
0&
#88305
1!
1"
b10101111 6
#88310
0!
0"
1:
0$
01
13
10
0.
1,
0)
0(
#88315
1!
1"
#88320
0!
0"
1:
1$
05
02
00
1.
0,
0+
0*
1)
1(
0'
#88325
1!
1"
#88330
0!
0"
1:
0$
15
12
1/
1-
1,
0)
1&
0%
#88335
1!
1"
#88340
0!
0"
1:
03
10
1+
1*
1)
1'
0&
#88345
1!
1"
#88350
0!
0"
1:
1$
05
13
0.
0,
0(
0'
1&
1%
#88355
1!
1"
#88360
0!
0"
1:
02
1.
0-
1,
0+
0*
1'
0&
#88365
1!
1"
#88370
0!
0"
1:
0$
11
14
03
00
1-
0)
1(
0'
1&
0%
#88375
1!
1"
b1100 6
#88380
0!
0"
1:
01
15
12
0/
1+
0(
1'
1%
#88385
1!
1"
#88390
0!
0"
1:
1$
05
02
10
1/
0-
0,
1)
0'
#88395
1!
1"
#88400
0!
0"
1:
15
04
13
0/
1-
0)
1(
0%
#88405
1!
1"
#88410
0!
0"
1:
14
03
12
1/
1*
1)
1'
1%
#88415
1!
1"
#88420
0!
0"
1:
0$
13
02
0/
0-
0*
0(
0'
0%
#88425
1!
1"
#88430
0!
0"
1:
12
00
1/
0.
1-
1,
0+
1*
0)
1(
1'
0&
#88435
1!
1"
#88440
0!
0"
1:
04
02
10
1+
1)
#88445
1!
1"
#88450
0!
0"
1:
11
05
14
03
12
0/
0-
0)
1%
#88455
1!
1"
b10010111 6
#88460
0!
0"
1:
01
15
04
02
1/
1.
1-
0,
0+
0*
1)
0'
0%
#88465
1!
1"
#88470
0!
0"
1:
05
13
12
00
0/
0-
1,
0)
0(
1'
1&
#88475
1!
1"
#88480
0!
0"
1:
1/
0.
0,
1*
1)
1(
1%
11
#88485
1!
1"
b10100111 6
#88490
0!
0"
1:
1$
01
14
02
1.
1-
0)
0(
0&
0%
#88495
1!
1"
#88500
0!
0"
1:
11
15
04
12
10
0-
0*
0'
1&
1%
#88505
1!
1"
b1010101 6
#88510
0!
0"
1:
01
14
03
02
0/
0.
1-
1+
1'
0%
#88515
1!
1"
#88520
0!
0"
1:
0$
11
05
12
00
1/
1.
0-
1,
1(
0'
0&
#88525
1!
1"
b10010111 6
#88530
0!
0"
1:
01
15
04
1-
0+
1)
1%
#88535
1!
1"
#88540
0!
0"
1:
1$
05
0/
0.
0-
1*
1'
0%
#88545
1!
1"
#88550
0!
0"
1:
15
02
10
1/
0,
0(
#88555
1!
1"
#88560
0!
0"
1:
0$
0/
1.
1+
1(
1&
1%
11
#88565
1!
1"
b1 6
#88570
0!
0"
1:
1$
01
05
14
1/
1-
1,
0+
0*
0)
0(
0%
#88575
1!
1"
#88580
0!
0"
1:
0$
11
04
0-
0,
1*
1)
1(
0'
0&
1%
#88585
1!
1"
b111010 6
#88590
0!
0"
1:
1$
15
14
12
00
0/
0.
0*
1&
0%
#88595
1!
1"
b11100100 6
#88600
0!
0"
1:
01
04
1/
1-
0)
0(
1'
#88605
1!
1"
#88610
0!
0"
1:
0$
05
10
0/
1.
0-
1,
1)
#88615
1!
1"
#88620
0!
0"
1:
1$
11
14
13
1-
1+
0)
1(
1%
#88625
1!
1"
b1011100 6
#88630
0!
0"
1:
01
04
02
00
0.
0-
0,
1*
0(
0'
#88635
1!
1"
#88640
0!
0"
1:
0$
11
15
03
1.
1-
1,
1(
1'
0&
0%
#88645
1!
1"
b1 6
#88650
0!
0"
1:
14
13
1/
0.
0-
0,
0+
0*
1)
0(
1&
1%
#88655
1!
1"
b10100100 6
#88660
0!
0"
1:
1$
01
03
12
0/
1-
1,
1*
1(
0&
#88665
1!
1"
#88670
0!
0"
1:
11
05
04
13
02
10
1.
0-
0,
0*
0'
1&
0%
#88675
1!
1"
b1110100 6
#88680
0!
0"
1:
0$
15
12
00
1/
0.
1-
1,
1+
0)
0(
0&
1%
#88685
1!
1"
b1010101 6
#88690
0!
0"
1:
1$
05
14
02
10
0,
1*
1)
1(
1&
0%
#88695
1!
1"
b1010 6
#88700
0!
0"
1:
0+
0*
1'
0&
1%
01
#88705
1!
1"
#88710
0!
0"
1:
0$
11
15
04
0/
1,
0(
0%
#88715
1!
1"
b11101011 6
#88720
0!
0"
1:
1$
01
14
12
00
1/
1.
0-
0,
1+
1*
0)
1(
0'
#88725
1!
1"
#88730
0!
0"
1:
05
04
03
02
10
0.
1,
1)
#88735
1!
1"
#88740
0!
0"
1:
15
14
12
0/
0,
0*
0)
#88745
1!
1"
#88750
0!
0"
1:
05
13
00
1/
0+
1*
0(
1'
1%
#88755
1!
1"
#88760
0!
0"
1:
0$
11
15
04
02
10
1.
1-
1+
0*
0'
1&
0%
#88765
1!
1"
#88770
0!
0"
1:
01
03
0/
0-
0+
1)
1(
1'
0&
1%
#88775
1!
1"
#88780
0!
0"
1:
11
05
14
13
12
00
1,
1+
1*
0'
0%
#88785
1!
1"
b1011100 6
#88790
0!
0"
1:
01
15
1/
0.
0,
0+
0)
0(
1&
#88795
1!
1"
#88800
0!
0"
1:
04
03
02
10
0/
1+
0*
1(
1'
0&
#88805
1!
1"
#88810
0!
0"
1:
14
13
1-
1,
0+
1*
1)
0(
1&
1%
#88815
1!
1"
#88820
0!
0"
1:
1$
05
03
12
1/
1.
0,
1+
0*
1(
0'
#88825
1!
1"
#88830
0!
0"
1:
11
15
13
0.
0-
1,
0+
0(
1'
#88835
1!
1"
b111101 6
#88840
0!
0"
1:
01
04
02
00
0/
1.
1-
1+
0)
1(
0&
#88845
1!
1"
#88850
0!
0"
1:
05
14
03
12
1/
0.
0-
0(
1&
#88855
1!
1"
#88860
0!
0"
1:
11
04
13
02
1.
1-
0,
0'
#88865
1!
1"
b1110100 6
#88870
0!
0"
1:
0$
03
10
1*
1)
1(
1'
0%
#88875
1!
1"
b111010 6
#88880
0!
0"
1:
15
14
13
12
0/
0.
1,
0+
0)
0&
#88885
1!
1"
b111101 6
#88890
0!
0"
1:
05
03
1/
1+
0*
1)
1%
#88895
1!
1"
b1000010 6
#88900
0!
0"
1:
1$
01
04
0/
0-
1*
0)
0'
1&
0%
#88905
1!
1"
#88910
0!
0"
1:
0$
11
14
13
02
00
1/
1-
0,
0*
1)
0(
#88915
1!
1"
b1010 6
#88920
0!
0"
1:
01
04
03
1.
0-
1,
0)
1'
0&
#88925
1!
1"
#88930
0!
0"
1:
11
15
14
0.
1-
0,
1*
1)
1(
0'
#88935
1!
1"
b11010000 6
#88940
0!
0"
1:
1$
01
05
04
12
1.
0-
0+
1'
1&
#88945
1!
1"
#88950
0!
0"
1:
0$
13
0.
1-
1+
0*
0)
0'
1%
#88955
1!
1"
#88960
0!
0"
1:
03
0/
1.
0(
0&
0%
#88965
1!
1"
#88970
0!
0"
1:
11
14
02
0-
1'
1&
1%
#88975
1!
1"
b11000011 6
#88980
0!
0"
1:
1$
12
10
1/
1-
0+
1*
1)
0'
0&
0%
#88985
1!
1"
b1000010 6
#88990
0!
0"
1:
15
00
0/
0.
1+
0*
1(
1'
#88995
1!
1"
b111100 6
#89000
0!
0"
1:
05
04
13
10
1/
0-
0)
0(
1&
1%
#89005
1!
1"
b101110 6
#89010
0!
0"
1:
0$
14
03
00
1.
1-
0+
1)
1(
0%
#89015
1!
1"
b1000010 6
#89020
0!
0"
1:
01
13
10
0/
0.
0-
1+
0'
#89025
1!
1"
#89030
0!
0"
1:
1$
15
04
02
1,
0)
0(
1'
1%
#89035
1!
1"
#89040
0!
0"
1:
11
14
00
1.
1(
0'
0&
#89045
1!
1"
b11000110 6
#89050
0!
0"
1:
0$
10
1/
0.
1)
0%
#89055
1!
1"
#89060
0!
0"
1:
1$
01
05
03
12
0/
1-
0+
1'
1&
1%
#89065
1!
1"
#89070
0!
0"
1:
04
13
00
0,
0)
0&
#89075
1!
1"
#89080
0!
0"
1:
0$
03
10
1.
1+
1)
0'
#89085
1!
1"
#89090
0!
0"
1:
1$
11
13
00
0.
1,
0)
0(
1'
#89095
1!
1"
b101110 6
#89100
0!
0"
1:
01
15
02
1.
0-
1)
1&
0%
#89105
1!
1"
#89110
0!
0"
1:
0$
11
14
03
12
10
0.
1-
0,
0+
0)
1(
#89115
1!
1"
b1000 6
#89120
0!
0"
1:
04
13
02
1,
1+
1*
0'
0&
#89125
1!
1"
b1110001 6
#89130
0!
0"
1:
1$
03
12
00
1.
1)
1&
1%
#89135
1!
1"
b110100 6
#89140
0!
0"
1:
0$
01
05
14
02
10
1/
0,
0+
0*
0(
1'
0%
#89145
1!
1"
#89150
0!
0"
1:
1$
15
13
12
0.
0-
1+
1*
0)
1(
#89155
1!
1"
#89160
0!
0"
1:
0/
0*
1)
0(
1%
11
#89165
1!
1"
b10011001 6
#89170
0!
0"
1:
0$
04
02
1.
1,
1*
0)
1(
0&
0%
#89175
1!
1"
b1110001 6
#89180
0!
0"
1:
1$
01
05
14
03
12
00
1/
0.
1-
0,
0*
0(
0'
1&
#89185
1!
1"
#89190
0!
0"
1:
11
04
13
10
0-
0+
1'
1%
#89195
1!
1"
b101110 6
#89200
0!
0"
1:
0$
15
14
03
02
00
1.
1-
1,
1+
1)
0%
#89205
1!
1"
b10101000 6
#89210
0!
0"
1:
13
10
0/
0.
0-
0,
0)
#89215
1!
1"
b1100011 6
#89220
0!
0"
1:
00
1/
1,
0+
1)
0&
1%
#89225
1!
1"
#89230
0!
0"
1:
01
05
04
0/
1.
1-
0,
1+
0)
1&
0%
#89235
1!
1"
#89240
0!
0"
1:
1$
15
12
10
1/
1,
1*
0'
1%
#89245
1!
1"
#89250
0!
0"
1:
0$
11
03
00
0.
0-
0,
1'
0&
0%
#89255
1!
1"
b110100 6
#89260
0!
0"
1:
1$
01
05
02
10
0/
1,
1(
0'
1&
#89265
1!
1"
#89270
0!
0"
1:
11
12
00
1/
1.
0,
0*
0(
1'
#89275
1!
1"
b10110100 6
#89280
0!
0"
1:
13
10
1,
1)
1(
0'
0&
#89285
1!
1"
b1111111 6
#89290
0!
0"
1:
01
14
02
0/
0.
0,
1'
1&
1%
#89295
1!
1"
#89300
0!
0"
1:
11
15
1/
1.
1-
1*
0&
0%
#89305
1!
1"
b1100011 6
#89310
0!
0"
1:
0$
01
04
12
00
0/
0.
1,
0+
0(
1%
#89315
1!
1"
#89320
0!
0"
1:
1$
10
1/
1.
0,
0*
0)
1&
0%
11
#89325
1!
1"
b11111100 6
#89330
0!
0"
1:
0$
01
14
0-
1+
1)
1%
#89335
1!
1"
#89340
0!
0"
1:
05
03
02
00
1-
1,
0)
1(
0'
0&
0%
#89345
1!
1"
#89350
0!
0"
1:
1$
11
12
10
0.
0-
0,
1*
1&
#89355
1!
1"
b111000 6
#89360
0!
0"
1:
01
15
02
1,
0(
#89365
1!
1"
#89370
0!
0"
1:
11
04
13
00
0,
1)
1%
#89375
1!
1"
b1100011 6
#89380
0!
0"
1:
0$
14
03
1.
0&
0%
#89385
1!
1"
b11101111 6
#89390
0!
0"
1:
05
04
10
0/
0.
1-
1,
0+
0*
1(
1&
1%
#89395
1!
1"
b11001111 6
#89400
0!
0"
1:
1$
14
12
00
1.
0,
1'
0&
#89405
1!
1"
b111000 6
#89410
0!
0"
1:
02
10
1/
0.
0)
0'
1&
#89415
1!
1"
b11000011 6
#89420
0!
0"
1:
0$
01
04
13
12
00
1.
0-
1+
0%
#89425
1!
1"
#89430
0!
0"
1:
1$
15
03
1-
0+
1)
0&
1%
#89435
1!
1"
#89440
0!
0"
1:
14
10
0/
0.
0-
1+
1*
0)
1'
1&
#89445
1!
1"
#89450
0!
0"
1:
0$
11
13
02
1/
1.
1-
0+
0*
1)
0(
0%
#89455
1!
1"
b1100011 6
#89460
0!
0"
1:
1$
05
04
00
0-
1,
1+
0&
#89465
1!
1"
b1110011 6
#89470
0!
0"
1:
01
15
14
0/
1-
0,
0+
0'
1&
1%
#89475
1!
1"
#89480
0!
0"
1:
0$
05
04
03
0.
0)
1(
1'
0&
0%
#89485
1!
1"
#89490
0!
0"
1:
11
14
10
1,
1+
1*
1)
1&
1%
#89495
1!
1"
b10110110 6
#89500
0!
0"
1:
1$
15
04
12
1/
1.
0-
0,
0*
0)
0(
0%
#89505
1!
1"
b10001110 6
#89510
0!
0"
1:
0$
01
05
14
13
02
00
0.
1-
1)
1(
0&
1%
#89515
1!
1"
#89520
0!
0"
1:
1$
15
12
0/
1,
0+
1*
0(
0'
1&
#89525
1!
1"
#89530
0!
0"
1:
0$
11
02
1/
1(
0%
#89535
1!
1"
b1100011 6
#89540
0!
0"
1:
1$
05
03
12
10
0/
1.
0,
0*
0)
0(
1'
0&
1%
#89545
1!
1"
b111000 6
#89550
0!
0"
1:
0$
15
1/
1,
1*
1)
1&
#89555
1!
1"
b10001100 6
#89560
0!
0"
1:
00
0.
1+
0*
1(
0&
0%
#89565
1!
1"
#89570
0!
0"
1:
1$
0+
1&
1%
01
#89575
1!
1"
#89580
0!
0"
1:
0$
13
1.
1+
1*
0)
0&
#89585
1!
1"
#89590
0!
0"
1:
11
04
02
10
0/
0.
0-
0,
0+
0(
0'
1&
0%
#89595
1!
1"
b1100011 6
#89600
0!
0"
1:
01
14
03
1+
1(
1'
#89605
1!
1"
#89610
0!
0"
1:
1$
00
1/
1.
1,
1)
0&
11
#89615
1!
1"
b11101111 6
#89620
0!
0"
1:
0$
13
0/
0.
1-
0+
0*
0'
#89625
1!
1"
b1100011 6
#89630
0!
0"
1:
01
04
1/
0-
1+
1*
1'
#89635
1!
1"
#89640
0!
0"
1:
1$
11
05
03
10
0+
0*
0)
1&
#89645
1!
1"
b11001111 6
#89650
0!
0"
1:
15
0/
1.
1-
0,
1+
1%
#89655
1!
1"
b10110111 6
#89660
0!
0"
1:
0$
00
1/
0.
0+
1*
1)
0&
01
#89665
1!
1"
#89670
0!
0"
1:
11
12
10
0/
1+
0)
0(
0'
#89675
1!
1"
b10001110 6
#89680
0!
0"
1:
1$
01
05
14
13
00
1.
0-
0+
0*
1'
1&
0%
#89685
1!
1"
#89690
0!
0"
1:
04
03
10
1/
0.
1*
0'
0&
1%
#89695
1!
1"
#89700
0!
0"
1:
0$
15
14
00
0/
1.
1-
1)
1'
1&
#89705
1!
1"
#89710
0!
0"
1:
1$
05
04
13
1/
0.
0-
1,
0*
0&
#89715
1!
1"
#89720
0!
0"
1:
11
15
10
1+
1*
1(
0'
1&
0%
#89725
1!
1"
b1011 6
#89730
0!
0"
1:
00
0/
1.
0+
0*
1'
0&
01
#89735
1!
1"
#89740
0!
0"
1:
05
02
1/
0(
1&
1%
#89745
1!
1"
#89750
0!
0"
1:
14
0,
1+
0&
#89755
1!
1"
#89760
0!
0"
1:
0$
11
03
12
0/
1,
1(
1&
#89765
1!
1"
b10100110 6
#89770
0!
0"
1:
01
15
10
0.
0'
#89775
1!
1"
#89780
0!
0"
1:
1$
11
05
04
1/
1.
1-
0+
0)
0(
0&
#89785
1!
1"
b1000011 6
#89790
0!
0"
1:
01
15
02
00
0/
0.
0-
1+
1)
1'
1&
0%
#89795
1!
1"
#89800
0!
0"
1:
05
14
10
1(
0&
#89805
1!
1"
#89810
0!
0"
1:
04
12
1/
1-
1*
0(
0'
1&
1%
#89815
1!
1"
#89820
0!
0"
1:
0$
11
02
00
0/
0,
0+
0*
0)
1'
0%
#89825
1!
1"
b11001111 6
#89830
0!
0"
1:
15
14
12
10
1.
0-
1,
1*
1)
1(
0&
#89835
1!
1"
b10001100 6
#89840
0!
0"
1:
1$
01
05
04
1/
0.
0,
1+
0)
0(
1%
#89845
1!
1"
#89850
0!
0"
1:
0$
11
13
02
00
0/
1.
1-
0+
1&
0%
#89855
1!
1"
b1110011 6
#89860
0!
0"
1:
1$
14
12
10
1/
0.
0-
1,
0*
1)
0&
#89865
1!
1"
b10010110 6
#89870
0!
0"
1:
01
15
00
0,
1+
1*
1(
0'
#89875
1!
1"
#89880
0!
0"
1:
05
03
02
0/
1.
1,
0+
0)
0(
#89885
1!
1"
#89890
0!
0"
1:
13
10
1/
1-
1+
0*
1(
1'
1&
1%
#89895
1!
1"
#89900
0!
0"
1:
00
0/
0-
0,
0(
0'
11
#89905
1!
1"
b10110000 6
#89910
0!
0"
1:
04
12
10
0.
1,
0+
1)
1(
1'
0%
#89915
1!
1"
b100100 6
#89920
0!
0"
1:
01
02
00
1/
1-
1+
0(
0&
1%
#89925
1!
1"
#89930
0!
0"
1:
0$
11
03
0/
1.
0-
0,
0)
0%
#89935
1!
1"
b1010100 6
#89940
0!
0"
1:
1$
15
12
1)
1(
0'
1&
1%
#89945
1!
1"
b10001110 6
#89950
0!
0"
1:
0$
14
13
10
1/
1-
1,
0(
1'
0%
#89955
1!
1"
b111111 6
#89960
0!
0"
1:
05
04
00
0/
0.
0-
0+
1(
#89965
1!
1"
b100100 6
#89970
0!
0"
1:
03
02
1/
1-
1*
0)
0(
0&
#89975
1!
1"
b1010100 6
#89980
0!
0"
1:
01
15
12
0-
1(
0'
1&
1%
#89985
1!
1"
#89990
0!
0"
1:
1$
05
13
02
10
0/
1.
1-
0*
1)
1'
#89995
1!
1"
#90000
0!
0"
1:
11
15
00
0.
0,
1+
1*
0)
0(
0'
#90005
1!
1"
b11110011 6
#90010
0!
0"
1:
10
1/
0-
1'
0&
0%
#90015
1!
1"
#90020
0!
0"
1:
01
14
1,
0+
0*
1(
0'
1%
#90025
1!
1"
#90030
0!
0"
1:
05
04
03
00
0/
1.
1-
0,
1+
1*
1)
#90035
1!
1"
#90040
0!
0"
1:
0$
11
14
13
12
10
0.
1,
0+
1&
#90045
1!
1"
b10010110 6
#90050
0!
0"
1:
15
1/
1.
0*
0&
0%
#90055
1!
1"
b10011101 6
#90060
0!
0"
1:
01
04
02
0-
0,
1+
1*
0)
1'
1%
#90065
1!
1"
#90070
0!
0"
1:
11
12
0.
1-
1,
0'
0%
#90075
1!
1"
b10100100 6
#90080
0!
0"
1:
01
05
14
03
02
0/
0(
1'
1&
1%
#90085
1!
1"
#90090
0!
0"
1:
11
15
13
1.
0-
1)
1(
0&
#90095
1!
1"
b10010001 6
#90100
0!
0"
1:
1$
05
04
03
00
0.
1-
0*
0(
#90105
1!
1"
b1010100 6
#90110
0!
0"
1:
01
14
12
10
1/
1.
0+
0%
#90115
1!
1"
#90120
0!
0"
1:
11
15
04
0/
0-
0,
1+
1*
1&
1%
#90125
1!
1"
b11101100 6
#90130
0!
0"
1:
0$
00
1/
0+
0*
0)
1(
0'
01
#90135
1!
1"
#90140
0!
0"
1:
1$
14
13
02
1-
1+
1*
1)
0&
0%
#90145
1!
1"
#90150
0!
0"
1:
0$
11
05
04
12
10
0.
0-
1,
0*
0)
0(
#90155
1!
1"
b1101000 6
#90160
0!
0"
1:
15
02
1*
1'
1%
#90165
1!
1"
b11110011 6
#90170
0!
0"
1:
01
03
12
00
0/
1(
#90175
1!
1"
#90180
0!
0"
1:
05
13
02
1/
1.
0+
0*
1)
#90185
1!
1"
#90190
0!
0"
1:
1$
15
14
10
0.
1-
0,
1+
0)
0'
#90195
1!
1"
#90200
0!
0"
1:
04
03
12
00
0/
0+
1*
1)
#90205
1!
1"
#90210
0!
0"
1:
0$
11
05
14
02
1/
1.
1+
0%
#90215
1!
1"
b10011111 6
#90220
0!
0"
1:
1$
01
15
04
13
12
0-
1,
0)
1'
1&
#90225
1!
1"
#90230
0!
0"
1:
0$
11
03
02
10
0/
1-
0,
0(
0'
1%
#90235
1!
1"
b11101110 6
#90240
0!
0"
1:
1$
05
13
00
1/
0.
0-
0+
1)
1'
0&
0%
#90245
1!
1"
b1110011 6
#90250
0!
0"
1:
10
0/
1.
1,
0*
1&
1%
01
#90255
1!
1"
#90260
0!
0"
1:
0$
11
15
14
0.
0,
1+
1*
1(
0'
0&
#90265
1!
1"
b1110110 6
#90270
0!
0"
1:
01
05
12
1/
1-
0+
0)
0%
#90275
1!
1"
#90280
0!
0"
1:
1$
11
15
03
00
0/
1+
0*
1)
1%
#90285
1!
1"
b10001100 6
#90290
0!
0"
1:
1.
1*
0)
1'
01
#90295
1!
1"
#90300
0!
0"
1:
0$
0.
0-
0+
1)
0'
0%
#90305
1!
1"
#90310
0!
0"
1:
1$
11
05
04
10
1.
1-
1+
0*
0)
0(
1'
1&
#90315
1!
1"
b11111 6
#90320
0!
0"
1:
01
15
13
02
0+
1*
1(
0&
#90325
1!
1"
#90330
0!
0"
1:
0$
05
12
00
0-
0*
0(
0'
1&
#90335
1!
1"
#90340
0!
0"
1:
11
15
03
02
1/
0.
1,
1+
1)
#90345
1!
1"
b11101110 6
#90350
0!
0"
1:
1$
01
14
13
10
0/
1.
1-
0,
0&
1%
#90355
1!
1"
#90360
0!
0"
1:
04
1/
0.
1*
1'
#90365
1!
1"
#90370
0!
0"
1:
0$
05
03
12
00
0-
0+
0*
0)
#90375
1!
1"
#90380
0!
0"
1:
1$
1.
1-
1,
1+
1*
1)
0'
1&
11
#90385
1!
1"
b10101101 6
#90390
0!
0"
1:
01
15
02
0/
0-
0+
0)
1(
1'
0&
0%
#90395
1!
1"
#90400
0!
0"
1:
05
14
13
12
10
1/
0.
1-
0,
1+
1&
#90405
1!
1"
#90410
0!
0"
1:
11
15
04
02
00
0/
1,
0'
#90415
1!
1"
b11110011 6
#90420
0!
0"
1:
01
14
0*
1'
#90425
1!
1"
#90430
0!
0"
1:
11
12
1/
0-
0,
1*
0&
#90435
1!
1"
b10011101 6
#90440
0!
0"
1:
0$
01
04
03
02
10
1.
1,
1&
1%
#90445
1!
1"
#90450
0!
0"
1:
1$
14
13
00
0/
0.
0+
0%
#90455
1!
1"
#90460
0!
0"
1:
05
04
12
10
0,
1+
1)
1%
#90465
1!
1"
#90470
0!
0"
1:
15
00
0+
0(
#90475
1!
1"
#90480
0!
0"
1:
11
05
03
02
1/
1.
1-
1,
1+
0)
1(
0&
#90485
1!
1"
b1010100 6
#90490
0!
0"
1:
01
15
14
12
0+
0'
1&
#90495
1!
1"
#90500
0!
0"
1:
0$
11
02
10
0/
0.
0,
1+
1'
#90505
1!
1"
b1100010 6
#90510
0!
0"
1:
05
04
12
0-
0+
0(
0'
0&
#90515
1!
1"
b10101101 6
#90520
0!
0"
1:
15
02
00
1/
1-
0*
1)
1(
#90525
1!
1"
b11101110 6
#90530
0!
0"
1:
01
05
12
10
#90535
1!
1"
#90540
0!
0"
1:
1$
14
13
00
0/
0-
1,
0(
1'
0%
#90545
1!
1"
#90550
0!
0"
1:
04
02
1/
1.
0)
#90555
1!
1"
#90560
0!
0"
1:
0$
11
15
14
12
10
0/
0.
1-
0,
1)
1(
0'
1&
#90565
1!
1"
b11100001 6
#90570
0!
0"
1:
01
04
1/
1.
0-
1,
#90575
1!
1"
#90580
0!
0"
1:
11
03
1-
0,
1+
1*
#90585
1!
1"
b10101000 6
#90590
0!
0"
1:
1$
0.
0+
0)
01
#90595
1!
1"
#90600
0!
0"
1:
11
05
14
13
0/
1+
0&
1%
#90605
1!
1"
b11000000 6
#90610
0!
0"
1:
0$
1.
1,
0*
0(
1&
0%
#90615
1!
1"
#90620
0!
0"
1:
04
02
00
1/
0.
0,
0+
1)
1'
0&
1%
#90625
1!
1"
b1110011 6
#90630
0!
0"
1:
1$
01
15
12
10
0/
1.
0-
1+
0%
#90635
1!
1"
#90640
0!
0"
1:
0$
11
03
02
1/
1,
0)
1(
0'
1&
#90645
1!
1"
b11101110 6
#90650
0!
0"
1:
1$
13
12
00
0/
0.
1-
0(
1'
0&
1%
#90655
1!
1"
b1011110 6
#90660
0!
0"
1:
01
05
14
03
1/
1.
0,
1*
0'
1&
#90665
1!
1"
#90670
0!
0"
1:
11
15
04
02
0/
0-
1,
0+
1)
1(
0&
0%
#90675
1!
1"
b11101110 6
#90680
0!
0"
1:
12
1/
1-
0,
0)
0(
1'
1%
#90685
1!
1"
b1101001 6
#90690
0!
0"
1:
0$
01
13
10
0.
0-
1,
1(
1&
#90695
1!
1"
#90700
0!
0"
1:
1$
05
14
03
0/
1-
1+
0*
1)
0'
#90705
1!
1"
#90710
0!
0"
1:
0$
11
13
00
1/
0-
1*
0)
#90715
1!
1"
b11000000 6
#90720
0!
0"
1:
1$
01
15
04
03
02
1-
0+
0&
#90725
1!
1"
#90730
0!
0"
1:
05
14
0/
1.
1+
0*
0%
#90735
1!
1"
#90740
0!
0"
1:
11
12
10
0,
0+
1)
0(
#90745
1!
1"
b1001110 6
#90750
0!
0"
1:
04
00
1/
0.
1+
0)
1&
#90755
1!
1"
b10101101 6
#90760
0!
0"
1:
01
13
1.
0-
0+
1'
0&
1%
#90765
1!
1"
#90770
0!
0"
1:
03
02
0/
0.
1,
1+
#90775
1!
1"
#90780
0!
0"
1:
0$
11
15
13
12
10
1.
1-
1)
1&
0%
#90785
1!
1"
b10111001 6
#90790
0!
0"
1:
1$
01
14
03
02
0+
1*
1(
0'
1%
#90795
1!
1"
#90800
0!
0"
1:
11
05
04
13
0.
0-
0,
1+
0*
0(
1'
0&
0%
#90805
1!
1"
b101010 6
#90810
0!
0"
1:
0$
01
15
00
1/
0+
1*
0)
1(
0'
#90815
1!
1"
#90820
0!
0"
1:
11
05
03
10
0/
1-
1,
1&
#90825
1!
1"
b10001101 6
#90830
0!
0"
1:
1$
01
14
12
00
0-
0,
1+
0*
0(
1'
0&
1%
#90835
1!
1"
#90840
0!
0"
1:
0$
11
15
04
1/
0+
1*
1(
0'
1&
#90845
1!
1"
b1011010 6
#90850
0!
0"
1:
01
02
10
0/
1-
1,
1+
0*
1'
0%
#90855
1!
1"
#90860
0!
0"
1:
11
05
14
12
00
1.
0,
1)
0'
0&
#90865
1!
1"
b100000 6
#90870
0!
0"
1:
01
13
02
10
1/
0.
0)
0(
#90875
1!
1"
#90880
0!
0"
1:
1$
0/
0-
1,
1*
1)
1&
#90885
1!
1"
#90890
0!
0"
1:
15
04
03
12
00
1/
1.
0,
0+
0*
0)
0&
#90895
1!
1"
#90900
0!
0"
1:
0$
14
13
02
0/
0.
1,
1*
1)
1'
1%
#90905
1!
1"
#90910
0!
0"
1:
11
04
10
1/
1+
0'
#90915
1!
1"
b1001011 6
#90920
0!
0"
1:
1$
14
03
0/
1.
0)
1'
1&
#90925
1!
1"
b1100010 6
#90930
0!
0"
1:
0$
01
13
0.
0,
0+
1)
1(
0'
#90935
1!
1"
#90940
0!
0"
1:
1$
05
04
00
1/
1-
1,
0*
#90945
1!
1"
#90950
0!
0"
1:
0$
11
15
03
12
0,
1+
1*
1'
0&
#90955
1!
1"
b1011010 6
#90960
0!
0"
1:
05
14
1.
0-
0+
0)
0(
1&
0%
#90965
1!
1"
b100000 6
#90970
0!
0"
1:
01
04
1,
1+
0'
1%
#90975
1!
1"
#90980
0!
0"
1:
1$
11
14
02
10
0/
0.
1-
1)
1(
1'
0&
#90985
1!
1"
b10100001 6
#90990
0!
0"
1:
15
00
0,
0+
0*
0(
0'
1&
#90995
1!
1"
b1100010 6
#91000
0!
0"
1:
0$
05
04
13
12
1/
1,
1(
1'
0&
0%
#91005
1!
1"
b10001000 6
#91010
0!
0"
1:
01
15
02
10
0/
1.
0-
0)
0'
1&
1%
#91015
1!
1"
#91020
0!
0"
1:
1$
03
12
00
1/
1-
0,
1+
1*
0&
0%
#91025
1!
1"
#91030
0!
0"
1:
0$
11
14
13
0/
0.
1,
0+
0*
1'
1&
1%
#91035
1!
1"
b11100001 6
#91040
0!
0"
1:
1$
01
03
1.
0-
0,
0'
#91045
1!
1"
#91050
0!
0"
1:
0$
05
02
1/
0.
1-
1+
1*
1)
0(
0%
#91055
1!
1"
#91060
0!
0"
1:
0/
1.
0-
1,
0*
0)
1%
#91065
1!
1"
#91070
0!
0"
1:
1$
15
04
12
1/
1-
0,
0+
1)
1'
0&
#91075
1!
1"
#91080
0!
0"
1:
0$
05
14
02
10
0/
0.
0-
1+
1*
1(
0'
#91085
1!
1"
#91090
0!
0"
1:
12
00
1/
1.
1-
1,
0+
0*
0(
1'
0%
#91095
1!
1"
#91100
0!
0"
1:
1$
13
0/
0-
1*
1(
0'
1&
1%
#91105
1!
1"
#91110
0!
0"
1:
15
04
03
02
0,
1+
0*
0)
1'
0&
0%
#91115
1!
1"
#91120
0!
0"
1:
0$
11
14
10
1-
0(
0'
#91125
1!
1"
b100100 6
#91130
0!
0"
1:
01
05
04
13
12
1/
0.
0-
1*
1)
1'
#91135
1!
1"
#91140
0!
0"
1:
1$
15
14
00
0/
0)
#91145
1!
1"
#91150
0!
0"
1:
0$
11
04
02
1.
1-
0+
0'
#91155
1!
1"
b1001011 6
#91160
0!
0"
1:
05
14
1/
0.
0-
1,
1+
1)
1&
#91165
1!
1"
b101101 6
#91170
0!
0"
1:
1$
04
03
0/
1-
0,
0+
0*
1(
0&
#91175
1!
1"
b110 6
#91180
0!
0"
1:
14
13
12
1.
1,
1'
1&
1%
#91185
1!
1"
b1110101 6
#91190
0!
0"
1:
0$
15
0-
1+
0(
#91195
1!
1"
b10011100 6
#91200
0!
0"
1:
1$
05
04
02
0)
0'
0&
0%
#91205
1!
1"
b11110001 6
#91210
0!
0"
1:
0$
14
1/
1-
1(
1'
1%
#91215
1!
1"
b101101 6
#91220
0!
0"
1:
1$
10
0/
0(
0%
#91225
1!
1"
#91230
0!
0"
1:
0$
15
04
03
1/
0.
0,
0+
1)
1(
0'
1&
#91235
1!
1"
b10001000 6
#91240
0!
0"
1:
1$
0/
0-
1+
1*
0)
1%
#91245
1!
1"
#91250
0!
0"
1:
01
05
1/
1,
1)
0(
1'
0&
0%
#91255
1!
1"
#91260
0!
0"
1:
0$
14
13
0/
1.
1-
0,
0+
0*
0)
1(
1&
1%
#91265
1!
1"
#91270
0!
0"
1:
15
04
03
12
00
1/
0-
1+
1*
1)
0(
0&
#91275
1!
1"
#91280
0!
0"
1:
1$
14
13
0.
0*
0'
#91285
1!
1"
#91290
0!
0"
1:
0$
11
05
04
03
1.
1-
1,
0+
0)
0%
#91295
1!
1"
b10100010 6
#91300
0!
0"
1:
14
02
10
0.
0,
1+
1)
1(
1'
1&
#91305
1!
1"
b11110011 6
#91310
0!
0"
1:
1$
13
00
0/
0+
0(
1%
#91315
1!
1"
b101101 6
#91320
0!
0"
1:
0$
01
15
12
1.
0-
1,
1(
0'
0%
#91325
1!
1"
#91330
0!
0"
1:
11
05
04
10
1/
0.
1-
1*
0&
#91335
1!
1"
b10001000 6
#91340
0!
0"
1:
1$
03
02
0/
0,
0*
0)
0(
1&
1%
#91345
1!
1"
b110100 6
#91350
0!
0"
1:
0$
01
15
14
13
1/
0-
0&
0%
#91355
1!
1"
#91360
0!
0"
1:
11
04
03
00
1,
1(
1%
#91365
1!
1"
b10001000 6
#91370
0!
0"
1:
1$
01
05
14
13
12
10
1-
0,
1*
0(
1&
0%
#91375
1!
1"
#91380
0!
0"
1:
0$
0/
0-
1,
1+
1)
1'
1%
11
#91385
1!
1"
#91390
0!
0"
1:
02
00
0,
0*
0&
#91395
1!
1"
b101101 6
#91400
0!
0"
1:
1$
03
12
1/
1,
0+
1&
#91405
1!
1"
b10001110 6
#91410
0!
0"
1:
15
04
13
02
0,
1+
0)
0'
#91415
1!
1"
b1001011 6
#91420
0!
0"
1:
0$
01
14
03
12
10
1-
1,
0+
1*
1)
1'
0%
#91425
1!
1"
#91430
0!
0"
1:
1$
11
05
04
13
00
0/
0-
0,
0*
1(
0'
1%
#91435
1!
1"
b100010 6
#91440
0!
0"
1:
0$
01
15
14
03
02
1-
1,
1*
0)
#91445
1!
1"
#91450
0!
0"
1:
1$
11
12
10
1/
1.
0-
0,
1+
0*
#91455
1!
1"
b11111001 6
#91460
0!
0"
1:
0$
01
13
00
0/
0.
1,
0+
1*
1)
0(
1'
0&
0%
#91465
1!
1"
#91470
0!
0"
1:
1$
03
02
1/
1.
1-
1+
0'
#91475
1!
1"
#91480
0!
0"
1:
11
05
13
12
10
0/
0-
0,
0*
1(
1%
#91485
1!
1"
b10010010 6
#91490
0!
0"
1:
01
04
03
02
1-
1,
1*
0(
1'
1&
0%
#91495
1!
1"
#91500
0!
0"
1:
12
00
1/
0,
0+
0&
1%
#91505
1!
1"
#91510
0!
0"
1:
0$
11
14
10
0.
1,
0*
1(
0'
1&
0%
#91515
1!
1"
b11001110 6
#91520
0!
0"
1:
1$
04
13
0/
1.
0-
0,
0)
0(
1'
0&
1%
#91525
1!
1"
b100010 6
#91530
0!
0"
1:
01
15
00
1/
0.
1+
1(
1&
0%
#91535
1!
1"
#91540
0!
0"
1:
0$
05
14
02
10
1.
1-
1,
0+
1)
0'
1%
#91545
1!
1"
#91550
0!
0"
1:
11
15
03
0.
0-
0)
0(
1'
#91555
1!
1"
b100100 6
#91560
0!
0"
1:
1$
00
0/
0,
1)
0'
0&
01
#91565
1!
1"
#91570
0!
0"
1:
0$
11
04
13
12
1'
#91575
1!
1"
b100111 6
#91580
0!
0"
1:
14
02
10
1-
1+
1(
0%
#91585
1!
1"
b100010 6
#91590
0!
0"
1:
04
00
1/
1.
1,
0+
0(
#91595
1!
1"
b1001011 6
#91600
0!
0"
1:
14
12
0/
0-
0,
1+
1*
0)
1(
0'
1%
#91605
1!
1"
b10011100 6
#91610
0!
0"
1:
05
03
1)
0(
1&
0%
#91615
1!
1"
b101 6
#91620
0!
0"
1:
15
02
10
1/
0.
0+
0*
1(
1'
1%
#91625
1!
1"
b100100 6
#91630
0!
0"
1:
05
12
1.
1-
1+
1*
0)
0(
0'
#91635
1!
1"
b101 6
#91640
0!
0"
1:
1$
15
13
00
0/
1,
1(
0%
#91645
1!
1"
b10011100 6
#91650
0!
0"
1:
04
03
10
1/
0-
0+
0*
1)
#91655
1!
1"
b10100101 6
#91660
0!
0"
1:
01
02
00
0/
1-
0,
1+
1*
1'
1%
#91665
1!
1"
#91670
0!
0"
1:
0$
14
13
12
10
0-
1,
0+
0)
0(
0&
#91675
1!
1"
#91680
0!
0"
1:
11
05
04
03
02
0.
1-
0,
1(
#91685
1!
1"
b11111110 6
#91690
0!
0"
1:
15
14
12
1/
0*
1&
0%
#91695
1!
1"
b11111001 6
#91700
0!
0"
1:
1$
01
05
04
13
02
1.
1+
1*
0'
#91705
1!
1"
#91710
0!
0"
1:
0$
12
0/
0.
0+
0*
1)
1'
#91715
1!
1"
#91720
0!
0"
1:
1$
00
0-
1,
1*
0(
#91725
1!
1"
#91730
0!
0"
1:
03
02
1/
1.
0)
0&
#91735
1!
1"
#91740
0!
0"
1:
15
14
13
12
0.
1+
1)
1(
0'
1%
#91745
1!
1"
#91750
0!
0"
1:
04
1.
0(
1&
#91755
1!
1"
#91760
0!
0"
1:
0$
05
03
0/
0.
1-
0,
1(
1'
#91765
1!
1"
#91770
0!
0"
1:
11
15
02
10
1/
1.
0-
1,
0*
0)
0'
#91775
1!
1"
b10001000 6
#91780
0!
0"
1:
1$
01
14
13
0/
0.
0+
1*
0(
0&
0%
#91785
1!
1"
#91790
0!
0"
1:
03
12
00
1/
1-
0,
1(
#91795
1!
1"
#91800
0!
0"
1:
11
05
04
02
0/
1,
1+
1)
0(
1'
1%
#91805
1!
1"
b1010001 6
#91810
0!
0"
1:
0$
15
14
12
0-
0,
0+
1(
0%
#91815
1!
1"
b11111001 6
#91820
0!
0"
1:
1$
01
05
04
1.
1+
0*
0)
0'
1%
#91825
1!
1"
#91830
0!
0"
1:
0$
11
15
14
13
02
10
0.
1,
1*
1)
0%
#91835
1!
1"
b100010 6
#91840
0!
0"
1:
01
05
04
03
12
1-
0,
1%
#91845
1!
1"
#91850
0!
0"
1:
15
13
02
1.
1,
0+
0*
0)
0(
1'
1&
0%
#91855
1!
1"
#91860
0!
0"
1:
11
03
12
00
0.
1*
1(
1%
#91865
1!
1"
b100100 6
#91870
0!
0"
1:
14
13
02
1+
1)
0&
#91875
1!
1"
b100010 6
#91880
0!
0"
1:
01
04
1/
0-
1&
0%
#91885
1!
1"
#91890
0!
0"
1:
1$
14
12
0/
0*
0)
0'
#91895
1!
1"
#91900
0!
0"
1:
0$
05
04
10
1.
1-
1)
1'
#91905
1!
1"
#91910
0!
0"
1:
1$
11
15
14
03
00
1/
0-
0,
1*
0'
0&
1%
#91915
1!
1"
b11111001 6
#91920
0!
0"
1:
0$
05
04
02
10
0*
0)
0(
#91925
1!
1"
b1010001 6
#91930
0!
0"
1:
1$
15
13
12
1)
1(
#91935
1!
1"
b100111 6
#91940
0!
0"
1:
05
14
00
1,
0+
1*
0)
0(
1'
1&
#91945
1!
1"
b10010010 6
#91950
0!
0"
1:
0$
01
04
03
02
0/
0.
0*
1(
0&
#91955
1!
1"
#91960
0!
0"
1:
11
15
14
10
1/
1.
0,
0(
0'
1&
#91965
1!
1"
b100100 6
#91970
0!
0"
1:
1$
01
05
04
13
0/
1,
1*
1)
1(
#91975
1!
1"
#91980
0!
0"
1:
11
15
14
0.
1+
0(
0&
#91985
1!
1"
b100010 6
#91990
0!
0"
1:
01
05
04
03
12
0+
1(
1'
0%
#91995
1!
1"
#92000
0!
0"
1:
11
15
14
13
02
1.
1-
1+
0(
1%
#92005
1!
1"
#92010
0!
0"
1:
0$
04
12
00
0.
0-
0,
0*
0)
1(
1&
0%
#92015
1!
1"
b11010101 6
#92020
0!
0"
1:
1$
05
02
10
1.
0+
1)
0&
1%
#92025
1!
1"
b1001011 6
#92030
0!
0"
1:
0$
01
15
03
0.
1-
1*
0)
0(
1&
#92035
1!
1"
#92040
0!
0"
1:
1.
1,
1+
0*
1)
1(
0%
#92045
1!
1"
#92050
0!
0"
1:
13
12
00
0-
0,
1*
0)
0'
1%
#92055
1!
1"
#92060
0!
0"
1:
05
14
10
1/
1-
1,
0+
0*
1)
0(
#92065
1!
1"
#92070
0!
0"
1:
11
15
04
03
02
00
0-
1(
0&
0%
#92075
1!
1"
b1001010 6
#92080
0!
0"
1:
1$
05
13
12
10
0.
0,
1+
0(
1'
1&
1%
#92085
1!
1"
b11110110 6
#92090
0!
0"
1:
0$
01
15
14
02
00
0/
1.
1-
1,
0+
0)
1(
0&
#92095
1!
1"
#92100
0!
0"
1:
1$
05
04
03
1/
0.
0,
1+
1*
1)
1&
#92105
1!
1"
#92110
0!
0"
1:
0$
11
15
14
13
12
1.
1,
0+
0*
0)
0'
#92115
1!
1"
b11101010 6
#92120
0!
0"
1:
1$
05
0/
0-
1*
1)
0(
0%
#92125
1!
1"
b10100011 6
#92130
0!
0"
1:
01
15
04
03
10
1/
1-
0,
0)
1(
1'
1%
#92135
1!
1"
#92140
0!
0"
1:
05
14
0-
1,
1)
0&
0%
#92145
1!
1"
#92150
0!
0"
1:
0$
11
15
04
13
02
00
0/
0.
1-
0,
1+
0*
0'
#92155
1!
1"
b110000 6
#92160
0!
0"
1:
1$
10
1.
0-
0+
1*
0)
#92165
1!
1"
#92170
0!
0"
1:
0$
05
03
12
00
1/
1)
1'
1&
#92175
1!
1"
b11110001 6
#92180
0!
0"
1:
01
14
13
0.
1-
0*
0)
0'
#92185
1!
1"
#92190
0!
0"
1:
1$
11
15
04
02
0/
1.
0-
1'
0&
1%
#92195
1!
1"
b110000 6
#92200
0!
0"
1:
01
05
14
12
1/
0.
1-
1,
1+
0(
1&
0%
#92205
1!
1"
#92210
0!
0"
1:
0$
11
15
04
03
0/
1*
0'
#92215
1!
1"
b10100111 6
#92220
0!
0"
1:
1$
05
13
10
0,
0*
1'
0&
#92225
1!
1"
b11110110 6
#92230
0!
0"
1:
0$
14
03
02
1.
1,
1*
1)
0'
1&
#92235
1!
1"
b101001 6
#92240
0!
0"
1:
01
15
04
13
12
00
1/
0+
0)
1(
1%
#92245
1!
1"
#92250
0!
0"
1:
0-
1+
1'
0%
11
#92255
1!
1"
b11010101 6
#92260
0!
0"
1:
01
14
0.
0,
1)
0(
0'
#92265
1!
1"
#92270
0!
0"
1:
05
03
0/
1-
0+
0*
1(
1'
0&
1%
#92275
1!
1"
#92280
0!
0"
1:
1$
11
04
02
1+
0)
0(
0%
#92285
1!
1"
b1010001 6
#92290
0!
0"
1:
01
14
10
1,
0'
#92295
1!
1"
#92300
0!
0"
1:
0$
11
15
13
00
1.
0+
1*
1)
1(
1%
#92305
1!
1"
b100010 6
#92310
0!
0"
1:
1$
01
05
04
0,
0(
1'
#92315
1!
1"
#92320
0!
0"
1:
03
0.
1,
1+
0*
1(
1&
0%
#92325
1!
1"
#92330
0!
0"
1:
11
13
10
1.
0-
0,
0(
0&
1%
#92335
1!
1"
b11010100 6
#92340
0!
0"
1:
0$
15
14
0.
0+
1*
1(
0'
0%
#92345
1!
1"
b10111000 6
#92350
0!
0"
1:
1+
1'
01
#92355
1!
1"
#92360
0!
0"
1:
1$
05
03
12
00
1/
1.
0+
0*
0(
#92365
1!
1"
#92370
0!
0"
1:
04
10
1-
1*
0)
1%
#92375
1!
1"
#92380
0!
0"
1:
15
00
0/
0-
1,
0*
1)
1&
#92385
1!
1"
#92390
0!
0"
1:
11
05
02
10
1/
1+
0)
0'
0&
#92395
1!
1"
b111001 6
#92400
0!
0"
1:
0$
01
15
14
13
12
00
0/
1*
1)
1(
0%
#92405
1!
1"
#92410
0!
0"
1:
11
03
10
1/
0.
1-
0,
0*
0(
1'
#92415
1!
1"
b100 6
#92420
0!
0"
1:
1$
01
13
00
1,
0+
1*
0)
#92425
1!
1"
#92430
0!
0"
1:
0$
11
04
03
10
0/
0,
1+
1)
1(
0'
1&
#92435
1!
1"
b10100111 6
#92440
0!
0"
1:
1$
13
02
00
1.
1,
0+
1'
1%
#92445
1!
1"
b110000 6
#92450
0!
0"
1:
01
05
14
12
10
0,
1+
0*
0)
0'
#92455
1!
1"
#92460
0!
0"
1:
11
02
0-
0+
1*
1)
1'
#92465
1!
1"
b111010 6
#92470
0!
0"
1:
01
15
12
1/
0.
1+
0*
0(
0&
#92475
1!
1"
#92480
0!
0"
1:
0$
04
03
0/
1.
1,
0+
1(
#92485
1!
1"
#92490
0!
0"
1:
14
13
0,
1+
0(
0'
#92495
1!
1"
#92500
0!
0"
1:
05
04
02
0.
1-
0)
1(
#92505
1!
1"
#92510
0!
0"
1:
1$
11
12
1.
1,
0+
1*
1)
0(
1&
#92515
1!
1"
b11110110 6
#92520
0!
0"
1:
01
03
00
1/
0.
0,
1+
1'
0&
0%
#92525
1!
1"
#92530
0!
0"
1:
0$
11
15
02
10
0/
0-
1,
0+
0)
1&
#92535
1!
1"
b1000101 6
#92540
0!
0"
1:
1$
01
05
12
00
1.
1-
0,
1+
0*
1)
1(
0'
0&
#92545
1!
1"
#92550
0!
0"
1:
14
13
10
1/
0.
0-
1,
0+
0(
1'
1%
#92555
1!
1"
#92560
0!
0"
1:
0$
11
04
03
02
00
1.
1+
0)
1(
0'
0%
#92565
1!
1"
b111001 6
#92570
0!
0"
1:
01
14
1-
0,
1*
1'
#92575
1!
1"
#92580
0!
0"
1:
12
0.
0-
0+
0*
1)
1%
#92585
1!
1"
#92590
0!
0"
1:
11
15
04
02
10
1,
0)
0(
0'
#92595
1!
1"
b10101100 6
#92600
0!
0"
1:
1$
14
12
1-
1+
1)
1'
1&
0%
#92605
1!
1"
b100 6
#92610
0!
0"
1:
01
05
04
02
0/
1.
0-
0,
0+
0)
1(
1%
#92615
1!
1"
#92620
0!
0"
1:
15
14
0.
1-
1*
0&
0%
#92625
1!
1"
#92630
0!
0"
1:
05
13
00
1/
1.
0-
0*
1)
0'
#92635
1!
1"
#92640
0!
0"
1:
0$
10
0/
0.
1-
1+
1*
1'
#92645
1!
1"
#92650
0!
0"
1:
15
04
03
00
1/
1.
1,
0*
0)
0'
1&
1%
#92655
1!
1"
#92660
0!
0"
1:
14
13
12
0/
0.
0,
1'
#92665
1!
1"
#92670
0!
0"
1:
1$
05
04
02
10
1/
1.
0-
1,
1*
1)
#92675
1!
1"
#92680
0!
0"
1:
00
0/
0*
0)
0&
0%
#92685
1!
1"
#92690
0!
0"
1:
03
12
1-
1*
1)
0'
#92695
1!
1"
#92700
0!
0"
1:
15
13
02
0,
0(
1%
#92705
1!
1"
#92710
0!
0"
1:
11
05
14
03
1/
0-
0+
0)
1(
1&
#92715
1!
1"
b11101010 6
#92720
0!
0"
1:
0$
01
15
04
12
0/
1-
1,
1)
0(
0&
0%
#92725
1!
1"
#92730
0!
0"
1:
11
14
13
02
10
1/
0.
0,
0*
1'
1&
#92735
1!
1"
b10111000 6
#92740
0!
0"
1:
1$
05
04
03
12
1.
0-
1,
0)
1(
0'
0&
1%
#92745
1!
1"
b11101100 6
#92750
0!
0"
1:
01
13
00
0/
1+
1*
1)
1'
#92755
1!
1"
#92760
0!
0"
1:
0$
11
14
10
1/
0.
0,
0*
0)
0(
1&
#92765
1!
1"
b10010100 6
#92770
0!
0"
1:
15
04
02
1-
1*
1(
0'
0&
0%
#92775
1!
1"
b110000 6
#92780
0!
0"
1:
1$
14
03
00
1.
1,
0+
0*
1)
1&
#92785
1!
1"
b110100 6
#92790
0!
0"
1:
0$
13
10
0/
0,
1+
0(
0&
1%
#92795
1!
1"
b10111000 6
#92800
0!
0"
1:
01
05
04
03
0+
1*
0)
1'
1&
0%
#92805
1!
1"
#92810
0!
0"
1:
1$
12
00
1/
1,
1+
0*
1)
1%
#92815
1!
1"
#92820
0!
0"
1:
11
14
13
0.
0-
0+
0)
#92825
1!
1"
b10111110 6
#92830
0!
0"
1:
15
03
10
1-
0,
1*
1)
0&
#92835
1!
1"
b11110100 6
#92840
0!
0"
1:
0$
05
02
00
1+
1(
0'
1&
0%
#92845
1!
1"
b11101010 6
#92850
0!
0"
1:
1$
15
13
10
0/
1.
1,
0)
0(
1'
0&
#92855
1!
1"
b10111000 6
#92860
0!
0"
1:
01
05
03
12
1/
0,
0+
0*
1(
0'
1%
#92865
1!
1"
#92870
0!
0"
1:
0$
11
15
04
13
02
00
0/
0-
1,
1*
1)
0(
1'
#92875
1!
1"
b10011110 6
#92880
0!
0"
1:
1$
14
03
10
1/
0.
1-
0*
0'
1&
#92885
1!
1"
b110100 6
#92890
0!
0"
1:
0$
05
13
00
0/
0-
1*
0)
1(
0%
#92895
1!
1"
b10111011 6
#92900
0!
0"
1:
1$
04
03
12
10
1.
0*
0&
#92905
1!
1"
b11101100 6
#92910
0!
0"
1:
0$
15
14
13
02
00
0.
1-
1+
1*
0(
1'
1&
#92915
1!
1"
b10111000 6
#92920
0!
0"
1:
05
12
0-
0,
1)
1(
#92925
1!
1"
b10010 6
#92930
0!
0"
1:
1$
03
10
1-
0*
0)
0'
0&
#92935
1!
1"
b11001011 6
#92940
0!
0"
1:
0$
15
0-
1,
0+
1)
0(
1'
#92945
1!
1"
b11110100 6
#92950
0!
0"
1:
1/
1+
1*
1(
1&
1%
01
#92955
1!
1"
#92960
0!
0"
1:
11
05
13
02
00
1.
1-
0)
0%
#92965
1!
1"
b10111011 6
#92970
0!
0"
1:
04
03
12
0.
0-
0,
1)
0'
1%
#92975
1!
1"
b11101100 6
#92980
0!
0"
1:
1$
01
14
10
0/
1,
0(
1'
#92985
1!
1"
#92990
0!
0"
1:
11
04
13
02
1/
1.
1-
0,
0*
0'
#92995
1!
1"
b11010100 6
#93000
0!
0"
1:
0$
01
14
12
0/
0.
0-
1,
1*
1(
1'
0%
#93005
1!
1"
#93010
0!
0"
1:
15
03
02
00
1/
1.
0,
0*
0)
0(
0'
#93015
1!
1"
#93020
0!
0"
1:
11
05
13
0/
0.
1-
0+
1*
1)
#93025
1!
1"
b10111011 6
#93030
0!
0"
1:
1$
15
03
10
1.
0*
1(
0&
1%
#93035
1!
1"
b110100 6
#93040
0!
0"
1:
0$
01
04
13
00
1+
1*
0(
0%
#93045
1!
1"
#93050
0!
0"
1:
1$
14
03
10
0.
1,
1(
#93055
1!
1"
#93060
0!
0"
1:
11
04
12
0*
0)
1'
1&
1%
#93065
1!
1"
b10001101 6
#93070
0!
0"
1:
01
05
02
1.
0-
0+
0'
0&
0%
#93075
1!
1"
#93080
0!
0"
1:
0$
11
15
00
0,
1%
#93085
1!
1"
b10101 6
#93090
0!
0"
1:
1$
13
1/
1-
1,
1*
1)
0(
#93095
1!
1"
b10011110 6
#93100
0!
0"
1:
0$
01
05
14
12
10
0/
0.
0*
0)
0%
#93105
1!
1"
#93110
0!
0"
1:
11
15
03
02
1/
0-
0,
1+
1(
1'
1&
1%
#93115
1!
1"
b110100 6
#93120
0!
0"
1:
01
05
1-
1,
0(
0'
#93125
1!
1"
#93130
0!
0"
1:
11
15
04
12
00
1.
0-
0,
0+
1*
1'
#93135
1!
1"
b10001101 6
#93140
0!
0"
1:
1$
13
10
0.
1-
1+
0*
#93145
1!
1"
b1000110 6
#93150
0!
0"
1:
01
05
14
02
0/
1.
1*
0&
0%
#93155
1!
1"
#93160
0!
0"
1:
11
15
04
03
12
0+
1%
#93165
1!
1"
b10001101 6
#93170
0!
0"
1:
01
05
00
0.
0*
1)
1(
0%
#93175
1!
1"
#93180
0!
0"
1:
14
13
02
10
1.
0-
1*
0(
0'
1&
#93185
1!
1"
#93190
0!
0"
1:
0$
11
04
03
12
0.
1-
1,
0*
0)
1(
1'
0&
#93195
1!
1"
b11011110 6
#93200
0!
0"
1:
01
15
13
02
00
0-
0'
1%
#93205
1!
1"
#93210
0!
0"
1:
05
14
10
1.
1-
1+
0(
0%
#93215
1!
1"
#93220
0!
0"
1:
1$
11
15
04
03
00
1/
0-
1*
1)
1(
1'
1%
#93225
1!
1"
b10101 6
#93230
0!
0"
1:
0$
05
13
12
0.
0*
0)
0(
0%
#93235
1!
1"
b10101111 6
#93240
0!
0"
1:
15
0/
1-
0,
0+
1*
1(
0'
1&
#93245
1!
1"
b1000110 6
#93250
0!
0"
1:
1$
05
03
02
10
1,
0(
0&
1%
#93255
1!
1"
b111001 6
#93260
0!
0"
1:
01
15
14
13
12
00
1.
0-
0,
0*
1'
0%
#93265
1!
1"
#93270
0!
0"
1:
05
04
03
02
10
1/
0.
1-
1+
1*
1)
1&
1%
#93275
1!
1"
#93280
0!
0"
1:
15
0/
1.
1,
0+
0)
1(
0'
0%
#93285
1!
1"
#93290
0!
0"
1:
0$
11
05
14
12
00
1/
0-
0,
1'
0&
#93295
1!
1"
b1001101 6
#93300
0!
0"
1:
1$
15
13
0/
1,
0*
0'
1&
1%
#93305
1!
1"
b111001 6
#93310
0!
0"
1:
0$
05
10
0.
1-
0,
1)
0(
0&
#93315
1!
1"
b11101011 6
#93320
0!
0"
1:
1$
01
04
00
1/
1.
1,
1*
0)
1(
1&
#93325
1!
1"
#93330
0!
0"
1:
0$
10
0/
0-
1+
1)
1'
#93335
1!
1"
#93340
0!
0"
1:
14
03
1-
0,
0+
0%
#93345
1!
1"
#93350
0!
0"
1:
11
15
04
13
0-
0*
0)
0'
#93355
1!
1"
b1011110 6
#93360
0!
0"
1:
05
02
0.
1*
1)
1'
0&
#93365
1!
1"
b11000101 6
#93370
0!
0"
1:
15
14
00
1.
1-
1,
1+
0*
0(
1%
#93375
1!
1"
b10111000 6
#93380
0!
0"
1:
1$
01
04
03
0,
0+
1*
0%
#93385
1!
1"
#93390
0!
0"
1:
0$
0.
1,
0)
1(
#93395
1!
1"
#93400
0!
0"
1:
1$
14
1/
1.
1)
0(
0'
1%
#93405
1!
1"
#93410
0!
0"
1:
0$
11
05
04
10
0/
0.
0,
0*
0)
1(
1&
0%
#93415
1!
1"
b111001 6
#93420
0!
0"
1:
01
14
12
00
1.
0-
1*
0(
1'
#93425
1!
1"
#93430
0!
0"
1:
11
13
02
0.
0*
1(
#93435
1!
1"
b10111011 6
#93440
0!
0"
1:
01
15
03
10
1/
1-
1*
0&
#93445
1!
1"
#93450
0!
0"
1:
05
12
00
0/
1.
1%
#93455
1!
1"
#93460
0!
0"
1:
11
15
04
02
0-
1+
0(
0'
1&
#93465
1!
1"
b10101 6
#93470
0!
0"
1:
1$
01
05
14
13
1-
1,
0+
1'
0%
#93475
1!
1"
#93480
0!
0"
1:
0$
11
04
03
10
1/
0-
0,
1+
0&
1%
#93485
1!
1"
b111001 6
#93490
0!
0"
1:
1$
01
15
14
13
0/
0.
1,
0+
1)
1(
#93495
1!
1"
#93500
0!
0"
1:
05
03
1/
1-
0,
0*
0'
1&
#93505
1!
1"
#93510
0!
0"
1:
15
04
13
00
0/
1.
0-
1,
1*
0)
0&
#93515
1!
1"
#93520
0!
0"
1:
0$
05
03
10
1/
0.
0*
0(
1&
0%
#93525
1!
1"
#93530
0!
0"
1:
00
1*
1(
11
#93535
1!
1"
#93540
0!
0"
1:
15
14
10
0/
1+
0(
1'
0&
#93545
1!
1"
b10001000 6
#93550
0!
0"
1:
01
13
1/
0+
0*
1)
#93555
1!
1"
#93560
0!
0"
1:
1$
05
03
12
00
1+
1*
0)
0'
1&
1%
#93565
1!
1"
#93570
0!
0"
1:
11
15
04
10
1.
1-
0,
0+
1)
1(
1'
0&
#93575
1!
1"
b1010100 6
#93580
0!
0"
1:
01
05
00
0/
0-
1+
0)
1&
#93585
1!
1"
#93590
0!
0"
1:
0$
14
13
1/
0.
1-
1,
0*
1)
0&
#93595
1!
1"
#93600
0!
0"
1:
11
15
03
02
10
0/
1.
0-
0+
1*
1&
#93605
1!
1"
b10001000 6
#93610
0!
0"
1:
13
00
1+
0*
0(
0'
#93615
1!
1"
b10111000 6
#93620
0!
0"
1:
03
12
10
1-
0+
1(
1'
#93625
1!
1"
b11001111 6
#93630
0!
0"
1:
1$
0-
0,
1+
0&
#93635
1!
1"
#93640
0!
0"
1:
01
05
00
0.
1-
0)
0(
0'
0%
#93645
1!
1"
#93650
0!
0"
1:
0$
15
04
13
02
10
1/
1.
0+
1)
1'
#93655
1!
1"
#93660
0!
0"
1:
1$
11
05
00
0/
0.
1+
1(
0'
1&
1%
#93665
1!
1"
b11000101 6
#93670
0!
0"
1:
0$
15
14
03
10
1/
1.
0-
1,
1*
0(
1'
#93675
1!
1"
b10001000 6
#93680
0!
0"
1:
1$
01
05
04
13
0/
1-
0,
0*
1(
0'
0&
0%
#93685
1!
1"
#93690
0!
0"
1:
0$
11
14
03
12
1/
0.
1,
0)
1&
1%
#93695
1!
1"
b1001101 6
#93700
0!
0"
1:
04
00
0+
1*
0(
1'
#93705
1!
1"
b11011110 6
#93710
0!
0"
1:
14
02
10
0/
0-
0,
1+
1)
1(
0'
0%
#93715
1!
1"
b11001100 6
#93720
0!
0"
1:
15
13
12
00
1/
1,
0+
0)
1'
0&
#93725
1!
1"
b1100100 6
#93730
0!
0"
1:
01
05
10
0/
1.
1-
0,
0*
#93735
1!
1"
#93740
0!
0"
1:
1$
03
00
1/
0-
1,
1+
1*
0(
0'
1&
#93745
1!
1"
#93750
0!
0"
1:
0$
11
04
02
10
0/
0.
0,
0+
1'
0&
1%
#93755
1!
1"
b101000 6
#93760
0!
0"
1:
1$
1/
1.
1,
1(
0'
0%
01
#93765
1!
1"
#93770
0!
0"
1:
0$
11
13
00
0.
0,
1+
0*
1)
#93775
1!
1"
b1110110 6
#93780
0!
0"
1:
1$
01
15
14
0/
1,
0+
1*
0)
0(
1&
1%
#93785
1!
1"
#93790
0!
0"
1:
04
12
1/
1.
1-
0,
1)
1(
1'
0&
0%
#93795
1!
1"
#93800
0!
0"
1:
0$
05
14
03
02
10
0-
1,
1+
1%
#93805
1!
1"
#93810
0!
0"
1:
1$
15
13
00
1-
1&
0%
#93815
1!
1"
#93820
0!
0"
1:
0/
0.
0-
0,
0'
0&
#93825
1!
1"
#93830
0!
0"
1:
05
12
1.
0+
0*
0)
1'
1%
#93835
1!
1"
#93840
0!
0"
1:
0$
11
04
02
1+
1*
0(
0%
#93845
1!
1"
#93850
0!
0"
1:
10
1/
1)
1(
0'
1&
#93855
1!
1"
#93860
0!
0"
1:
1$
01
03
12
0/
0&
1%
#93865
1!
1"
#93870
0!
0"
1:
00
1,
1&
0%
#93875
1!
1"
#93880
0!
0"
1:
0$
15
02
1/
0.
0+
0*
0)
1'
#93885
1!
1"
#93890
0!
0"
1:
11
05
13
12
10
1.
0,
1)
#93895
1!
1"
b1010000 6
#93900
0!
0"
1:
01
14
03
00
0/
1-
1+
0(
0'
0&
1%
#93905
1!
1"
#93910
0!
0"
1:
1$
15
10
0.
0+
1*
1'
1&
0%
#93915
1!
1"
#93920
0!
0"
1:
11
05
04
02
00
0-
1,
1+
0*
0)
0'
0&
1%
#93925
1!
1"
b101000 6
#93930
0!
0"
1:
01
14
12
1/
1.
0,
1*
1(
1'
0%
#93935
1!
1"
#93940
0!
0"
1:
0/
0(
1%
#93945
1!
1"
#93950
0!
0"
1:
0$
11
04
02
10
1/
0.
1-
1,
0+
1(
1&
#93955
1!
1"
#93960
0!
0"
1:
1$
01
14
13
12
0/
0,
1+
0*
1)
0&
0%
#93965
1!
1"
#93970
0!
0"
1:
0$
11
15
03
00
1.
0-
0+
1*
0)
0(
0'
1%
#93975
1!
1"
b100 6
#93980
0!
0"
1:
01
04
10
1,
1+
0*
1&
#93985
1!
1"
#93990
0!
0"
1:
11
05
13
02
00
0.
1-
1*
1(
#93995
1!
1"
b1110110 6
#94000
0!
0"
1:
15
03
12
10
0-
0,
0+
1)
1'
0%
#94005
1!
1"
b11100101 6
#94010
0!
0"
1:
1$
01
14
00
1+
0(
0&
1%
#94015
1!
1"
#94020
0!
0"
1:
0$
11
13
1-
1,
0+
0*
0)
0'
1&
0%
#94025
1!
1"
b1100100 6
#94030
0!
0"
1:
1$
01
05
03
02
10
0-
1(
#94035
1!
1"
#94040
0!
0"
1:
15
04
13
1-
1+
1*
1)
#94045
1!
1"
#94050
0!
0"
1:
0$
11
14
00
0+
0*
1'
0&
1%
#94055
1!
1"
b11111110 6
#94060
0!
0"
1:
05
03
1/
1.
0(
1&
#94065
1!
1"
b11001100 6
#94070
0!
0"
1:
01
15
0/
0-
1(
0'
0&
0%
#94075
1!
1"
#94080
0!
0"
1:
05
12
10
1-
1*
1'
#94085
1!
1"
#94090
0!
0"
1:
15
13
00
0.
0-
1+
0*
0(
0'
#94095
1!
1"
#94100
0!
0"
1:
1$
04
03
1/
1.
1*
0)
1'
#94105
1!
1"
#94110
0!
0"
1:
0$
05
02
10
0/
0,
0*
1)
1(
1&
#94115
1!
1"
#94120
0!
0"
1:
15
13
00
0.
1-
1*
0(
#94125
1!
1"
#94130
0!
0"
1:
11
12
10
0-
0*
0)
0'
0&
1%
#94135
1!
1"
b10101000 6
#94140
0!
0"
1:
01
14
03
00
1/
1.
1*
1)
1'
#94145
1!
1"
#94150
0!
0"
1:
1$
05
13
0.
0+
0*
1(
1&
#94155
1!
1"
#94160
0!
0"
1:
0$
11
15
04
02
10
0/
1.
0)
0(
#94165
1!
1"
b11111001 6
#94170
0!
0"
1:
1$
01
05
03
12
1/
1-
1+
1(
0'
0&
0%
#94175
1!
1"
#94180
0!
0"
1:
0$
13
02
00
1,
0+
1)
0(
1%
#94185
1!
1"
#94190
0!
0"
1:
15
14
12
0/
0.
1*
1(
1'
1&
#94195
1!
1"
#94200
0!
0"
1:
1$
11
05
04
03
02
1.
0-
0,
0)
0(
0'
0&
#94205
1!
1"
b101000 6
#94210
0!
0"
1:
01
14
13
12
10
1/
1,
1+
1)
1(
1'
1&
0%
#94215
1!
1"
#94220
0!
0"
1:
02
1-
0,
0&
1%
#94225
1!
1"
#94230
0!
0"
1:
0$
15
03
12
00
0/
0.
0+
0*
0)
0(
#94235
1!
1"
#94240
0!
0"
1:
11
04
13
02
1/
0-
1+
0'
1&
#94245
1!
1"
b11111001 6
#94250
0!
0"
1:
01
03
12
10
1.
1-
0+
1*
1)
1(
0&
#94255
1!
1"
#94260
0!
0"
1:
1$
13
1,
1+
0(
0%
#94265
1!
1"
#94270
0!
0"
1:
0$
11
05
03
00
0,
0+
1&
1%
#94275
1!
1"
b1000100 6
#94280
0!
0"
1:
01
15
13
10
0/
1+
0)
0%
#94285
1!
1"
#94290
0!
0"
1:
1$
05
14
03
02
1(
0&
#94295
1!
1"
#94300
0!
0"
1:
0$
11
13
00
0+
0*
1)
#94305
1!
1"
b11001001 6
#94310
0!
0"
1:
15
04
03
12
0.
1,
1+
0)
0(
1&
1%
#94315
1!
1"
b11100101 6
#94320
0!
0"
1:
05
02
10
0-
0,
0+
1*
0%
#94325
1!
1"
b11111111 6
#94330
0!
0"
1:
1$
01
15
14
12
1/
1+
0*
1'
0&
1%
#94335
1!
1"
#94340
0!
0"
1:
11
13
02
0/
1.
1-
1,
1)
1(
1&
0%
#94345
1!
1"
b11110111 6
#94350
0!
0"
1:
01
04
03
12
00
1/
0-
0)
0(
0'
1%
#94355
1!
1"
#94360
0!
0"
1:
0$
14
10
0/
0.
0,
0+
1*
1(
1'
#94365
1!
1"
#94370
0!
0"
1:
1$
02
00
1/
1-
1,
0*
0'
#94375
1!
1"
#94380
0!
0"
1:
11
04
13
12
1.
1*
1)
0&
0%
#94385
1!
1"
b11010 6
#94390
0!
0"
1:
0$
14
03
02
0/
0.
0-
1+
1'
1&
1%
#94395
1!
1"
b10101001 6
#94400
0!
0"
1:
1$
01
05
13
12
1/
0,
0)
0(
#94405
1!
1"
#94410
0!
0"
1:
11
15
03
10
1.
1,
0+
1)
1(
0'
0%
#94415
1!
1"
b11101111 6
#94420
0!
0"
1:
0$
05
04
00
0,
1+
#94425
1!
1"
b1000100 6
#94430
0!
0"
1:
1$
10
0/
0.
1-
1,
0*
0)
1%
#94435
1!
1"
#94440
0!
0"
1:
14
13
1/
1.
0-
0,
0+
1)
0(
0%
#94445
1!
1"
b1100010 6
#94450
0!
0"
1:
0$
01
04
00
0.
1+
1(
1'
0&
#94455
1!
1"
#94460
0!
0"
1:
15
02
10
0/
1,
0+
1*
0(
#94465
1!
1"
#94470
0!
0"
1:
1$
14
12
1-
1(
0'
1&
1%
#94475
1!
1"
#94480
0!
0"
1:
11
03
1/
0-
0,
0&
0%
#94485
1!
1"
b11101111 6
#94490
0!
0"
1:
00
1.
1,
1+
1&
#94495
1!
1"
#94500
0!
0"
1:
05
04
13
10
0/
0.
0,
0*
0&
1%
#94505
1!
1"
b110110 6
#94510
0!
0"
1:
0$
15
14
03
1-
1&
#94515
1!
1"
b11101111 6
#94520
0!
0"
1:
1$
01
05
04
02
00
0-
1,
0+
0(
#94525
1!
1"
#94530
0!
0"
1:
0$
11
14
12
1*
1'
0%
#94535
1!
1"
b100011 6
#94540
0!
0"
1:
1$
15
13
1/
0,
1+
0)
1(
0'
1%
#94545
1!
1"
b10000010 6
#94550
0!
0"
1:
01
05
04
02
0/
1.
1-
0(
0%
#94555
1!
1"
#94560
0!
0"
1:
0$
11
14
1/
0.
1'
1%
#94565
1!
1"
b11001001 6
#94570
0!
0"
1:
01
15
04
03
10
0/
1.
0-
1,
0+
1)
1(
0%
#94575
1!
1"
#94580
0!
0"
1:
1$
13
00
0.
1-
1+
0)
0'
1%
#94585
1!
1"
#94590
0!
0"
1:
11
14
12
0-
1)
0(
1'
0&
#94595
1!
1"
b10000010 6
#94600
0!
0"
1:
01
04
03
1-
0,
0+
1(
1&
#94605
1!
1"
#94610
0!
0"
1:
11
05
14
10
1.
1,
0)
0&
#94615
1!
1"
b11110000 6
#94620
0!
0"
1:
0$
01
02
1/
0.
0-
1+
0*
1)
0(
1&
#94625
1!
1"
#94630
0!
0"
1:
11
12
0/
1-
0,
1(
0'
0%
#94635
1!
1"
#94640
0!
0"
1:
15
04
02
1/
1.
0+
1*
0)
0(
1'
0&
#94645
1!
1"
b11000011 6
#94650
0!
0"
1:
01
05
12
00
0/
1,
1(
0'
#94655
1!
1"
#94660
0!
0"
1:
1$
14
10
1/
0-
0,
1+
0(
#94665
1!
1"
#94670
0!
0"
1:
0$
11
15
04
00
0.
1-
0+
1(
1&
#94675
1!
1"
b10100001 6
#94680
0!
0"
1:
1$
01
13
0/
1.
0-
1,
0*
1)
1'
#94685
1!
1"
#94690
0!
0"
1:
0$
05
14
03
10
1/
1-
0,
1+
1*
0)
0(
1%
#94695
1!
1"
#94700
0!
0"
1:
1$
15
04
13
02
00
0-
1,
0+
0*
1)
1(
0%
#94705
1!
1"
#94710
0!
0"
1:
10
0/
0.
1-
1*
0)
0&
#94715
1!
1"
#94720
0!
0"
1:
14
12
00
1/
0-
1+
1&
1%
#94725
1!
1"
#94730
0!
0"
1:
0$
0/
1.
1-
0,
0*
0(
0%
11
#94735
1!
1"
b1110010 6
#94740
0!
0"
1:
01
05
03
02
10
1/
0-
1,
1*
1(
#94745
1!
1"
#94750
0!
0"
1:
1$
15
04
12
0/
0.
1-
0+
0*
1)
1%
#94755
1!
1"
#94760
0!
0"
1:
14
02
00
1.
0-
0,
1*
0)
0(
0'
#94765
1!
1"
#94770
0!
0"
1:
05
13
12
10
0.
1-
1(
1'
0&
0%
#94775
1!
1"
#94780
0!
0"
1:
15
04
03
02
1/
1.
0-
1+
0*
1)
0(
#94785
1!
1"
#94790
0!
0"
1:
0$
05
14
0.
1-
0+
1*
0)
1(
0'
1&
#94795
1!
1"
#94800
0!
0"
1:
12
0/
1.
0-
1)
0(
1'
0&
#94805
1!
1"
#94810
0!
0"
1:
1$
04
00
1/
1-
0*
0)
1(
1%
#94815
1!
1"
#94820
0!
0"
1:
10
1+
1)
0(
1&
#94825
1!
1"
#94830
0!
0"
1:
0$
11
15
14
02
1,
0+
1*
1(
#94835
1!
1"
b1001001 6
#94840
0!
0"
1:
01
13
00
0-
0,
1+
0'
#94845
1!
1"
#94850
0!
0"
1:
11
05
10
0.
1-
0(
1'
0&
0%
#94855
1!
1"
b11001001 6
#94860
0!
0"
1:
01
04
12
0/
1,
0+
0*
1(
1%
#94865
1!
1"
#94870
0!
0"
1:
1$
11
15
14
02
0,
1+
1*
0(
0'
1&
0%
#94875
1!
1"
b10010110 6
#94880
0!
0"
1:
0$
01
05
12
1/
1.
0-
0*
1(
1'
1%
#94885
1!
1"
#94890
0!
0"
1:
11
15
04
02
0/
1-
1,
0+
0)
0&
#94895
1!
1"
b11110110 6
#94900
0!
0"
1:
14
12
00
1/
0-
1)
#94905
1!
1"
b10011001 6
#94910
0!
0"
1:
04
02
0/
1-
1+
1*
0)
0(
1&
#94915
1!
1"
b11110110 6
#94920
0!
0"
1:
1/
0.
0-
0+
0*
1)
0'
0%
01
#94925
1!
1"
#94930
0!
0"
1:
1$
05
10
1-
0,
1+
1*
0)
1'
0&
1%
#94935
1!
1"
#94940
0!
0"
1:
0$
14
03
12
00
0/
1.
0-
1,
0+
0*
#94945
1!
1"
#94950
0!
0"
1:
1$
15
04
13
02
10
1/
1-
1*
1)
1(
1&
0%
#94955
1!
1"
#94960
0!
0"
1:
0$
11
05
14
03
12
0/
0.
0,
0(
0&
1%
#94965
1!
1"
b1101011 6
#94970
0!
0"
1:
1$
01
15
1.
1,
1+
1(
0'
1&
0%
#94975
1!
1"
#94980
0!
0"
1:
0$
05
1/
0*
0)
0(
#94985
1!
1"
#94990
0!
0"
1:
11
02
00
0,
0+
1*
1'
0&
#94995
1!
1"
b10100111 6
#95000
0!
0"
1:
1$
15
04
13
12
10
0/
1,
1)
1&
1%
#95005
1!
1"
b1111000 6
#95010
0!
0"
1:
0$
01
05
14
03
02
1+
0*
0)
0'
0&
0%
#95015
1!
1"
#95020
0!
0"
1:
15
13
00
1/
0,
1*
1(
1'
1&
1%
#95025
1!
1"
#95030
0!
0"
1:
1$
11
05
12
10
0.
1,
0+
0&
#95035
1!
1"
b11011101 6
#95040
0!
0"
1:
01
04
02
00
1.
1+
0*
1)
1&
0%
#95045
1!
1"
#95050
0!
0"
1:
11
15
14
03
10
0/
0-
0+
1*
#95055
1!
1"
b1001001 6
#95060
0!
0"
1:
05
04
13
12
0(
0'
1%
#95065
1!
1"
b1000100 6
#95070
0!
0"
1:
0$
15
00
1/
0.
0)
1'
0%
#95075
1!
1"
b1111000 6
#95080
0!
0"
1:
05
14
02
10
0/
1.
0,
1+
1(
0&
#95085
1!
1"
b11001001 6
#95090
0!
0"
1:
15
04
03
12
1/
0.
1,
0+
0*
0(
#95095
1!
1"
b10100001 6
#95100
0!
0"
1:
01
05
02
1-
1)
0'
1&
1%
#95105
1!
1"
#95110
0!
0"
1:
15
12
00
0/
0,
1+
0&
0%
#95115
1!
1"
#95120
0!
0"
1:
11
13
02
10
1.
0-
1*
0)
1(
1'
1&
1%
#95125
1!
1"
b11111101 6
#95130
0!
0"
1:
1$
01
05
14
03
12
1/
1)
0(
#95135
1!
1"
#95140
0!
0"
1:
0$
13
02
00
0.
1-
0)
1(
0&
0%
#95145
1!
1"
#95150
0!
0"
1:
11
03
0/
0-
1,
0+
0(
0'
1%
#95155
1!
1"
b10100111 6
#95160
0!
0"
1:
1$
01
15
04
12
10
1/
1.
1-
0,
0*
1)
1(
1&
#95165
1!
1"
#95170
0!
0"
1:
0$
11
05
14
0/
0.
1+
0&
#95175
1!
1"
b1101011 6
#95180
0!
0"
1:
1$
01
13
1/
1.
0-
1,
0+
0)
0(
1'
#95185
1!
1"
#95190
0!
0"
1:
11
15
04
03
02
0/
0.
1-
1+
1*
1(
0'
1&
#95195
1!
1"
b11000011 6
#95200
0!
0"
1:
0$
14
00
1/
0+
0*
1)
1'
0&
0%
#95205
1!
1"
b1001001 6
#95210
0!
0"
1:
01
13
10
0/
1.
0-
1+
1*
0)
0'
#95215
1!
1"
#95220
0!
0"
1:
1$
05
04
00
0.
0+
0*
0(
1'
#95225
1!
1"
#95230
0!
0"
1:
15
03
1*
1)
0'
1%
#95235
1!
1"
#95240
0!
0"
1:
11
05
12
10
1/
1.
0,
1+
0)
1(
1&
0%
#95245
1!
1"
b11010000 6
#95250
0!
0"
1:
0$
14
13
02
1-
0(
0&
#95255
1!
1"
b11001001 6
#95260
0!
0"
1:
1$
01
04
00
0/
0.
0-
1,
1'
#95265
1!
1"
#95270
0!
0"
1:
0$
11
14
03
1-
0,
0+
1(
0'
#95275
1!
1"
b1110000 6
#95280
0!
0"
1:
1$
01
04
12
10
1+
0*
1)
0(
1'
1&
1%
#95285
1!
1"
#95290
0!
0"
1:
0$
11
13
1/
0-
0+
1*
0)
1(
0'
0%
#95295
1!
1"
b11010101 6
#95300
0!
0"
1:
1$
01
14
02
00
0/
0*
0(
1'
#95305
1!
1"
#95310
0!
0"
1:
0$
15
04
12
10
1/
1,
#95315
1!
1"
#95320
0!
0"
1:
1$
14
00
0/
1.
1+
1*
1)
1(
0'
#95325
1!
1"
#95330
0!
0"
1:
0$
1/
0.
1-
0+
0)
0(
1'
0&
1%
11
#95335
1!
1"
b10011001 6
#95340
0!
0"
1:
1$
05
04
03
10
0/
1.
1+
0*
1(
0'
1&
#95345
1!
1"
b11010000 6
#95350
0!
0"
1:
01
14
02
1/
0.
0-
1)
0(
0&
#95355
1!
1"
#95360
0!
0"
1:
0$
11
15
13
0/
1-
0,
0+
#95365
1!
1"
b11010101 6
#95370
0!
0"
1:
04
03
12
1/
1'
1&
#95375
1!
1"
b10100001 6
#95380
0!
0"
1:
13
00
0-
1,
1+
1*
0'
0&
#95385
1!
1"
b111101 6
#95390
0!
0"
1:
03
10
0/
1-
0+
1(
#95395
1!
1"
b10100001 6
#95400
0!
0"
1:
14
1.
0-
0,
1+
0*
0(
#95405
1!
1"
b1011011 6
#95410
0!
0"
1:
1$
01
04
1-
0+
1*
0)
1(
#95415
1!
1"
#95420
0!
0"
1:
11
02
00
1,
0*
1&
#95425
1!
1"
b11000011 6
#95430
0!
0"
1:
01
05
14
10
1/
0-
1)
0(
#95435
1!
1"
#95440
0!
0"
1:
11
15
12
00
0,
0)
1'
0%
#95445
1!
1"
b1011011 6
#95450
0!
0"
1:
1-
1*
1)
0'
0&
01
#95455
1!
1"
#95460
0!
0"
1:
0$
0/
1+
1'
1&
1%
#95465
1!
1"
#95470
0!
0"
1:
11
05
04
1/
1,
0*
#95475
1!
1"
b10110011 6
#95480
0!
0"
1:
1$
14
13
02
0/
0.
0&
0%
#95485
1!
1"
b110 6
#95490
0!
0"
1:
0$
15
04
1.
0,
0+
0'
1&
#95495
1!
1"
b11110100 6
#95500
0!
0"
1:
14
03
12
10
0.
1*
1(
0&
1%
#95505
1!
1"
b1011011 6
#95510
0!
0"
1:
1$
01
13
02
00
1/
0-
1+
0*
0)
1'
#95515
1!
1"
#95520
0!
0"
1:
0$
05
04
03
12
10
1.
1*
0(
1&
0%
#95525
1!
1"
#95530
0!
0"
1:
11
14
13
02
00
0+
0*
1)
1(
0&
#95535
1!
1"
b110 6
#95540
0!
0"
1:
04
03
12
0/
1-
1,
1+
0)
0(
0'
1%
#95545
1!
1"
b10110011 6
#95550
0!
0"
1:
10
0.
0-
1(
1&
#95555
1!
1"
#95560
0!
0"
1:
14
00
1-
0+
1*
1)
0&
0%
#95565
1!
1"
b10111 6
#95570
0!
0"
1:
04
1/
0,
0*
0)
1'
#95575
1!
1"
b10110011 6
#95580
0!
0"
1:
14
13
0/
1*
0(
0'
1&
1%
#95585
1!
1"
b10101001 6
#95590
0!
0"
1:
1$
01
15
04
03
0-
1,
0*
1)
1(
0%
#95595
1!
1"
#95600
0!
0"
1:
11
05
14
13
1-
0)
1'
1%
#95605
1!
1"
#95610
0!
0"
1:
0$
01
04
10
1/
0,
1*
1)
0'
0&
0%
#95615
1!
1"
#95620
0!
0"
1:
1$
03
02
00
0/
1.
0-
1,
1+
0*
0(
1&
#95625
1!
1"
#95630
0!
0"
1:
0$
11
15
12
1*
0)
1'
0&
#95635
1!
1"
b1001101 6
#95640
0!
0"
1:
14
13
02
10
0.
1-
0,
0*
1(
#95645
1!
1"
b11010101 6
#95650
0!
0"
1:
1$
01
05
04
12
0-
1%
#95655
1!
1"
#95660
0!
0"
1:
0$
15
00
1/
1.
0+
1)
0(
1&
0%
#95665
1!
1"
#95670
0!
0"
1:
1$
11
05
03
10
0/
1-
1+
1*
0)
0'
0&
#95675
1!
1"
b10110011 6
#95680
0!
0"
1:
0$
01
14
13
02
00
1/
0+
0*
1)
1(
1'
1&
#95685
1!
1"
#95690
0!
0"
1:
1$
03
0-
1,
1+
1*
0(
0'
0&
1%
#95695
1!
1"
#95700
0!
0"
1:
11
13
10
0/
0*
1(
1&
0%
#95705
1!
1"
b110 6
#95710
0!
0"
1:
0$
15
04
12
00
1/
0.
1-
0,
0+
1*
0&
1%
#95715
1!
1"
b11100 6
#95720
0!
0"
1:
1$
05
14
10
0/
1.
0-
1,
1+
0*
0)
0(
1&
0%
#95725
1!
1"
b10101001 6
#95730
0!
0"
1:
01
15
02
1/
0.
1-
0+
1)
1(
1'
0&
1%
#95735
1!
1"
#95740
0!
0"
1:
11
04
03
0-
1+
0)
0(
0'
1&
0%
#95745
1!
1"
b11000011 6
#95750
0!
0"
1:
05
14
13
12
00
0,
1)
1'
#95755
1!
1"
b10101001 6
#95760
0!
0"
1:
01
03
02
0/
1.
1-
0+
0'
0&
1%
#95765
1!
1"
#95770
0!
0"
1:
0$
15
04
13
10
1/
1,
1+
1*
0)
1'
1&
#95775
1!
1"
#95780
0!
0"
1:
11
05
0/
0-
0+
#95785
1!
1"
b110011 6
#95790
0!
0"
1:
1$
01
03
12
1/
0.
1-
0*
0&
#95795
1!
1"
#95800
0!
0"
1:
0$
14
1.
0-
1)
1(
0'
0%
#95805
1!
1"
#95810
0!
0"
1:
11
04
13
02
00
1-
1+
0)
1'
1%
#95815
1!
1"
#95820
0!
0"
1:
1$
01
15
03
12
0-
1)
0'
0%
#95825
1!
1"
#95830
0!
0"
1:
02
0/
1-
0,
0+
1*
0)
0(
1%
#95835
1!
1"
#95840
0!
0"
1:
0.
1,
1+
1)
1&
11
#95845
1!
1"
b10110110 6
#95850
0!
0"
1:
14
12
10
1/
1.
0-
0,
0+
1'
0&
#95855
1!
1"
b10011011 6
#95860
0!
0"
1:
01
05
04
0/
1-
1,
1+
0)
1(
1&
0%
#95865
1!
1"
#95870
0!
0"
1:
15
02
00
0+
0*
1)
0'
#95875
1!
1"
#95880
0!
0"
1:
0$
14
13
12
0-
1*
0)
1'
#95885
1!
1"
#95890
0!
0"
1:
11
04
03
02
0*
0'
0&
1%
#95895
1!
1"
b10110110 6
#95900
0!
0"
1:
1$
01
12
10
1/
0.
0,
0(
0%
#95905
1!
1"
#95910
0!
0"
1:
0$
11
05
13
02
1.
1,
1)
1'
1%
#95915
1!
1"
b110011 6
#95920
0!
0"
1:
1$
14
03
12
0.
0,
1*
1(
#95925
1!
1"
b11000111 6
#95930
0!
0"
1:
0$
04
0/
1,
1+
0)
0(
0%
#95935
1!
1"
b1001100 6
#95940
0!
0"
1:
15
14
02
1-
0+
0'
1&
1%
#95945
1!
1"
b1001001 6
#95950
0!
0"
1:
1$
01
04
12
00
0-
1(
1'
0&
0%
#95955
1!
1"
#95960
0!
0"
1:
11
05
1.
1-
0,
1+
0*
0'
1&
#95965
1!
1"
b1001100 6
#95970
0!
0"
1:
0$
01
14
1/
0.
0-
1*
1)
1'
0&
#95975
1!
1"
#95980
0!
0"
1:
04
13
0/
0+
0)
0(
1&
1%
#95985
1!
1"
#95990
0!
0"
1:
11
14
1+
0*
1(
0'
#95995
1!
1"
b10101001 6
#96000
0!
0"
1:
1$
01
15
04
02
1-
1,
0+
1*
0&
0%
#96005
1!
1"
#96010
0!
0"
1:
11
03
10
1/
1.
0*
0(
1'
1%
#96015
1!
1"
b1011000 6
#96020
0!
0"
1:
0$
14
12
00
1*
1)
0'
#96025
1!
1"
b11000011 6
#96030
0!
0"
1:
04
13
10
0-
0)
1(
1&
#96035
1!
1"
b11100 6
#96040
0!
0"
1:
00
0/
0,
1+
0*
1)
1'
0&
0%
#96045
1!
1"
#96050
0!
0"
1:
1$
1-
0'
01
#96055
1!
1"
#96060
0!
0"
1:
14
03
02
1/
1,
0+
1*
1%
#96065
1!
1"
#96070
0!
0"
1:
0$
11
13
12
0.
0-
0,
0*
0(
1&
0%
#96075
1!
1"
b11000 6
#96080
0!
0"
1:
1$
04
02
1-
1*
0)
1%
#96085
1!
1"
b101100 6
#96090
0!
0"
1:
0$
05
14
03
10
1,
0*
1)
1(
1'
0&
0%
#96095
1!
1"
b10111000 6
#96100
0!
0"
1:
1$
0/
0-
0,
1+
0)
01
#96105
1!
1"
#96110
0!
0"
1:
0$
11
15
04
1/
0+
1*
0(
1&
#96115
1!
1"
b10101100 6
#96120
0!
0"
1:
13
00
1+
0*
0'
0&
#96125
1!
1"
b101100 6
#96130
0!
0"
1:
01
14
03
12
10
0/
1.
1,
0+
1*
1'
1%
#96135
1!
1"
#96140
0!
0"
1:
1$
1/
1-
0,
0*
1)
1(
0'
1&
0%
11
#96145
1!
1"
b11000011 6
#96150
0!
0"
1:
0$
01
05
04
0.
0-
0)
0&
1%
#96155
1!
1"
#96160
0!
0"
1:
1$
15
14
02
1-
1+
1)
1&
#96165
1!
1"
#96170
0!
0"
1:
11
05
04
00
1.
0-
1,
1'
0&
0%
#96175
1!
1"
b11 6
#96180
0!
0"
1:
01
14
1-
0+
0(
#96185
1!
1"
#96190
0!
0"
1:
0$
04
13
12
10
0/
0-
0,
1*
1(
0'
1&
#96195
1!
1"
#96200
0!
0"
1:
15
14
02
00
0.
0(
1'
#96205
1!
1"
#96210
0!
0"
1:
1$
11
05
12
10
1.
1,
0)
1(
0&
1%
#96215
1!
1"
b10101001 6
#96220
0!
0"
1:
04
00
1/
1-
1+
0(
0'
1&
#96225
1!
1"
b1001010 6
#96230
0!
0"
1:
01
15
03
02
10
0,
1)
1(
#96235
1!
1"
#96240
0!
0"
1:
11
05
14
13
00
0*
0(
1'
0&
0%
#96245
1!
1"
b10100010 6
#96250
0!
0"
1:
01
15
10
0/
0-
0+
1*
1&
1%
#96255
1!
1"
#96260
0!
0"
1:
03
1/
0.
1-
0*
1(
0'
0&
0%
#96265
1!
1"
#96270
0!
0"
1:
13
0/
1.
1,
0(
1%
#96275
1!
1"
#96280
0!
0"
1:
11
04
03
12
1/
0.
0-
0,
1+
1*
0)
1(
1'
#96285
1!
1"
b11011110 6
#96290
0!
0"
1:
0$
13
02
1,
0+
0*
1)
0(
1&
0%
#96295
1!
1"
b10001111 6
#96300
0!
0"
1:
1$
01
05
00
1.
1-
1*
1(
0'
0&
1%
#96305
1!
1"
#96310
0!
0"
1:
0$
10
0/
0-
0,
1+
1'
1&
11
#96315
1!
1"
b110011 6
#96320
0!
0"
1:
15
14
00
0.
1,
0*
0'
0%
#96325
1!
1"
b1111101 6
#96330
0!
0"
1:
1$
01
05
12
1.
1-
0,
0+
0)
0&
1%
#96335
1!
1"
#96340
0!
0"
1:
0$
11
04
10
1/
1+
1*
0%
#96345
1!
1"
b1111110 6
#96350
0!
0"
1:
1$
02
0.
0-
0+
0*
0(
1'
1%
#96355
1!
1"
b110011 6
#96360
0!
0"
1:
0$
01
15
14
0/
1,
0%
#96365
1!
1"
#96370
0!
0"
1:
1$
04
12
1.
0,
1*
0'
1%
#96375
1!
1"
#96380
0!
0"
1:
05
14
03
1+
1&
0%
#96385
1!
1"
#96390
0!
0"
1:
0$
15
13
00
1/
1'
0&
#96395
1!
1"
#96400
0!
0"
1:
1$
02
10
0/
0*
1)
0'
1&
#96405
1!
1"
#96410
0!
0"
1:
0$
03
1/
1-
1,
0+
1*
1(
1'
#96415
1!
1"
#96420
0!
0"
1:
05
04
12
00
1+
0*
0'
0&
#96425
1!
1"
#96430
0!
0"
1:
1$
15
14
02
10
0/
0.
0-
0+
0(
1'
1&
#96435
1!
1"
#96440
0!
0"
1:
11
05
04
12
0&
#96445
1!
1"
b1000101 6
#96450
0!
0"
1:
01
13
1/
1.
0,
1+
0'
1&
#96455
1!
1"
#96460
0!
0"
1:
03
02
00
0.
1,
1*
1'
#96465
1!
1"
#96470
0!
0"
1:
14
13
12
10
0/
1-
0+
0*
0)
0'
1%
#96475
1!
1"
#96480
0!
0"
1:
0$
15
03
02
00
1/
0-
1+
1(
#96485
1!
1"
#96490
0!
0"
1:
1$
05
12
0,
0&
#96495
1!
1"
#96500
0!
0"
1:
0$
04
13
02
0/
1.
1-
1&
#96505
1!
1"
#96510
0!
0"
1:
1$
11
14
03
0.
0-
1,
1)
0(
1'
0&
#96515
1!
1"
b10010001 6
#96520
0!
0"
1:
0$
13
1/
1*
0)
1&
0%
#96525
1!
1"
b11110010 6
#96530
0!
0"
1:
1$
15
04
12
10
0/
1.
0,
1(
0'
1%
#96535
1!
1"
b11101111 6
#96540
0!
0"
1:
05
02
00
1/
0+
0*
1)
1'
#96545
1!
1"
b10100111 6
#96550
0!
0"
1:
0$
01
03
12
0.
1,
1+
0(
0&
0%
#96555
1!
1"
#96560
0!
0"
1:
15
02
10
1.
1-
0,
0+
1(
1%
#96565
1!
1"
#96570
0!
0"
1:
1$
11
05
13
12
0.
1+
1*
0)
0(
0'
1&
#96575
1!
1"
b11001 6
#96580
0!
0"
1:
0$
15
14
1,
1)
0&
0%
#96585
1!
1"
b10000110 6
#96590
0!
0"
1:
1$
01
05
03
1.
0-
0,
1&
1%
#96595
1!
1"
#96600
0!
0"
1:
11
13
02
1-
1,
0+
0&
#96605
1!
1"
b11110010 6
#96610
0!
0"
1:
12
00
0*
1(
#96615
1!
1"
b11000101 6
#96620
0!
0"
1:
0$
10
0.
0,
0(
1'
1&
0%
#96625
1!
1"
#96630
0!
0"
1:
1$
15
04
03
02
00
0/
1*
1(
#96635
1!
1"
b10001011 6
#96640
0!
0"
1:
12
1+
0*
0'
0&
#96645
1!
1"
b10011110 6
#96650
0!
0"
1:
0$
01
05
14
13
02
10
0-
0+
1*
0)
1&
#96655
1!
1"
#96660
0!
0"
1:
1$
15
00
1.
1-
1,
1+
1'
1%
#96665
1!
1"
#96670
0!
0"
1:
0$
11
05
0.
0,
0+
0(
0&
0%
#96675
1!
1"
b11110010 6
#96680
0!
0"
1:
15
03
12
1.
1+
1(
1%
#96685
1!
1"
b1100011 6
#96690
0!
0"
1:
13
02
10
1/
0.
1,
1)
0(
#96695
1!
1"
b11001000 6
#96700
0!
0"
1:
1$
01
04
03
12
00
1.
0-
0,
0)
1&
0%
#96705
1!
1"
#96710
0!
0"
1:
0$
11
14
13
10
1-
1,
0+
0*
1)
0'
0&
#96715
1!
1"
b1111100 6
#96720
0!
0"
1:
04
03
02
0/
1+
0)
1%
#96725
1!
1"
b10101000 6
#96730
0!
0"
1:
01
12
1/
0.
0,
1(
1'
1&
#96735
1!
1"
#96740
0!
0"
1:
1$
11
14
13
00
0-
0+
0&
0%
#96745
1!
1"
b1111100 6
#96750
0!
0"
1:
0$
01
05
04
02
0/
1.
1-
1*
1)
0'
1&
#96755
1!
1"
#96760
0!
0"
1:
11
14
12
10
1,
0)
0(
1'
1%
#96765
1!
1"
b11000101 6
#96770
0!
0"
1:
1$
01
15
04
02
1/
0.
1(
0&
#96775
1!
1"
#96780
0!
0"
1:
05
14
12
00
1.
0-
1+
0*
1)
1&
0%
#96785
1!
1"
#96790
0!
0"
1:
15
04
10
1-
0,
1*
0)
1%
#96795
1!
1"
#96800
0!
0"
1:
0$
11
14
03
02
00
0-
1,
0+
1)
0(
0'
0&
0%
#96805
1!
1"
b10 6
#96810
0!
0"
1:
10
0.
1+
0)
1(
01
#96815
1!
1"
#96820
0!
0"
1:
1$
11
05
13
12
00
1.
0*
0(
1'
1&
#96825
1!
1"
b11000101 6
#96830
0!
0"
1:
0$
03
10
0/
1-
0,
1)
1(
0'
#96835
1!
1"
b10110000 6
#96840
0!
0"
1:
1$
01
13
00
1/
0-
1,
0+
1'
0&
#96845
1!
1"
#96850
0!
0"
1:
0$
15
03
02
0/
0.
0,
1+
0)
0(
0'
1%
#96855
1!
1"
#96860
0!
0"
1:
1$
05
12
10
1.
1,
1)
1&
#96865
1!
1"
#96870
0!
0"
1:
0$
11
02
0.
1-
0+
1*
0&
#96875
1!
1"
b10010001 6
#96880
0!
0"
1:
1$
1/
1.
0,
0*
1(
1&
#96885
1!
1"
#96890
0!
0"
1:
01
13
12
1*
0)
1'
0%
#96895
1!
1"
#96900
0!
0"
1:
15
03
02
0/
0.
1,
1+
1)
0'
1%
#96905
1!
1"
#96910
0!
0"
1:
05
04
13
12
00
1/
1.
0+
0)
1'
0&
0%
#96915
1!
1"
#96920
0!
0"
1:
15
03
02
0.
1+
1)
0(
1&
1%
#96925
1!
1"
#96930
0!
0"
1:
0$
11
05
14
12
0+
0*
1(
0'
0&
#96935
1!
1"
b10110000 6
#96940
0!
0"
1:
1$
0/
0,
1+
0(
1'
0%
01
#96945
1!
1"
#96950
0!
0"
1:
0$
11
15
1/
1,
0+
1(
0'
1%
#96955
1!
1"
b1011011 6
#96960
0!
0"
1:
01
13
1+
1*
0(
1'
#96965
1!
1"
#96970
0!
0"
1:
1$
05
04
1.
0-
0,
0+
0)
0%
#96975
1!
1"
#96980
0!
0"
1:
0$
11
15
10
0/
1-
1+
0*
1)
1(
0'
1%
#96985
1!
1"
b11111001 6
#96990
0!
0"
1:
01
03
02
00
1/
0+
0)
#96995
1!
1"
#97000
0!
0"
1:
10
0/
1,
1*
0(
1&
11
#97005
1!
1"
b10101000 6
#97010
0!
0"
1:
01
14
13
12
1/
0.
0,
1)
1(
0%
#97015
1!
1"
#97020
0!
0"
1:
1$
05
04
03
02
00
1.
1%
#97025
1!
1"
#97030
0!
0"
1:
0$
15
14
10
0/
0.
1+
0*
0(
0%
#97035
1!
1"
#97040
0!
0"
1:
1$
05
04
12
00
1/
1.
0-
#97045
1!
1"
#97050
0!
0"
1:
13
02
10
0.
1-
1,
0+
1*
0)
1(
0&
1%
#97055
1!
1"
#97060
0!
0"
1:
0$
14
00
0/
1.
0*
1)
0(
0%
#97065
1!
1"
#97070
0!
0"
1:
15
03
12
10
1/
0.
1*
1(
1%
#97075
1!
1"
#97080
0!
0"
1:
04
02
1.
0-
0,
0*
1'
#97085
1!
1"
#97090
0!
0"
1:
1$
1,
1+
1&
0%
11
#97095
1!
1"
#97100
0!
0"
1:
0$
13
12
0.
0,
1*
0)
1%
#97105
1!
1"
b11001110 6
#97110
0!
0"
1:
1$
03
00
0+
0*
0(
0'
0&
0%
#97115
1!
1"
b1011011 6
#97120
0!
0"
1:
0$
14
13
0/
1*
1'
1%
#97125
1!
1"
b1101111 6
#97130
0!
0"
1:
05
03
1/
1.
1-
1+
0*
1(
0'
0%
#97135
1!
1"
b10110000 6
#97140
0!
0"
1:
1$
01
15
13
0-
1,
1*
1&
1%
#97145
1!
1"
#97150
0!
0"
1:
11
05
0/
0.
1-
1)
0&
0%
#97155
1!
1"
b11111010 6
#97160
0!
0"
1:
0$
10
1/
0-
1'
1&
01
#97165
1!
1"
#97170
0!
0"
1:
11
03
02
1.
1-
0,
0)
0(
#97175
1!
1"
b1000110 6
#97180
0!
0"
1:
1$
01
04
0/
1,
0+
1)
1(
1%
#97185
1!
1"
#97190
0!
0"
1:
0$
11
12
00
1/
0-
1+
0*
0)
0'
#97195
1!
1"
b11011111 6
#97200
0!
0"
1:
02
0.
1-
0(
1'
#97205
1!
1"
b10 6
#97210
0!
0"
1:
10
1.
0-
0,
0&
0%
01
#97215
1!
1"
#97220
0!
0"
1:
15
12
0.
1-
1(
1&
1%
#97225
1!
1"
#97230
0!
0"
1:
1$
05
00
0-
1,
0+
1)
#97235
1!
1"
#97240
0!
0"
1:
15
14
10
0/
1-
0,
1+
0)
#97245
1!
1"
#97250
0!
0"
1:
0$
11
05
04
13
02
00
1/
1,
0+
1)
0(
0'
0&
#97255
1!
1"
b10100110 6
#97260
0!
0"
1:
1$
01
14
0,
1+
1(
1&
0%
#97265
1!
1"
#97270
0!
0"
1:
04
10
0)
0(
1'
0&
#97275
1!
1"
#97280
0!
0"
1:
14
12
0/
1.
0-
1,
0+
1)
0'
1&
#97285
1!
1"
#97290
0!
0"
1:
15
04
02
1-
1+
1*
1'
#97295
1!
1"
#97300
0!
0"
1:
14
12
00
0-
0,
0+
0*
1%
#97305
1!
1"
#97310
0!
0"
1:
0$
05
10
1(
0%
#97315
1!
1"
#97320
0!
0"
1:
1$
04
03
00
1/
0.
1+
0)
0'
0&
#97325
1!
1"
#97330
0!
0"
1:
02
0/
0+
1&
#97335
1!
1"
#97340
0!
0"
1:
15
14
10
1/
1-
1,
0(
1'
0&
1%
#97345
1!
1"
#97350
0!
0"
1:
0$
11
13
12
0/
1.
0-
0,
1*
1)
1(
1&
#97355
1!
1"
b101001 6
#97360
0!
0"
1:
1$
01
05
03
02
1/
0.
1-
1,
0)
0&
0%
#97365
1!
1"
#97370
0!
0"
1:
0$
1.
0*
1)
0'
1%
#97375
1!
1"
#97380
0!
0"
1:
1$
15
04
13
00
0/
0.
0,
1'
0%
#97385
1!
1"
#97390
0!
0"
1:
05
03
12
10
1/
1.
0-
1,
1+
0'
1&
1%
#97395
1!
1"
#97400
0!
0"
1:
0$
15
13
1-
0,
0+
1'
0%
#97405
1!
1"
#97410
0!
0"
1:
05
14
02
0/
0.
0-
0)
0(
#97415
1!
1"
#97420
0!
0"
1:
1$
1/
1.
1-
1+
1*
0'
11
#97425
1!
1"
b11111101 6
#97430
0!
0"
1:
01
04
03
12
00
0/
1,
0+
0*
1%
#97435
1!
1"
#97440
0!
0"
1:
0$
11
15
14
02
10
0-
0,
1*
1)
1(
1'
0&
#97445
1!
1"
b10001000 6
#97450
0!
0"
1:
05
13
12
1/
1-
1,
1+
0*
0(
0'
1&
0%
#97455
1!
1"
b10000100 6
#97460
0!
0"
1:
1$
15
0.
0+
1*
0)
1'
0&
#97465
1!
1"
b101001 6
#97470
0!
0"
1:
0$
05
02
0/
0-
0*
1)
1&
1%
#97475
1!
1"
b11111101 6
#97480
0!
0"
1:
01
15
04
12
00
0,
1*
1(
0'
#97485
1!
1"
#97490
0!
0"
1:
11
05
03
02
10
1/
1+
0&
0%
#97495
1!
1"
b10 6
#97500
0!
0"
1:
1$
01
15
13
12
1-
1,
0+
0*
0)
1&
1%
#97505
1!
1"
#97510
0!
0"
1:
03
00
0-
0,
1+
0(
1'
#97515
1!
1"
#97520
0!
0"
1:
11
05
14
10
1.
1,
0+
1*
1(
0'
0%
#97525
1!
1"
b11011 6
#97530
0!
0"
1:
0$
15
13
02
0,
1+
0*
0(
1'
#97535
1!
1"
b10110111 6
#97540
0!
0"
1:
05
04
03
00
0/
0+
1*
1%
#97545
1!
1"
b10 6
#97550
0!
0"
1:
1$
15
14
13
10
1,
1+
1)
0'
#97555
1!
1"
b10110111 6
#97560
0!
0"
1:
0$
01
05
04
00
1/
0.
1-
0*
1(
1'
0%
#97565
1!
1"
#97570
0!
0"
1:
1$
11
14
03
1.
0-
0+
1*
0(
0'
1%
#97575
1!
1"
b1011011 6
#97580
0!
0"
1:
0$
04
13
12
10
0/
0.
1-
0,
1+
0*
0)
1(
1'
0&
0%
#97585
1!
1"
b11010110 6
#97590
0!
0"
1:
1$
1/
1.
1,
0+
1)
0(
0'
#97595
1!
1"
#97600
0!
0"
1:
14
02
0.
0-
0,
1+
1*
1%
#97605
1!
1"
b11111101 6
#97610
0!
0"
1:
04
12
1-
1,
0+
0)
1&
#97615
1!
1"
b11010110 6
#97620
0!
0"
1:
0$
15
03
00
0/
1.
0,
0*
1)
1(
1'
0&
#97625
1!
1"
b1011011 6
#97630
0!
0"
1:
02
0-
1,
1*
0(
0'
0%
#97635
1!
1"
b100010 6
#97640
0!
0"
1:
1$
01
05
13
12
1/
0.
1-
1+
#97645
1!
1"
#97650
0!
0"
1:
15
14
10
0/
0,
0)
#97655
1!
1"
#97660
0!
0"
1:
0$
11
02
00
1/
0-
0+
1)
1&
#97665
1!
1"
b10110111 6
#97670
0!
0"
1:
1$
04
03
10
1.
0*
1(
1'
#97675
1!
1"
b100010 6
#97680
0!
0"
1:
0$
1-
1,
0(
0'
01
#97685
1!
1"
#97690
0!
0"
1:
11
05
13
00
0/
0-
0,
1*
1'
0&
#97695
1!
1"
b1101111 6
#97700
0!
0"
1:
1$
03
10
0.
1,
1+
0)
0'
1%
#97705
1!
1"
b1101001 6
#97710
0!
0"
1:
01
15
14
1.
0+
1)
1(
0%
#97715
1!
1"
#97720
0!
0"
1:
05
04
12
1-
0*
0)
1&
1%
#97725
1!
1"
#97730
0!
0"
1:
0$
11
14
13
0.
0-
1*
1)
0(
0&
0%
#97735
1!
1"
b100010 6
#97740
0!
0"
1:
01
15
04
0,
1+
0)
1'
1%
#97745
1!
1"
#97750
0!
0"
1:
05
14
1/
1.
1,
0+
1&
#97755
1!
1"
#97760
0!
0"
1:
1$
04
00
0.
1-
0,
1+
0*
1(
0'
0&
0%
#97765
1!
1"
#97770
0!
0"
1:
0$
11
15
14
03
10
1.
0+
0(
1'
1&
1%
#97775
1!
1"
b1011011 6
#97780
0!
0"
1:
1$
01
05
04
13
02
0.
0-
1,
1+
1*
1)
0'
0&
0%
#97785
1!
1"
#97790
0!
0"
1:
0$
11
15
14
12
00
0*
1(
1'
#97795
1!
1"
b101001 6
#97800
0!
0"
1:
10
1.
0,
0+
0)
0(
1&
01
#97805
1!
1"
#97810
0!
0"
1:
1$
11
04
02
00
0/
1)
1(
0&
1%
#97815
1!
1"
b1010111 6
#97820
0!
0"
1:
01
05
03
10
1/
0.
1-
0(
0'
0%
#97825
1!
1"
#97830
0!
0"
1:
14
13
12
1.
1+
1(
1'
#97835
1!
1"
#97840
0!
0"
1:
0$
0.
0+
0)
1%
#97845
1!
1"
#97850
0!
0"
1:
11
15
04
0-
1)
#97855
1!
1"
b11101 6
#97860
0!
0"
1:
1$
01
05
0/
1.
1-
1+
0(
0'
0%
#97865
1!
1"
#97870
0!
0"
1:
0$
11
15
14
03
0-
1,
0)
1(
1'
1&
1%
#97875
1!
1"
b10000100 6
#97880
0!
0"
1:
1$
05
13
00
0.
1*
1)
0'
0&
#97885
1!
1"
b100010 6
#97890
0!
0"
1:
0$
01
15
02
10
0,
0(
1&
0%
#97895
1!
1"
#97900
0!
0"
1:
1$
11
12
00
1/
1.
1-
0)
1(
1%
#97905
1!
1"
b101001 6
#97910
0!
0"
1:
02
10
0.
0-
1)
0(
1'
0&
0%
#97915
1!
1"
b10000111 6
#97920
0!
0"
1:
01
05
04
03
12
0/
1.
0)
1(
0'
1%
#97925
1!
1"
#97930
0!
0"
1:
0$
15
14
00
0+
0*
0(
1'
0%
#97935
1!
1"
#97940
0!
0"
1:
13
02
1-
1,
1*
0'
1&
#97945
1!
1"
#97950
0!
0"
1:
1$
11
05
04
03
0*
1)
1'
#97955
1!
1"
b10101101 6
#97960
0!
0"
1:
0$
01
14
13
12
1/
0.
0,
1*
1(
#97965
1!
1"
#97970
0!
0"
1:
1$
04
1.
0-
0)
1%
#97975
1!
1"
#97980
0!
0"
1:
0$
11
02
10
0/
0.
1-
1+
0*
1)
0(
#97985
1!
1"
b1101111 6
#97990
0!
0"
1:
15
14
12
00
1/
1.
0+
1*
0&
0%
#97995
1!
1"
b1000110 6
#98000
0!
0"
1:
0.
0-
1+
0*
1(
0'
1&
01
#98005
1!
1"
#98010
0!
0"
1:
10
0&
11
#98015
1!
1"
#98020
0!
0"
1:
05
04
03
00
0/
1,
1*
1'
1%
#98025
1!
1"
b1110001 6
#98030
0!
0"
1:
1$
15
14
02
1/
1.
0,
0+
0)
1&
0%
#98035
1!
1"
b10101111 6
#98040
0!
0"
1:
0$
05
13
0/
1-
0(
0'
0&
#98045
1!
1"
b10011100 6
#98050
0!
0"
1:
1$
15
04
03
12
10
1/
0.
0-
0*
1)
1'
#98055
1!
1"
b1100101 6
#98060
0!
0"
1:
01
05
13
02
1-
0)
#98065
1!
1"
#98070
0!
0"
1:
0$
0/
1+
1*
1%
#98075
1!
1"
#98080
0!
0"
1:
1$
15
14
03
1,
0+
0*
1&
#98085
1!
1"
#98090
0!
0"
1:
05
04
13
00
0,
1)
0&
0%
#98095
1!
1"
#98100
0!
0"
1:
03
12
10
1.
1*
1(
0'
#98105
1!
1"
#98110
0!
0"
1:
0$
11
13
00
0.
1+
0(
#98115
1!
1"
b1011011 6
#98120
0!
0"
1:
03
10
0-
1,
0*
0)
1&
1%
#98125
1!
1"
b1110001 6
#98130
0!
0"
1:
01
02
00
1/
1.
1-
0+
1*
1)
0%
#98135
1!
1"
#98140
0!
0"
1:
1$
11
15
14
12
10
0/
0.
0)
1(
1'
1%
#98145
1!
1"
b10000100 6
#98150
0!
0"
1:
0$
04
13
1+
0*
1)
0'
0&
0%
#98155
1!
1"
b1101110 6
#98160
0!
0"
1:
1$
05
14
00
0(
1&
1%
#98165
1!
1"
b11001 6
#98170
0!
0"
1:
0$
15
03
10
1/
0+
1'
0%
#98175
1!
1"
b10000100 6
#98180
0!
0"
1:
1$
1.
0-
1+
0'
1%
#98185
1!
1"
#98190
0!
0"
1:
00
0,
1*
0%
01
#98195
1!
1"
#98200
0!
0"
1:
0$
05
02
0.
0)
1(
1%
#98205
1!
1"
#98210
0!
0"
1:
1$
15
04
13
12
1.
1-
1,
1'
0&
0%
#98215
1!
1"
#98220
0!
0"
1:
0$
11
02
10
0/
0.
0,
0+
0(
0'
1&
1%
#98225
1!
1"
b1010111 6
#98230
0!
0"
1:
1$
14
1/
1.
1,
1'
0%
#98235
1!
1"
b1000110 6
#98240
0!
0"
1:
01
05
03
00
0-
0,
1+
1(
#98245
1!
1"
#98250
0!
0"
1:
12
10
0/
1,
1)
0&
#98255
1!
1"
#98260
0!
0"
1:
11
15
04
02
1/
0.
0,
0*
0)
0(
0'
1%
#98265
1!
1"
b11001101 6
#98270
0!
0"
1:
00
0/
1-
1&
01
#98275
1!
1"
#98280
0!
0"
1:
0$
11
05
12
1/
1.
0-
0+
1)
1(
#98285
1!
1"
b100011 6
#98290
0!
0"
1:
1$
14
1-
1,
1'
0&
#98295
1!
1"
b11011 6
#98300
0!
0"
1:
0$
01
04
0-
0,
1+
1*
0(
0'
0%
#98305
1!
1"
#98310
0!
0"
1:
15
14
10
0/
0.
1,
0)
1(
#98315
1!
1"
#98320
0!
0"
1:
1$
05
04
13
1.
1-
1)
0(
1'
1&
#98325
1!
1"
#98330
0!
0"
1:
02
1/
0.
0-
0*
0)
1(
#98335
1!
1"
#98340
0!
0"
1:
11
03
12
1.
1-
0+
1*
0(
0'
#98345
1!
1"
b100011 6
#98350
0!
0"
1:
02
00
0-
1+
1(
1'
0&
#98355
1!
1"
b10101101 6
#98360
0!
0"
1:
0$
13
0.
0,
0(
0'
1&
1%
#98365
1!
1"
b1011111 6
#98370
0!
0"
1:
15
14
0/
1-
1,
0+
0*
1)
1(
1'
0&
#98375
1!
1"
b110011 6
#98380
0!
0"
1:
04
1/
0)
0'
#98385
1!
1"
b1010111 6
#98390
0!
0"
1:
03
10
0/
0,
1+
1)
0(
#98395
1!
1"
b11001101 6
#98400
0!
0"
1:
1$
01
05
1/
1.
0-
1,
0)
1'
1&
#98405
1!
1"
#98410
0!
0"
1:
0$
15
14
12
0/
0.
1-
0+
1)
0&
0%
#98415
1!
1"
#98420
0!
0"
1:
00
1/
0-
0,
1+
0)
0'
1&
11
#98425
1!
1"
b10011110 6
#98430
0!
0"
1:
1$
01
05
13
02
1.
0+
1*
1)
#98435
1!
1"
#98440
0!
0"
1:
0$
11
15
0/
0.
1-
0)
1(
1'
1%
#98445
1!
1"
b110011 6
#98450
0!
0"
1:
1$
05
04
03
10
1.
0-
1,
1)
0&
#98455
1!
1"
b10101101 6
#98460
0!
0"
1:
0$
01
14
12
00
1/
0.
1-
0,
0*
0)
0(
0'
1&
#98465
1!
1"
#98470
0!
0"
1:
13
10
0-
1,
1+
1*
1'
#98475
1!
1"
#98480
0!
0"
1:
11
15
00
0/
1-
0+
0*
1(
0'
#98485
1!
1"
b1011001 6
#98490
0!
0"
1:
1$
05
02
10
1/
1.
0-
1*
0%
#98495
1!
1"
b11111101 6
#98500
0!
0"
1:
15
04
03
0/
0(
1'
0&
#98505
1!
1"
b11001101 6
#98510
0!
0"
1:
05
1/
1+
0*
#98515
1!
1"
b10101101 6
#98520
0!
0"
1:
0$
14
12
00
0.
1(
#98525
1!
1"
b11011 6
#98530
0!
0"
1:
1$
01
15
13
1.
0,
1*
0(
0'
#98535
1!
1"
#98540
0!
0"
1:
11
05
03
02
10
0/
0+
0*
1)
1(
1'
1&
1%
#98545
1!
1"
b110111 6
#98550
0!
0"
1:
01
04
13
12
00
0.
1+
0)
0&
#98555
1!
1"
#98560
0!
0"
1:
11
14
02
1.
1-
0+
0(
0'
1&
0%
#98565
1!
1"
b11111101 6
#98570
0!
0"
1:
01
15
12
10
1/
0-
1,
1+
1*
1)
1'
#98575
1!
1"
#98580
0!
0"
1:
0$
11
05
04
03
02
0/
0+
1(
0'
#98585
1!
1"
b1100110 6
#98590
0!
0"
1:
13
12
0.
1-
0)
1'
#98595
1!
1"
b101000 6
#98600
0!
0"
1:
01
14
03
02
00
1.
0-
0*
0(
#98605
1!
1"
#98610
0!
0"
1:
1$
13
1/
0.
1*
1%
#98615
1!
1"
#98620
0!
0"
1:
0$
15
03
1-
0*
1(
0'
#98625
1!
1"
#98630
0!
0"
1:
11
13
0/
1.
0,
1+
1*
1)
#98635
1!
1"
b110011 6
#98640
0!
0"
1:
1$
01
05
04
03
12
10
0+
0*
0)
0&
0%
#98645
1!
1"
#98650
0!
0"
1:
15
13
02
00
1/
0-
1,
1*
1)
0(
1%
#98655
1!
1"
#98660
0!
0"
1:
14
10
0.
0,
1+
0%
#98665
1!
1"
#98670
0!
0"
1:
0$
11
05
04
00
0/
1.
1,
0+
0*
0)
#98675
1!
1"
b1100 6
#98680
0!
0"
1:
1$
15
03
12
0.
1+
1*
1)
1&
#98685
1!
1"
b1100101 6
#98690
0!
0"
1:
01
14
13
1.
0,
0+
0*
#98695
1!
1"
#98700
0!
0"
1:
0.
1-
1,
1*
0)
1'
#98705
1!
1"
#98710
0!
0"
1:
11
04
10
0,
1+
0*
1)
1(
0&
1%
#98715
1!
1"
b1101110 6
#98720
0!
0"
1:
0$
01
05
14
03
00
0-
0+
1*
0)
0(
0'
1&
#98725
1!
1"
#98730
0!
0"
1:
1$
11
04
02
10
1-
1+
0*
1)
1(
1'
0%
#98735
1!
1"
b11100011 6
#98740
0!
0"
1:
01
15
1/
1.
0-
0+
1*
#98745
1!
1"
#98750
0!
0"
1:
05
12
00
0/
0.
1-
1,
0*
0)
0(
0&
#98755
1!
1"
#98760
0!
0"
1:
14
02
1.
0-
1+
1(
0'
1&
1%
#98765
1!
1"
#98770
0!
0"
1:
0$
11
13
10
0.
1-
1*
1)
0%
#98775
1!
1"
b1011000 6
#98780
0!
0"
1:
1$
01
04
12
00
0*
0)
#98785
1!
1"
#98790
0!
0"
1:
11
15
14
03
10
1.
0-
0,
0+
1'
1%
#98795
1!
1"
b10101001 6
#98800
0!
0"
1:
0$
01
04
00
1/
0.
1,
0(
#98805
1!
1"
#98810
0!
0"
1:
1$
0/
1-
0,
1)
0%
#98815
1!
1"
#98820
0!
0"
1:
0$
14
13
1/
1.
1+
1*
0)
0'
#98825
1!
1"
#98830
0!
0"
1:
1$
11
04
02
10
0-
1'
0&
1%
#98835
1!
1"
b111000 6
#98840
0!
0"
1:
0$
05
14
03
12
00
0/
1-
0*
1&
#98845
1!
1"
b1100111 6
#98850
0!
0"
1:
15
13
02
10
1/
0.
0-
0+
1*
1)
1(
0&
0%
#98855
1!
1"
b11000111 6
#98860
0!
0"
1:
05
00
0/
0*
0(
1&
1%
#98865
1!
1"
b10001000 6
#98870
0!
0"
1:
1$
15
10
1.
1*
0%
#98875
1!
1"
b11000111 6
#98880
0!
0"
1:
01
05
04
12
0.
1-
0)
#98885
1!
1"
#98890
0!
0"
1:
0$
15
03
02
00
1/
1.
0-
1,
0&
#98895
1!
1"
#98900
0!
0"
1:
05
13
12
0/
0.
0,
1+
1)
1%
#98905
1!
1"
#98910
0!
0"
1:
11
02
10
1/
1.
1,
0+
0*
0'
0%
#98915
1!
1"
b10000100 6
#98920
0!
0"
1:
1$
01
14
03
12
0/
0.
0,
1*
0)
1&
#98925
1!
1"
#98930
0!
0"
1:
0$
11
15
04
02
00
1/
1-
1+
0&
1%
#98935
1!
1"
b1101 6
#98940
0!
0"
1:
13
10
1.
0-
1,
1)
1'
0%
#98945
1!
1"
b111000 6
#98950
0!
0"
1:
01
14
12
00
0/
0.
1-
0,
0*
1(
0'
1%
#98955
1!
1"
#98960
0!
0"
1:
1$
05
1/
0)
1'
#98965
1!
1"
#98970
0!
0"
1:
15
04
0-
1,
0+
1*
0(
#98975
1!
1"
#98980
0!
0"
1:
11
14
03
02
10
1+
0*
0'
#98985
1!
1"
b1110110 6
#98990
0!
0"
1:
01
04
13
00
1*
1(
1'
0%
#98995
1!
1"
#99000
0!
0"
1:
05
14
03
10
1.
0+
0(
1&
1%
#99005
1!
1"
#99010
0!
0"
1:
11
12
00
1-
0,
1+
1(
0%
#99015
1!
1"
b1010010 6
#99020
0!
0"
1:
0$
15
02
0-
1,
0+
1)
0(
0'
#99025
1!
1"
b1110010 6
#99030
0!
0"
1:
1$
01
04
10
0/
0.
1-
0,
1+
0)
1(
#99035
1!
1"
#99040
0!
0"
1:
0$
12
1/
1.
1,
1)
#99045
1!
1"
#99050
0!
0"
1:
11
05
14
02
0.
0-
0)
0&
1%
#99055
1!
1"
b11000 6
#99060
0!
0"
1:
1$
01
15
12
1.
1-
0*
0(
0%
#99065
1!
1"
#99070
0!
0"
1:
11
04
0-
0,
1*
1)
1'
1&
1%
#99075
1!
1"
b1100101 6
#99080
0!
0"
1:
01
05
14
02
0/
0.
1-
1,
0+
0*
0)
1(
0'
#99085
1!
1"
#99090
0!
0"
1:
04
13
12
00
1/
0-
0,
1+
0&
#99095
1!
1"
#99100
0!
0"
1:
0$
11
03
02
10
0/
1-
1,
0+
1*
0(
1'
1&
#99105
1!
1"
b111111 6
#99110
0!
0"
1:
1$
01
15
13
1/
1.
1+
0*
0'
#99115
1!
1"
#99120
0!
0"
1:
05
12
0,
1'
0&
#99125
1!
1"
#99130
0!
0"
1:
15
03
00
0/
0-
0+
1&
0%
#99135
1!
1"
#99140
0!
0"
1:
10
1/
1-
1+
1(
0&
1%
#99145
1!
1"
#99150
0!
0"
1:
11
05
13
00
0/
0.
0+
0'
1&
0%
#99155
1!
1"
#99160
0!
0"
1:
0$
01
14
03
1/
1.
0-
1+
1*
1)
1'
#99165
1!
1"
#99170
0!
0"
1:
15
04
10
0/
0*
0(
1%
#99175
1!
1"
#99180
0!
0"
1:
1$
05
13
02
0.
1,
0+
1(
0'
#99185
1!
1"
#99190
0!
0"
1:
0$
11
15
12
1.
0,
0)
0(
0&
0%
#99195
1!
1"
b10010001 6
#99200
0!
0"
1:
14
1/
1,
1'
1%
#99205
1!
1"
b101 6
#99210
0!
0"
1:
04
00
0.
0,
1*
1&
0%
#99215
1!
1"
b10010001 6
#99220
0!
0"
1:
1$
01
05
0/
1,
0*
1(
1%
#99225
1!
1"
#99230
0!
0"
1:
0$
15
02
1.
1-
0,
1+
1*
1)
#99235
1!
1"
#99240
0!
0"
1:
1$
11
05
14
12
0.
1,
0*
0%
#99245
1!
1"
b11100111 6
#99250
0!
0"
1:
01
15
03
02
1/
1.
0,
0)
0(
0'
0&
#99255
1!
1"
#99260
0!
0"
1:
0$
11
05
04
10
0/
1,
0+
1)
1(
1%
#99265
1!
1"
b101110 6
#99270
0!
0"
1:
1/
0.
0(
0%
#99275
1!
1"
#99280
0!
0"
1:
1$
01
12
0/
0-
0,
1+
1*
0)
1(
1'
#99285
1!
1"
#99290
0!
0"
1:
15
14
13
00
1.
1-
1,
0*
0(
1%
#99295
1!
1"
#99300
0!
0"
1:
05
04
02
10
0-
0,
0+
1(
0'
#99305
1!
1"
#99310
0!
0"
1:
15
14
12
00
1/
1-
1,
1+
1*
1'
1&
#99315
1!
1"
#99320
0!
0"
1:
0$
04
0.
0+
0*
0(
0&
#99325
1!
1"
#99330
0!
0"
1:
11
05
14
02
10
0/
0,
1)
1(
0'
0%
#99335
1!
1"
b100 6
#99340
0!
0"
1:
1$
15
12
1+
0)
0(
1'
1&
1%
#99345
1!
1"
b1111110 6
#99350
0!
0"
1:
0$
01
05
04
03
02
0+
1*
1(
0'
#99355
1!
1"
#99360
0!
0"
1:
11
15
14
13
12
00
1.
1,
1+
0*
0&
0%
#99365
1!
1"
#99370
0!
0"
1:
1$
01
05
10
1/
0.
1*
0(
1'
#99375
1!
1"
#99380
0!
0"
1:
0$
15
04
03
0-
0,
1)
1(
1%
#99385
1!
1"
#99390
0!
0"
1:
1$
05
02
00
1-
1,
0*
0(
0'
#99395
1!
1"
#99400
0!
0"
1:
14
13
1.
0-
1*
1&
#99405
1!
1"
#99410
0!
0"
1:
0$
03
10
0.
0,
0*
0)
0%
#99415
1!
1"
#99420
0!
0"
1:
11
15
04
0/
1-
1,
0+
1'
#99425
1!
1"
b1101 6
#99430
0!
0"
1:
1$
14
13
12
1/
0-
1+
0'
#99435
1!
1"
b1111110 6
#99440
0!
0"
1:
01
05
04
03
02
00
1-
0,
1*
1(
1'
#99445
1!
1"
#99450
0!
0"
1:
0$
11
14
12
10
0+
0*
0&
#99455
1!
1"
b111100 6
#99460
0!
0"
1:
1$
01
04
0/
1+
1*
0(
0'
1&
1%
#99465
1!
1"
#99470
0!
0"
1:
11
15
00
1.
0-
0+
0*
1)
1(
#99475
1!
1"
b101 6
#99480
0!
0"
1:
0$
01
05
14
02
10
1-
1,
1*
#99485
1!
1"
#99490
0!
0"
1:
11
15
04
12
00
0.
0-
0,
1+
0)
0(
0%
#99495
1!
1"
#99500
0!
0"
1:
05
14
10
1/
1.
0*
0&
1%
#99505
1!
1"
b111100 6
#99510
0!
0"
1:
1$
01
04
13
1,
1(
1'
0%
#99515
1!
1"
#99520
0!
0"
1:
0$
15
14
03
00
0.
1*
1)
0'
1&
#99525
1!
1"
#99530
0!
0"
1:
1$
13
0/
1.
0,
0+
0(
#99535
1!
1"
#99540
0!
0"
1:
0$
11
04
1-
0*
1'
1%
#99545
1!
1"
b10000100 6
#99550
0!
0"
1:
1$
01
14
02
1,
1*
1(
0&
0%
#99555
1!
1"
#99560
0!
0"
1:
0$
05
04
03
12
10
1/
0,
1+
0)
1&
1%
#99565
1!
1"
#99570
0!
0"
1:
11
15
02
0/
0.
0+
0*
0&
#99575
1!
1"
b1101 6
#99580
0!
0"
1:
01
14
12
1/
1*
1)
0(
0'
1&
0%
#99585
1!
1"
#99590
0!
0"
1:
11
05
13
1.
0-
1,
1+
0)
#99595
1!
1"
b101001 6
#99600
0!
0"
1:
1$
01
04
03
00
0/
0+
0*
1(
0&
1%
#99605
1!
1"
#99610
0!
0"
1:
0$
11
13
02
10
1+
0(
#99615
1!
1"
b11000100 6
#99620
0!
0"
1:
15
03
1-
0+
1)
1(
1&
#99625
1!
1"
b1101 6
#99630
0!
0"
1:
12
00
0.
0-
1+
1*
1'
#99635
1!
1"
b10100 6
#99640
0!
0"
1:
1$
01
05
14
13
02
10
1/
1.
1-
0,
0+
0*
0(
0'
0&
#99645
1!
1"
#99650
0!
0"
1:
0$
11
04
0-
1,
1*
0)
1(
1'
#99655
1!
1"
b11000100 6
#99660
0!
0"
1:
1$
15
00
0.
1+
0*
0'
#99665
1!
1"
b1000 6
#99670
0!
0"
1:
01
05
0/
1*
0(
1&
#99675
1!
1"
#99680
0!
0"
1:
15
03
0,
0*
1(
0%
#99685
1!
1"
#99690
0!
0"
1:
0$
11
14
13
12
10
1/
0+
1)
0(
0&
#99695
1!
1"
b1111110 6
#99700
0!
0"
1:
1$
02
00
0/
1.
1-
1,
1(
1'
1&
#99705
1!
1"
b1101010 6
#99710
0!
0"
1:
01
05
04
03
0-
0,
1+
1*
0)
1%
#99715
1!
1"
#99720
0!
0"
1:
0$
11
15
1-
0'
0&
#99725
1!
1"
b1101 6
#99730
0!
0"
1:
1$
14
13
12
0-
1,
0+
0*
0(
0%
#99735
1!
1"
b1100100 6
#99740
0!
0"
1:
0$
05
04
0.
1)
1'
#99745
1!
1"
b1110000 6
#99750
0!
0"
1:
03
02
1/
1.
1-
0,
1*
0)
1(
0'
1%
#99755
1!
1"
b10100 6
#99760
0!
0"
1:
01
14
13
12
10
0/
0.
0-
0*
1)
0(
1&
0%
#99765
1!
1"
#99770
0!
0"
1:
11
02
00
1.
1-
1+
1*
0)
1(
0&
#99775
1!
1"
b100 6
#99780
0!
0"
1:
01
03
12
0.
0-
0*
1%
#99785
1!
1"
#99790
0!
0"
1:
04
13
10
1-
1,
0+
1*
1)
0%
#99795
1!
1"
#99800
0!
0"
1:
11
03
02
00
1.
0,
1+
0)
0(
#99805
1!
1"
b10100 6
#99810
0!
0"
1:
1$
14
10
1/
0.
0*
1(
1%
#99815
1!
1"
b1111011 6
#99820
0!
0"
1:
0$
01
15
13
0/
1.
0-
1*
1)
1&
0%
#99825
1!
1"
#99830
0!
0"
1:
1,
0+
0*
0)
0(
1%
#99835
1!
1"
#99840
0!
0"
1:
1$
11
05
12
00
0.
1-
1+
1)
1(
1'
0%
#99845
1!
1"
b101001 6
#99850
0!
0"
1:
0$
04
03
02
10
1/
1.
0,
0+
0(
0&
#99855
1!
1"
b10100 6
#99860
0!
0"
1:
01
15
12
0/
0.
0-
1,
1*
0)
1(
1&
1%
#99865
1!
1"
#99870
0!
0"
1:
1$
11
13
1/
0,
1+
1)
0(
0'
#99875
1!
1"
b10000100 6
#99880
0!
0"
1:
0$
01
05
14
00
0/
0+
0)
1(
1'
0%
#99885
1!
1"
#99890
0!
0"
1:
10
1/
1+
0*
1)
0&
11
#99895
1!
1"
b101001 6
#99900
0!
0"
1:
15
02
00
1*
0)
1%
#99905
1!
1"
b10111000 6
#99910
0!
0"
1:
05
04
03
12
0/
1.
1,
0*
0(
0'
1&
0%
#99915
1!
1"
b10001111 6
#99920
0!
0"
1:
1$
15
13
10
1/
0.
1-
0,
0+
1*
0&
#99925
1!
1"
b10000100 6
#99930
0!
0"
1:
0$
01
05
14
00
0-
1,
0*
1)
1(
#99935
1!
1"
#99940
0!
0"
1:
11
04
03
02
0/
0,
1*
1'
1&
1%
#99945
1!
1"
b1001011 6
#99950
0!
0"
1:
1$
15
12
1-
1,
1+
0*
0)
0'
0&
0%
#99955
1!
1"
b101011 6
#99960
0!
0"
1:
01
14
13
02
0-
0,
0(
1%
#99965
1!
1"
#99970
0!
0"
1:
11
03
12
10
1/
1.
1,
0+
1*
1&
#99975
1!
1"
b101111 6
#99980
0!
0"
1:
0$
04
13
00
1-
0,
1+
0*
1)
0%
#99985
1!
1"
b10000100 6
#99990
0!
0"
1:
1$
01
14
10
0/
1,
1*
0)
1(
#99995
1!
1"
#100000
0!
0"
1:
0$
11
03
00
1/
0,
0+
1'
#100005
1!
1"
b101111 6
#100010
0!
0"
1:
1$
0/
0*
0(
0'
0&
1%
01
#100015
1!
1"
#100020
0!
0"
1:
0$
1/
0.
1+
1)
1(
11
#100025
1!
1"
#100030
0!
0"
1:
01
13
0/
1.
0)
1'
1&
#100035
1!
1"
#100040
0!
0"
1:
1$
11
04
03
02
0-
0+
1)
0&
#100045
1!
1"
b111000 6
#100050
0!
0"
1:
b0 ;
